1.0
1.0
1.0
1.0
1.0
1.0
1.0
1.1
1.0
1.0
1.0
1.0
1.0
1.0
1.0
1.0
1.0
1.0
1.0
1.0
1.0
1.1
1.0
1.0
1.0
1.0
1.0
1.0
1.0
1.0
1.0
1.0
1.0
1.0
0.9
1.0
1.0
1.0
1.0
1.0
1.0
1.1
1.0
1.0
1.0
1.0
1.1
1.0
1.0
1.0
1.0999999999999999
1.0
1.0
1.0
1.0
0.9
1.0
1.0
1.0
1.0
1.0
1.0
1.1
1.0
1.0
1.1
0.9
1.0
1.0
1.0
0.9
1.0
0.9
1.0
1.0
1.0
1.0
1.0
1.1
1.0
1.0
1.0
1.0
1.1
1.0
1.0
0.89
1.0
1.0
1.0
1.0
1.0
1.0
1.0
1.0
1.0
1.01
0.9900000000000001
1.0
1.101
0.9889999999999999
0.9100000000000001
1.0
1.0999999999999999
0.8900000000000001
1.0
1.0999999999999999
1.0810000000000002
1.0810000000000002
0.9000000000000001
1.0
1.0
1.0
1.0
1.01
0.9900000000000001
1.0
1.01
0.9900000000000001
0.9
1.0
0.9
1.0
1.0
1.0999999999999999
1.0
1.0
1.01
0.9900000000000001
0.9
1.1
0.9989999999999999
0.99
1.0
1.0
0.8999999999999999
1.0
1.0
0.9100000000000001
1.0
0.9100000000000001
1.2008999999999999
0.9
1.0
0.9100000000000001
1.0
1.0
0.9100000000000001
1.0899999999999999
1.0
1.0010000000000001
1.008
0.9100000000000001
1.0
0.9100000000000001
0.9
1.0
1.0
1.0
1.1
0.9
1.1
1.0
1.0
1.0
1.0
1.0
1.0
1.0
1.0101
1.001
1.1
1.0
1.0899999999999999
0.9
1.0
1.0
1.0799999999999998
1.028
1.11
0.8999999999999999
0.8
1.0
1.0
1.0991000000000002
1.0
1.0
1.0
1.0
1.0090000000000001
0.9909999999999999
0.9801000000000001
0.9189999999999999
1.0
1.0
1.0
1.0
1.0
0.9289999999999999
1.089
0.9999999999999999
1.0
0.9927999999999999
0.9892000000000001
0.9819
0.9099999999999999
1.1900000000000002
0.8099999999999999
0.8099999999999998
0.99
0.81
1.0
1.0
1.0
1.0
1.0
1.0
1.0
1.0
1.0
1.0
1.0
1.0
1.0
1.0
1.0
1.0
1.0
1.0
1.0
1.0
1.0
1.0
0.9909999999999999
0.9189999999999999
1.0
0.9089999999999999
0.81
1.0
1.0
1.0
1.109
1.081
1.0
1.0
0.8481899999999999
0.9999999999999999
0.9289999999999999
1.0
1.0
1.0799999999999998
0.9081000000000001
0.9809999999999999
0.9909999999999999
1.1007099999999999
1.009361
0.9792000000000001
0.9189999999999999
1.0
1.0
1.1071000000000002
0.8828999999999999
0.9098999999999999
0.9910000000000001
1.0162
0.9009
0.9154799999999998
0.9999999999999999
1.0
0.9467190000000001
0.863371
1.0
1.16209
0.81081
0.909
0.992
1.009
0.82
1.262
1.276068
1.0
1.0952899999999999
0.7946099999999999
0.90963
0.80928
0.891
1.0999999999999999
1.0
1.01
1.0
1.0981
0.9118999999999999
1.0
0.8999999999999999
1.0910000000000002
1.0350000000000001
0.9171000000000001
0.9189999999999999
1.0
1.009
1.0
0.99209
1.0063
1.00251
1.090361
1.0190190000000001
0.9154539000000002
1.1679680000000001
1.0811
1.0
0.964449
1.001
1.0
1.0
1.0892899999999999
0.92071
1.0
0.9191000000000001
1.0009000000000001
1.0
1.0
0.9271
1.0
1.0080999999999998
0.9999999999999999
0.993511
1.0250768
0.9723931999999998
0.9999999999999999
1.0652220000000001
0.9243389999999999
1.00081
0.9999999999999999
0.9999999999999999
0.9876900000000001
1.0
1.056691
1.0
0.9125539
1.01
1.115443
0.9999999999999999
1.0156601
1.0
1.027361
1.000729
1.0
1.0
0.9889209999999999
1.0
1.08533339
0.928739
1.023932
0.8358650999999999
0.93719
0.9999999999999999
1.0
0.9148502000000001
1.0609019
1.04518829
0.8270000000000001
1.0
0.9188999999999999
0.9162000000000001
0.9089999999999999
1.0
0.91
1.0
1.082
0.9999
1.0811
0.919
1.0
0.98118
1.0
0.90072
1.0999999999999999
0.9999999999999999
0.9999999999999999
1.072432
1.0186389999999999
1.0
1.0748548
1.01980844
0.9751538799999999
1.0
0.9215388
1.0
1.0
0.92229851
1.0205443
0.9228457
1.0
0.9219199
1.08121859
0.94070531
0.9912543999999999
1.0511336999999998
0.96870676
0.943471
1.0
1.0642
0.92945537
1.015342984
0.977638492
1.0
0.94602033
1.02699111
0.91572399
1.0
1.0246978
1.0006561
0.9305611300000001
1.0
0.911921839
0.9406694609999999
1.0852584690000002
0.966183184
0.9491239
1.0
1.0
1.0192263654000002
0.9100900000000002
1.0670527
1.0167751
1.0
0.9999999999999999
1.0185065569
0.9767326221000002
1.0089952409999996
0.9999999999999999
1.0424885609999999
1.0
1.0953280999999997
0.9321230889999998
0.94133557
1.0
0.923353426
0.9912674710000001
1.1078592761
0.90059049
1.2548303256
1.048200921
0.9849711148999999
0.95326859
1.0
0.9541174079999999
1.030015989
1.0894685590000002
0.9147966012000002
0.9674752248999999
0.8190810000000002
0.91863
0.8865799999999999
0.8290000000000001
1.099
1.0
1.189738
0.9099199999999998
0.9001899999999999
1.1089
0.981
1.099929
0.8991710000000002
0.9008999999999999
1.0
1.0
1.171
0.99899
1.0
0.9
0.8999999999999999
1.1209900000000002
1.0790099999999998
1.0100000000000002
1.0899999999999999
1.1228774700000002
1.0
0.915425
0.880822
0.7461
1.0
1.0
0.9
0.9
1.0
1.0
0.81
1.0
1.0
1.0
1.0
1.0
1.0
1.0
1.0
1.0
1.0
1.0
1.0
1.0
1.0
1.0
1.1
1.1
0.9
1.0
1.1
1.0
0.9
1.0
1.1
0.9
1.0
1.1
0.9
0.9
1.0
1.0
1.0
1.1
0.9
1.0
1.0
1.0
1.0
1.0
1.0
1.1
1.0
1.0
1.0
1.0
1.0
1.0
1.0
0.9
1.0
1.19
1.0
0.9
1.19
0.81
1.0
1.0
1.0
1.0
1.1
0.9
1.0
1.0
1.1
0.9
1.0
0.9900000000000001
1.0899999999999999
0.9
1.0
1.0
1.0
1.0
1.0
1.0
0.9
1.0
1.0
1.1
1.0
1.0999999999999999
0.9
1.1
1.0
0.89
1.1
1.0
1.0
1.0
1.0
1.0
1.0
1.0
1.1
1.0
0.9189999999999999
1.0
1.01
0.9
1.21
1.0
0.9
1.0
0.9
1.1
1.0
1.0799999999999998
0.9100000000000001
0.9
1.0
0.9
1.1
1.0
1.0799999999999998
0.9200000000000002
0.89
1.0
1.0
1.1
0.9100000000000001
0.9000000000000001
1.0
1.0899999999999999
0.9100000000000001
1.19
0.81
1.0
1.0
1.0190000000000001
0.9100000000000001
1.01
0.9
0.9
1.0
1.19
1.1
1.0
1.0899999999999999
0.9990000000000001
0.901
0.9
1.11
1.0
1.0
1.0
0.9
1.0
0.81
1.0
1.1
1.0
0.9
1.0
1.0
1.0
1.0
1.0
1.0
0.729
1.0
1.1
1.11
1.0
1.0
1.0999999999999999
0.9
1.0
1.0
1.0
1.0
1.0
0.9
0.9890000000000001
0.9000000000000001
0.9
1.0
1.0
1.1
1.0
1.0899999999999999
0.9100000000000001
0.9
1.0
1.0
1.0
1.0
0.9
1.0
1.0
1.0
1.0
1.0
1.0999999999999999
1.0
1.0
1.0998999999999999
1.0899999999999999
1.0
0.9100000000000001
1.0
0.9
1.1
1.0
0.9099999999999999
1.0
0.8900000000000001
1.0
1.0
0.99
1.028
0.9
1.0
1.0
1.01
1.0
1.0
1.2
1.0
1.0
1.0
1.0
1.0899999999999999
0.9100000000000001
1.0899999999999999
1.171
1.0
1.064
1.1344
1.1079999999999999
0.9790000000000001
1.019
1.071
0.9100000000000001
0.9
1.0
0.9
1.0
1.0
1.0
1.0
1.0
1.009
1.2009
1.0
1.0
0.9189999999999999
1.0
0.9891
0.9000000000000001
1.03909
1.06091
0.9271
0.81
1.0
0.9
1.0
1.0
1.0
1.0
1.1
1.0
1.0
1.01
1.0
1.0
1.0
1.0
1.0
1.0799999999999998
0.9100000000000001
1.0999999999999999
0.9
1.0
1.0
1.0
1.1
1.1
1.0
1.0
1.01
1.0
1.0
1.0
1.0
1.1
1.0
1.0
1.0799999999999998
0.9100000000000001
1.0
1.0
1.0
1.0
0.99
1.0
0.9100000000000001
1.0
1.0
0.9811
1.0
0.9881
0.9100000000000001
1.0
1.0
1.0899999999999999
1.0
1.0
1.0
1.0
1.0
1.1
0.9
1.0
1.0
1.0
1.11
1.111
1.1
1.0
1.0110999999999999
1.0
1.0
1.0
1.0
1.1
1.0
1.1
1.0
1.0
1.0
0.9
1.0
1.0
1.0899999999999999
1.01
1.0
0.981
1.02
1.01
1.0799999999999998
1.0
0.9100000000000001
1.0
1.0
0.9
1.0001
0.8889
1.0
1.0
1.0
1.0
1.1
1.0
0.9
1.0
1.0
0.9
0.98
0.81
1.0
0.9
1.0
1.0
1.01
0.9900000000000001
1.0
1.0
0.9100000000000001
1.0
0.9100000000000001
1.0
1.0
1.0
0.8919900000000001
0.9289999999999999
0.802791
0.9100100000000001
1.0799999999999998
1.0
0.9100000000000001
1.0
1.0
1.171
0.9189999999999999
1.0
1.1
0.9728999999999999
1.0
0.9081000000000001
0.9189999999999999
1.1
1.0
1.0
0.88662
0.9889899999999999
0.8361
1.0
0.9189999999999999
1.0
0.9989999999999999
0.982
1.09
0.892
0.8028
1.1152
1.0
0.8937999999999999
1.26848
0.9111099999999999
0.99889
1.0
1.01
1.0090000000000001
0.991
0.9739000000000002
0.9189999999999999
1.092
1.02052
0.89648
0.931268
1.0
0.919888
0.989992
0.927009
0.982
1.0
1.0
1.01
1.16371
0.990091
0.909
0.9034612
0.806832
1.091
1.0
1.0
1.0
1.0629
1.0
0.9271
1.0
0.9991000000000001
1.0
1.1465100000000001
1.0072
0.9836937000000001
0.9325081000000001
0.9838
1.0
1.0
1.0089000000000001
0.8918999999999999
0.9890000000000001
1.11081
1.01
1.0
0.9989999999999999
1.018
1.0630000000000002
1.0190000000000001
1.0
1.0
1.0243
0.9009999999999999
1.0
0.9360999999999999
0.9739
1.0
1.072
0.99271
1.009
1.001
1.009
1.0
0.8991
1.0
0.899
0.9
1.0
1.0
1.0
1.0
0.9
1.0
1.0
1.0
0.9
1.0
1.0
1.0799999999999998
0.81
1.0
1.0
1.0
1.0
1.0
1.0999999999999999
1.0
1.0
0.99
0.81
1.0
1.0
1.0
1.0
1.0
1.0
1.1
1.0
1.0
0.9
1.0
1.0
1.0
1.0
1.0
0.9
1.0
1.0
0.81
1.0
1.11
1.0
1.0
1.0
1.0
1.0
1.0
0.9
1.0
1.0
1.0
1.0
1.0
1.271
1.0
1.0
1.1
1.0
1.0
1.0
1.0
0.9
1.0
1.0
1.0
1.0
1.0
1.0
1.0
1.0
1.1
1.0
0.9
1.0
0.9
1.0
1.0
1.0
0.9100000000000001
1.0
0.9729000000000001
1.0999999999999999
1.0
0.9000000000000001
1.0190000000000001
1.0
0.97561
0.9289999999999999
1.0
1.0
1.0
0.9100000000000001
1.0799999999999998
1.0
0.921
1.089
1.0
1.0
0.99
1.0801
0.9000000000000001
1.0
1.0
1.0
1.0999999999999999
1.018
0.982
1.0
0.8999999999999999
1.0
1.061
1.018
0.982
1.1162
0.9190999999999999
0.98
1.01
0.99
1.0
1.0
1.0
1.053
0.9289999999999999
1.0
0.8999999999999999
1.0
1.0
0.9909999999999999
1.009
1.0
1.0
0.891
1.0
0.9719999999999999
1.0190000000000001
0.9921
0.9078999999999999
0.9100000000000001
1.0
0.9
1.0
1.0
1.2829
1.0
1.0
1.0
1.0799999999999998
1.01
1.0
1.0
0.982
0.9372899999999998
0.8717100000000001
1.0
1.0799999999999998
1.01
1.1
1.0
1.0
0.884539
1.0
0.9071
0.9279999999999999
0.82639
0.8351999999999999
0.982
1.01
1.09
1.0
1.0
0.977049
1.0289100000000002
0.9189999999999999
1.091
1.009
1.0
1.0062
0.8837999999999999
1.0
0.99
0.9882
0.9099999999999999
1.0
1.20062
1.1
1.0
1.09162
1.0
0.9990999999999999
0.9919000000000001
1.1008909999999998
1.0
1.009
1.0
1.0
1.0
1.101891
1.081
0.9999999999999999
0.8999999999999999
0.9999999999999999
0.9442441000000001
1.0
0.9919000000000001
0.9243
1.0738
1.0
0.9857
0.9982
1.0
1.0225
0.9243
0.979609
1.041272
0.9548190000000001
1.0
1.0
0.9072899999999999
0.9271
1.001
1.02
1.122051
0.9289999999999999
0.9990000000000001
1.091
1.0
0.9648000000000001
1.0190000000000001
1.0
1.1034899999999999
1.0011809999999999
0.989919
1.0
0.9098100000000001
1.0611899999999999
1.0119
0.8271
0.9999999999999999
0.9999999999999999
0.9866699999999999
0.99451
1.0
0.9902899999999999
0.9161
0.8999999999999999
1.0
1.0
0.921
1.0
1.0
0.9100000000000001
1.0
1.0
1.02
0.9800000000000001
1.0
1.0999999999999999
1.0
0.99
1.0
1.01
1.0
1.0
0.9089999999999999
1.0818999999999999
0.8180999999999999
1.0
1.0
0.982
1.0
1.19819
0.919
0.981
1.0
1.1
1.089
0.918
0.991
1.0
0.909
1.072
0.9389900000000001
0.98991
0.9901
1.09
1.01
1.0
0.9838
1.0
1.0
0.9251999999999999
0.9739
0.928
0.981
1.0
1.0
1.055
0.991
1.0
1.1034400000000002
1.0
0.99
1.01
1.0
0.98299
1.0
0.9000999999999999
1.0
0.9089999999999999
1.0
1.092
1.0879999999999999
0.9699849
1.0171
0.9999999999999999
0.96841
1.0181
1.0179181000000002
0.9819819
0.9272
1.0818999999999999
0.9999999999999999
1.0774781
0.9999999999999999
0.9837099999999999
0.9999999999999999
1.0
1.001528
0.9854199999999999
0.9999999999999999
0.9999999999999999
1.08827757
1.0427959999999998
0.9999999999999999
0.9341901999999999
0.91325243
0.9956699999999998
1.0017281
1.0000548
0.926739
1.0
0.988651
1.0
0.973379
0.857817187
1.0181
0.9343899999999998
0.9999999999999999
0.9991899999999999
0.9999999999999999
1.0612917099999999
0.93942829
1.0
1.00919
1.0045781000000003
1.093407439
1.1054329200000002
1.07371
1.0
1.0
0.900729
0.999271
1.0
0.989406829
0.9635229999999999
0.8738454682999999
0.95068
1.0
0.985339
1.07335781
1.0
0.9939114899999999
1.063769249
0.942236461
0.9796698099999999
1.02357919
0.9999999999999999
1.00872881
0.9856911899999998
0.9486988100000001
1.0790710339
1.0073444481
0.9394977079999999
1.0663390000000001
1.0
0.9883968200000001
0.9753600133899999
0.9843450866100001
1.0
0.9941408809999999
1.064591148
0.9999999999999999
0.998493032
0.8889110189999999
1.0
1.0
0.9557922429999999
0.9252539842699999
1.247845176957
0.789003523043
1.0095308809999999
1.0601705410509998
0.9734638666590002
0.9775558963899998
0.9483840298
1.0746198479
0.9009398572
0.8894270799999999
1.0
1.1171488
1.0
0.952241998661
1.0
0.9212250718999999
1.1116029637957001
0.7423861823043
1.120439729
1.021221271
1.0
1.006425048
1.028073071
1.0
0.9973910118999999
1.0
0.9875348307
0.9000199171000001
1.0
1.0
0.8838346186999999
1.0385164
1.0
0.94094399
1.10275129
0.9000493199999999
0.9828271000000001
1.10053
0.8983800000000001
0.92539
0.8937999999999999
1.0
1.0190000000000001
1.01
1.0
1.07119
1.01881
0.9983799999999998
0.9999999999999999
1.0182109
0.9857753000000001
0.9820637999999998
1.0258289999999999
1.0247339
0.8792371000000001
1.072
0.9181
1.0
1.019
1.0
1.117829
0.9999999999999999
0.9999999999999999
1.0180738
1.1159864
0.917028
0.9000900000000001
1.09081
1.0
1.0
1.0770910000000002
1.0108099999999998
0.9999999999999999
0.9890910000000002
1.0089100000000002
0.9091899999999999
1.1648
1.0271
0.9999999999999999
1.010891
0.9828189999999999
0.9999999999999999
0.8999999999999999
0.8099999999999999
0.729
0.6561
0.9999999999999999
1.0090829
1.0721090000000002
0.9928929
1.0798532
1.0001539
1.0
0.926829
1.0829
0.9390000000000001
0.98004078
0.9265610000000002
1.0
0.94832
1.0281000000000002
1.014938
0.973414
0.9682309
1.0137420000000001
1.0296480000000001
1.081
1.0
0.9999999999999999
1.06202494
1.0150975899999999
1.0
1.0899999999999999
0.99084658671
1.0115725348
1.0504897228
1.0293849199999996
0.939930221
0.9542115099999999
1.0
1.0
0.9373680064600002
1.0004628640000002
0.9119647
0.9225498000000001
0.9262900000000001
1.0
1.0288181
0.9910728999999999
0.9989380000000001
1.129583
0.9845370999999999
1.0
1.01538551
0.9802873900000002
0.9755107099999999
1.0171
0.9999999999999999
0.9597070999999999
0.909271
0.9262899999999998
1.09029
0.99342
0.9864403199999998
0.9899561000000001
0.9401219999999999
1.068168
0.9199
1.0
1.0818999999999999
1.090929
1.0528300000000002
0.9144899999999998
0.99744202
0.99459739
0.910972
0.9813959999999999
0.922231
1.09442
0.9171
1.0
0.9847
1.0839
0.9421300000000001
0.9361
1.0
1.0
1.0080999999999998
0.9981000000000001
0.9766999999999999
1.01631
0.9836799999999999
0.9550200000000002
0.9908018999999999
0.9260190000000001
1.05309
1.02891
1.0
1.0200620000000002
0.9993799999999999
0.9999999999999999
0.9999999999999999
0.9999999999999999
1.0169109
1.03922
0.8763200000000001
0.84988
1.0567
1.011829
1.0152709999999998
0.9954199999999999
0.9999999999999999
0.9836100000000001
1.0080999999999998
0.9999999999999999
0.9893799999999999
0.9999999999999999
0.9999999999999999
1.0179551
1.011349
0.990361
0.9843299999999999
0.93925
0.9664200000000001
1.0
0.9099999999999999
0.9999999999999999
1.00172
0.9755100000000001
1.0072
1.0009
0.9999999999999999
1.0090000000000001
1.0
1.065952
1.02925
0.9424899999999998
0.9999999999999999
0.9999999999999999
0.9091899999999999
0.9999999999999999
0.9999999999999999
0.99596
0.9174610000000001
0.99343
1.00738
1.0
1.0
0.896364
0.980661
1.013047
1.110855
1.0056908999999998
0.9440791000000002
0.991748
0.9079037999999999
0.8171134199999999
1.0763461
1.0137439
0.9942895900000001
1.0
0.9904419999999999
1.0
1.105139369
0.9958779999999999
1.0
0.9860589999999999
1.0302949000000001
0.9871643899999999
0.95373071
1.0671220000000001
1.0377622
0.9516359000000001
0.9361710000000001
1.0
1.019664
0.9797779999999999
1.0
0.9866159999999999
0.998542
1.0
0.9826799100000001
0.9062830000000002
1.0298513899999997
1.0101842200000002
0.9714133899999999
0.9109729000000001
0.9338509999999999
0.8998099999999999
0.8991000000000001
1.001
0.9990000000000001
0.9380000000000001
0.981
1.01
0.99
1.0
0.9745999999999999
0.9919999999999999
0.9269999999999999
1.082
1.0
1.0916000000000001
0.9791999999999998
0.91
1.13186
1.0792000000000002
0.984601
0.919920008
0.9613512
1.080603
0.894078
1.009
1.02539
1.0
0.9981
1.0
1.0
1.0197414299999998
1.04567157
0.9434899999999999
1.0
1.0
0.9725009569999999
0.9394499000000001
0.9949779999999999
1.0
0.9048866120000001
0.9867918979999999
0.98497269
0.9803078000000001
0.842951
1.0100900000000002
1.0
1.0828029000000001
1.0
1.0593209
1.021385
0.9880850729
1.1105178832
1.0190991439000001
1.0
1.02438588841
1.0145948470051
0.9400640648948999
1.0
1.0
0.88637733881
0.900484372
1.082133219
1.1054339199999998
1.0
1.02806643780043
1.00619679772
0.9476505099999999
1.04971070153
0.8528854589999999
1.0
1.010574642249
0.992898170171
0.9898370166800001
0.8688039348
1.0
0.941570021
1.0845100819
0.9999999999999999
1.0948905279999996
1.0549244586800004
0.9669448987948998
0.9999999999999999
1.0731628866492002
0.9219637405600297
0.81117550307387
0.981290573
1.080393888
0.9932772509999999
0.9914435389999999
1.027884673
1.006307137
1.102635441
1.0
1.0
1.0278650599999999
0.96373639
1.12836339
1.0
0.9250785539999999
1.09664274
1.031255561
1.044269149
0.9170461
1.0
1.0
0.9450999999999999
1.0
0.9746928019999999
0.9850348999999999
1.0267838
0.9803701050999999
0.92426688
1.168159808
1.0
1.0092152
1.0
0.9741968999999999
0.9220158
1.0
1.0
1.0209626
0.9857206
1.0
1.0
1.00971442
1.008338331
1.011875698
0.8329148020000001
1.0
0.9999999999999999
0.91447181
1.12611819
1.0
0.9183892682000001
1.15819477641
1.1093576600000001
0.9825616
1.1156945600000001
1.0729
1.0
1.0
1.0029554351099996
0.9799588839900001
0.9662677379
1.0947235889
1.0829312241200002
1.0029266515100002
1.00156675139
0.9105314409999998
1.0
1.0
0.9541165302999999
1.0
0.9200644635699999
1.01043087141
1.0135878309999997
0.9999999999999999
0.992919181519
1.0154642536
0.9748256705199997
0.9999999999999999
0.99734271309
0.9114689431099998
1.0
0.9820832050999999
1.05285318779
1.02977685451
1.0560423376
0.9264464279999998
0.9999999999999999
1.0
1.0003363501
1.0
1.09923567112
1.15024197863
1.0
1.0200908957110002
1.0397425934099997
1.0
0.91420471
0.9999999999999999
1.0444443810209998
0.9863123193899999
0.9516390016690002
0.9249434987599996
0.9999999999999999
1.0
0.9065658941859999
0.9436774922140002
0.9117285836000001
0.9130232100000001
0.92292382
1.017271
1.01539
1.0
0.9673627509999998
1.0
1.087163661
1.0
0.9422349725999999
1.0193736421
0.9281300049000001
0.9960596389999998
1.1034515782
1.0388963709999999
1.08219029762
0.9442918190000001
0.9829171
1.0353854781999998
0.9757270118
0.93023341
0.9852495568999998
1.0
0.91920501
1.0
1.0298142199999998
1.1069825160000004
1.0
0.9732147480000001
1.035041186
1.0209604339999998
0.9898923799999998
0.9903017483999998
0.9999999999999999
0.89376668036
0.9169168932000001
1.0
1.0338153140000002
0.9284074839999997
1.06561
0.9999999999999999
1.0
1.000655779998
1.0512474448029998
0.9992429707880001
1.034502494763
1.0
0.9999999999999999
1.0471676968299
1.0
0.989312104008
0.9173392957979098
1.1271888050690002
0.9413583499
1.045247255532
0.9773431034679998
1.0
0.9887553360919998
1.089575346079
0.9337721708800001
1.0113645141910996
0.9999999999999998
0.8903808936072
0.9350258426209999
0.9337321787489999
1.0
1.020888373151
1.0
1.1619386568510102
1.0430827466399997
1.0480064952
1.0772157610000002
1.0527188234258003
0.86612502347948
1.0000000000000002
1.0
0.9348964762337999
0.9213589608741
1.0
0.9716881395871
1.0312290479
1.09425162647161
1.0806296151492099
1.1310522452866998
0.9999999999999998
1.0
0.8717126453845196
1.041549122607911
0.9383242467250192
0.9532365796520998
0.9517472404632001
0.9542656334467998
1.0
0.9404826013526
0.91185804624
0.914013271
1.0836659621000002
1.0
1.01024927838
0.93492296831
1.00679883292
1.0
1.0096167338999997
0.9999999999999999
0.8824197023799999
0.9999999999999999
1.0317361908
1.1269341674
1.065575492759
1.0254253906
1.059049
1.0
1.0
0.9309785401099999
0.9275304896100001
1.01183606218
1.089347544038
1.0
0.8989898659
0.91326071
0.98227099
0.8997390000000001
0.9092899999999999
0.9189
1.0
0.98656
0.9910000000000001
0.9189999999999999
1.171
0.9909999999999999
0.8989999999999999
0.9100000000000001
0.9
1.1
0.9
1.0
1.0000000000000002
0.9999999999999998
0.8746381498636799
1.0
0.9623001361796999
1.0388337644861
1.0460469974015
1.0277438265091996
1.1922852334657612
0.9633065967618992
1.0435751214959998
1.05850474103468
0.9532169090133198
0.9933511469785097
0.9148221955434901
1.1073164246890213
1.0
0.99049922464439
1.0166403557628
1.05696972301908
0.9588390701021199
1.0
1.0
0.9376201458413402
0.9184190361268001
1.1103196462186495
1.0442166803122699
0.9867995231715898
0.9576482274338511
1.0
1.10302180778674
1.0
1.022209558620588
1.125649739503458
1.0
1.0191462665968898
0.9999999999999998
0.8871743348773116
0.9999999999999998
1.0256630926374302
1.041463581934492
0.9528433422726161
1.0507611592427595
1.045076947676532
1.0
0.957230332809839
0.9854982518350077
0.9340716184580431
0.9983745006410973
1.1085124623576952
0.9905624040606309
0.8971360470033198
1.0
1.0000000000000002
0.9306624278890001
0.9100862775789998
0.9996905676
1.01863806272
0.8877057024799999
1.1361756498600002
0.9976745845899999
1.0
0.99724755192
1.01424075066
0.9832323515620001
1.066390970238
0.9050382361142
0.9657379164799998
1.003201928812
1.0061189496279999
0.9999999999999999
1.004477328368
0.8650703174607801
0.778563285714702
0.9606853980589
1.0256633218431
0.9311044110300001
0.9788520922099999
1.0272845089999998
1.1580005396720001
0.996582810283
0.997907126131
0.9557641050535898
0.9875373612490003
0.9670235416441997
1.039697851952
0.9897264064000002
1.048003942771
1.0265415840722
1.0285562182232
1.0067236761988
1.02878775154
1.093617150132665
1.064941836559615
1.03078511330772
1.0
0.9770184816338829
1.038474964598202
0.9838843935978163
0.9618834046904661
0.9812197683549
0.9074224423029875
1.0544957156343855
0.9269622132241491
1.0
0.992719627008066
1.0137921084972388
1.0
1.0037699041926442
1.0
1.0183770421183105
0.997663088821644
1.0
0.9899713558285319
1.0992994329131962
1.041730106677416
1.0172316399372008
1.0305058151000002
0.8984569013895805
1.0391912963458747
0.9600571247123559
0.9553221589176975
1.1493485496586593
1.0
0.9366501232742914
0.9035359579917683
1.0
0.9805153855486786
1.0
0.9379476329525454
0.9481211478100278
1.0
0.9175739164113916
1.0
1.0567220407536793
0.8964545769344823
0.9475323552763888
0.960583191395548
1.0
0.9775201764949286
1.0723613321187473
1.0215654964968246
1.0328016756358347
0.9999999999999998
1.0392802600033946
0.9824638469938107
1.0
0.9095981504781254
1.0
0.9519375529708574
0.9385501300428947
1.0741633238400234
1.053718774995999
0.9460142910434808
0.8692300323337132
0.9747247979917937
0.9176667030024386
0.8429851109468622
1.0
0.8262593589592204
0.9046062402827493
1.0
0.9795302389465359
1.2011773595968451
1.2059431527758346
0.8771403823859765
0.9676708288646465
1.0
1.0184540356371288
1.0002680496698029
0.9276055236530087
0.8166801980726888
0.9999999999999998
1.0417423653933622
1.0342659919017343
1.0
0.9999999999999998
0.9012169379807151
0.9645248722559934
0.9982766518806847
0.7442718931653203
0.8538645662790001
1.0121571476841
0.9358791791479999
0.8888393919889997
0.9999999999999999
1.0
1.0403561120671998
0.9999999999999999
0.9225874603279998
1.0
1.0122109782463002
0.9967152418678001
0.8981164135179
1.164650408606569
1.0053953057279998
1.0
1.0
1.117090406000569
0.9513000866438
1.0
0.9784850032719998
1.0
1.0000981353370901
1.0032534171809098
1.0037473282619203
0.9571959976546001
0.9033725954357281
1.0011529941031798
0.9999554527901
1.0
0.9999999999999998
0.9362052014501618
1.0
0.9284338087711999
1.0106614046084503
0.9187519704786198
0.98548597928852
0.9099221814317796
1.106158610000189
1.0089300837329198
0.9871225750260002
0.9900355958359999
1.0
1.0
1.0458577069011201
0.8595186344217798
0.9999999999999999
0.8807274893099997
1.1215527051
1.1549435525832
0.924085420959661
1.0
0.8832987545318018
1.0828488237700662
1.0560701319867334
1.0409947280441991
1.015870859198269
0.9108479912569609
0.9924348386451989
1.103645576037195
0.9186383354303129
1.0
0.9756891941433312
1.0
0.9075477314082432
0.868072385030394
1.0
0.9710836872455229
1.0
1.067281748556555
0.9909401804115086
1.013527257142962
0.9414518105072394
1.0934169251751247
1.1330536720144448
0.9987681724802122
1.0
1.0
0.9350973649921832
1.0739586987404528
1.193702262036725
1.0000000000000002
0.861623118618813
0.9226671155886594
1.1012425810201452
1.0
1.0
1.137215004768795
1.0
1.073858940902344
1.031667658676789
1.0
0.9781202747289981
1.0
0.8552037649303241
0.6728727359488882
1.3484027676958215
0.8696938244195098
1.00452935083049
0.9874138771069998
0.9910320362523997
0.9999999999999998
0.9999999999999998
1.0272237996531859
1.0532350499359069
0.8123442013789999
0.8412503389999999
1.0426260018
0.8644752
1.0622818
0.926325
1.0020419999999999
1.035776
0.948241
1.0
1.0
1.054647
1.0051643
1.0
1.0195363000000002
0.9995297200000001
1.03676609
1.157171122
1.07008588
1.01236951
1.0
0.9037098000000001
0.9962902
1.088867441
0.99048259
0.96050951
1.121383
1.0
0.98510969
1.00081
0.9992530999999999
0.9425539000000001
1.0
0.9959085999999999
0.901567
1.0
1.0
1.01914181
1.020286
0.8736760000000001
1.048692
1.0
0.9965371689999999
1.1031165479000002
0.9838210219999999
0.965069839
1.0
0.9276569200000001
1.02914957
0.9907811100000001
0.9818002
1.0
0.9878085999999999
0.9986878000000001
1.0
1.021266506
0.9803573736999999
0.9510309400000001
0.9759351259
1.0
0.9261686331000001
0.92769118203
0.9701242533000001
1.079609295
0.855927846
1.0516412719099997
0.9999999999999999
0.8335517697900001
0.931934489157
0.9189275420700003
1.1678230018
0.8360367041
0.9221937010000001
1.1662131001800002
0.9347975998199999
1.0
0.9250843483000001
1.0781602147999998
1.0945709067
1.0572411500999999
1.0535228552810003
0.98337998
1.106517710018
0.9041504189981999
1.0173590099999998
0.7587458999999999
1.3016497928000001
0.829
1.0
1.14679
1.1300691
0.9999999999999999
0.896814
1.0
1.1850491
1.05582791
0.9999999999999999
1.08036
1.002199
1.009081
0.93122507928
1.0
0.9389674000000001
0.926528209
0.9089099999999999
0.9071999999999999
0.9251
0.9891999999999999
1.0838
1.0079
0.9910000000000001
1.0190000000000001
1.0
1.0
1.0719
0.9854199999999999
0.9999999999999999
0.8908099999999999
1.001
1.0
0.9661089999999999
1.0
0.89838
0.9841489999999999
0.802729
0.9396791
0.7224561
1.3542888100000001
0.84571119
1.0
0.9999999999999999
0.808542
0.9253
0.9819
0.9099999999999999
1.1838
1.0
1.1062
0.9827999999999999
1.0100000000000002
1.09729
1.00819
0.9829000000000001
0.9919
0.919
1.1
0.9339000000000001
1.0
0.9440819999999999
1.090748
1.009
0.9999999999999999
1.0036
0.9991
1.0171
1.08371
1.0
1.1934468999999999
0.9246699999999999
1.3388599290000003
0.9910000000000001
1.0
1.08162
1.0603799999999999
1.0028
1.0152999999999999
1.00719
0.98461
1.0
1.08891
1.0153899999999998
0.88461
1.0
0.9999999999999999
0.9755
0.9919
1.0
1.087856
1.09850691
0.9961604900000001
0.95435751
0.9199000000000002
1.0909999999999997
0.9999999999999999
0.9781399999999999
0.9999999999999999
0.991949309
1.0
0.9836039999999999
1.0
1.1274746100000002
0.9006941
1.001142
0.8382149999999999
1.04512891
0.9529460000000001
0.92486
0.97542
0.9281000000000001
0.9028
1.0
0.9839000000000002
1.08189
1.01711
0.9999999999999999
1.0
0.9771399999999999
0.99271
0.9999999999999999
1.0808704
0.9890773371000001
1.0427916529
1.0
1.0880580000000002
1.0081728999999997
0.9999999999999999
1.0682928590179999
1.1164599590820001
0.971348170679
1.1031139165997
0.94500271
0.9626291999999999
1.016209
1.005175
1.001467
1.0
1.00829
1.1804886612
1.04868612
1.02093248
1.0054154000000002
1.0270224999999997
0.9534169000000001
1.0
1.0
0.9265249000000001
1.0
0.9000000000000001
1.0
1.0102584000000001
0.9789513300000001
1.03593233
1.0
0.919
1.0
0.968296932
1.003253357
0.9608864932000001
0.9241671681000001
0.83175045129
0.9870080877999998
0.9999999999999999
1.0643142429999999
0.9216464958999999
1.1798570431000002
1.0009663389999999
0.9874852819999999
0.976596859
0.9316127000000001
1.1649995999999998
1.1507866130000002
1.0007290000000002
1.07818031
1.0
1.0192562290000002
1.0231265999999999
1.0438228
1.0
1.0071951068899998
1.00465241741
0.9819459037
0.9972945551000001
0.9788364100000001
0.9935831799999999
1.002744432
1.0
0.9864744400000001
1.0114103
1.0
1.0
1.0815075470999997
1.025312724
0.9898830190000001
0.9959046399999999
0.98889652
0.99881902
1.0
0.9666305684
1.0
1.01408491152
0.93146338
1.0151056
0.99242389
0.9097198380000001
1.0172661461199999
1.0
1.0459107559999998
0.9323449920000001
0.97918876
1.0961245
1.0013203
1.0
1.0777414600000002
1.0197195399999996
0.9999999999999999
0.9953237800000001
1.0
0.91183176
1.0
1.0
1.02387241
1.0
1.0115014159999998
0.9969415435999999
0.9999999999999999
0.915944517
0.9466288570000001
1.0580752099999997
0.9999999999999999
0.9999999999999999
1.0214851690000002
1.0
0.9103512743999999
0.8972855176399999
1.0909969990400001
0.9999999999999998
0.9997174802
0.8899865442999999
1.0175014602
0.9245468232000001
1.0
1.0185234608
0.9840297159999998
0.9999999999999999
1.0014315040000001
0.9977075299999998
0.9801755151999999
1.0499641968000002
0.9875960081199999
0.89734459265
0.97118768747
1.0359826389999998
0.9721560638000001
1.0522676889999998
1.0
1.0
1.0193366521
1.0
0.8818972991360003
0.8305082399600001
1.0601902700199999
1.01760366026
0.86994022842
0.9990166706199999
1.1162224377190002
0.9883072790199999
1.080700704
1.05004746829
0.94746755062
1.0
1.0
0.9130644739000002
0.9996182333000001
0.9863964396999999
0.9720984430999999
0.95495139
1.0
1.0760454091
1.0251962199999998
1.0394405199999999
0.9999999999999999
1.006940837942
1.002381766039
0.9188301298268
1.0
0.927188171652
0.9849666400399999
0.96159909159
1.0
0.980311087
0.9944993052
1.0024699888000002
1.0
0.988968026
1.0102692699999998
0.9999999999999999
1.0
0.9798446007899998
1.0217697535
0.9399441724310001
0.9271167179999997
0.9999999999999999
0.9999999999999999
1.02810341079
0.9999999999999999
0.9817299088200001
0.984037116061
0.8835569179380001
0.992152506242
0.9856267443999999
1.0
0.9807176033999999
1.0028373170759999
0.920938509802
0.8828478726400001
0.9563440381380001
1.0467998291799998
0.9558471383200001
1.0
0.994596079753
1.1048635282223
1.0
0.9910981503999999
1.009242343
1.0
1.0
1.0367321208958002
0.98706406996
1.0
0.8826458430599999
0.9079651341999998
0.9999999999999999
0.9699675115599998
1.0
0.9653699003679996
0.9999999999999999
0.888836407308
1.0
1.13176978598
1.069743079388
1.2101906201239998
1.0
1.0197181685999999
1.0
0.9457264933980001
0.9676900853039998
1.0323843751
1.0
1.0657358975942
0.827803352325
1.01904767663
0.8935604219
0.9537914089999999
0.9205776000000001
1.0
1.0
1.00032835393
1.00219423878
1.0
1.0
1.0077538050199997
1.0262137518099999
1.0
0.9610967751999999
0.91251574353921
0.9531994271994897
0.8837721984298971
0.929414806758
1.00919969588
1.14701621221
1.0
1.053796961657
0.957497043871613
1.0529921921739038
0.828187010066483
1.081643246383
1.0
0.9070679008000001
1.0100607892
0.9855157000000001
0.9999999999999999
0.940506411
0.858921759
1.15277509
1.0
1.0790748928
1.0224011252
1.028063392
1.1737390346516996
1.0593814772299999
1.0
0.9999999999999999
1.0750804060816797
1.0
1.0801709545917328
1.03817537178806
1.0
1.0
0.8831773770606077
0.904076415747441
1.0311707457111097
0.8949801619849482
0.9247698130267668
1.0
0.95617007797942
1.0
1.052093830985309
1.000413663521472
1.0936400678325837
1.057490028601983
1.0007694110458196
1.0590765730945388
0.9280536711399987
0.9999599075110897
0.9999999999999998
0.90951
1.0
0.9614763978891401
1.0
0.9605530701814777
0.9999999999999998
1.073899467590095
1.0
0.9101797675943215
0.8988384855510998
0.871263994852
0.8810825594221001
1.10344218584897
0.9165342866521029
0.949725454925
1.031266282115
0.9829478577229998
0.9999999999999999
0.9824072333393999
0.9481705697529001
0.93873394
0.9999999999999999
0.9068034526029999
1.0
1.0005149424150002
0.9165841119052378
0.8578794844795408
1.265172289265093
0.99765191071
1.0
1.0
0.9781506412696899
1.02631368147641
0.9746684356090001
0.93176886322
1.0
1.133502820202
1.0
0.9603233089154097
1.0876499666319002
1.0
0.9933611829791799
0.9978867196389999
1.0
1.0
0.974732238775
0.9090979558019998
0.9999999999999999
0.9999999999999999
0.994369361426
1.1019748149019999
1.0
1.0
0.9101628635564
1.0235923766289998
0.9999999999999999
0.9140318986200002
0.9731514223183001
0.9840426587816999
1.00760628028
0.8869641300000001
0.9602088100000001
0.9371468
1.0
1.13181148
1.0381025713519998
1.0
0.8972672308
1.0085878881
0.8522974999999999
1.0
1.1083597090000001
0.9501374000000001
0.9022039999999998
0.91359
0.9001000000000001
1.0
1.0
1.17982
1.096202
0.9230779999999998
1.06299
0.98462
0.8513899999999999
0.9999999999999999
1.0
1.075412
1.003689
0.930439
0.9909999999999999
1.063171
0.9740709999999999
1.0081
1.0
0.96886
0.98919
1.03049
1.0
0.9587486000000001
0.9781680000000001
0.9830709999999999
1.023761
0.921222
0.996149
1.0
1.0
0.978697
0.993439
1.0
1.07278336
1.0
0.8825551380999999
1.0
1.1116929079
0.9053566731
1.0263529
1.075601
1.0
1.02632829021
0.9174562957900001
0.8686617099999998
0.866251
1.0
1.0
0.9183800000000001
0.8265420000000001
0.9125199999999999
1.0502288
1.020831424
0.9033426
1.0547940800000002
0.9999999999999999
1.1012402
1.0682397
0.9963640000000001
1.0339022
0.8895148999999999
0.9233048000000001
1.0879903
1.0599029
0.927441
1.0
1.0
0.9160979399999999
0.91872
0.9999999999999999
1.0
1.1945298
0.9999999999999999
1.08518156
0.8742140071000001
1.0772300000000001
0.950098881
1.3034310480000002
1.092891
0.975087
1.0292844799999998
0.9760705199999999
0.926848
1.0
1.0
1.04478902
1.0
0.9786583000000001
1.10434149
0.9213849
0.9999999999999999
1.0
1.133290758
1.0707254480000001
0.9884631
1.0
0.929819
0.8368370999999999
1.0
0.8660334900000002
0.916252271
0.9566238
0.9966349999999999
1.0663802000000002
1.1050090200000002
1.0199616822
0.95058194561
0.89451560639
1.0645168881
0.9854320977000001
1.0
1.01292829
0.9115157345610001
0.9777253111900001
1.0
1.0
1.068463748
0.9766634040000001
0.9814295099999999
0.9965341000000001
1.0
1.0
0.9801712
1.03914452
0.98396898
0.9346969
1.0
0.9999999999999999
1.009044946
1.01304629787
0.9868888879300002
1.0
1.0461804539
1.0
0.97400807
0.9798177709999999
1.0168538448
1.0361268851441
0.9962114680000002
1.0
0.9843363699999998
1.0
0.9688443409999997
0.9817372099999999
1.0
0.9853429777999998
0.9771400146000001
0.9589452489999997
0.9430534889999997
1.0528406463800004
0.8719599068999997
0.9956266100000003
1.0283681099999997
0.9968806899999999
1.0
0.9999999999999999
0.8821540800000001
0.9814248999999999
1.0446293
1.0680408999999997
1.0
0.9900176599999999
1.0
1.0633530852900002
1.019467291
0.8796259000000001
0.7716078000000001
1.0
0.8902779999999999
0.8100900000000001
0.8290000000000001
1.19
1.0639
0.8946100000000001
1.0
1.1649180000000001
1.1115630800000003
1.0914859799999999
1.0
1.08049322
0.89595261
1.0
0.8877705920000001
0.8119810000000001
0.8260999999999998
1.0
0.9200000000000002
1.0
1.0
1.0
1.0
0.9
1.0
1.0
1.0
1.0
1.0
0.9
1.0000000000000002
1.2545302908367018
1.084136859259849
0.9607794878761675
1.0
0.9889341985295159
1.0794228164205453
1.0366026109194244
1.0714984609114495
1.016900650006115
0.9246835751638567
0.9312313662621756
0.9999999999999998
1.0000000000000002
0.9839819479974894
0.8975781285071509
1.0
1.0
1.0674036641352362
1.05410642767102
0.9152105850055037
0.9253383542736884
0.9381082296359582
1.0
0.9999999999999998
0.9146511625017493
1.0948069682752586
0.9326667430791002
0.9801335177624493
0.9620927386638469
0.983441707740651
1.0932724121958919
0.9999999999999998
0.8804005170045262
0.9402425942104919
1.0776208120036697
0.9412700297510856
0.7932977153539993
1.0
1.1135624909262392
0.8362429701730281
0.9790683428046347
0.9499674493137251
1.1410010280802365
0.8979591270891303
0.8977228781190092
0.8081632143802173
0.9862272023302003
1.0518179668463665
0.9796264738995224
1.0032714585021119
0.9999999999999998
1.0
0.9842760610493253
1.0067711554474896
0.9698872939198657
1.0355904278940797
0.9197947336551717
1.0094739167599809
1.0
0.9653287581002261
1.0
1.016805747896071
0.9665095208310854
1.1357465707109862
1.0223561651866888
0.8682432659860111
1.0
0.83369174219599
0.8468820464948001
0.8306876987099999
0.9578856899999999
1.0
1.05601267599982
1.0
1.0058471252999999
1.0210456218
1.01408143161163
1.053443329507
0.8025760189288198
0.9381912116264999
1.0
1.089567721028
0.8434074978389998
0.9086650010000001
0.9434321199999998
1.0
0.9993978757099998
1.0
1.06818288172
0.9972073940632
1.0080172402568
0.9116139895936799
1.0866743890888801
0.882021158
1.0791034342390002
1.03178419239
1.121810756501782
0.8608867921999996
0.9999999999999999
0.939431488849
1.1008691927139
0.9711930908151001
0.9461320699999999
1.03364396
0.94422311
0.9999999999999999
0.9651028179999999
1.0
1.08653692
1.0
1.0634218815999996
0.9999999999999999
1.0407868488011782
1.0096296808516039
1.050411408399838
1.0
0.9437587095699999
0.9448605460000001
1.0
1.0106609296637
1.0056607251228002
1.0024876082889995
0.9999999999999999
1.0247352638310998
0.9926892341722001
1.027408781751869
0.9529104644746402
1.0
1.0211491568896691
0.9622641466451032
1.030511673963162
0.9451161737937346
0.9710784608661002
0.8584421320380002
0.7725979188342003
1.0
1.0201525381818
1.0000936958498299
0.9742405459646402
0.98639902093153
0.995542065252
0.8995132323200001
1.105010808561
1.07661967196797
0.9456467038198302
1.0570761383804999
0.9826108343606998
1.00193779117
0.9395845154200001
1.015147897002
1.0254348138979998
1.0259983932299999
1.00387390609
1.0138631689064002
0.9762017518735997
1.0
0.9631252964931498
1.0
1.0317434773003498
0.9724681900066503
0.9751753764695998
0.9967285239876
1.0
1.0177463517399998
0.9999999999999998
0.9512283044621999
1.0
1.0419426430672796
1.0185044361078701
0.9845435300416301
0.9957024635950005
0.9471408535782
1.0161765886916
1.0254911718311996
0.9444410807770001
1.0
1.0
0.99832060261
1.0084272480190002
1.0043947430145999
0.9499969726992996
0.9999999999999998
0.9999999999999998
0.9016187496649999
0.8767583932184002
1.0585690415389202
0.9975569658759997
0.8050347308605601
0.9999999999999998
1.0908306078156005
0.9039552687131398
0.9908383726323999
0.9171294460857999
0.8901974891898001
0.9151028435160999
0.9139591979379001
0.9739859873418999
0.9959005335600999
1.0403755964829
0.9021435894350999
1.06836193964
0.97038373779
1.007459823
1.0354964679999998
1.0
1.005030860284
1.0377045600939998
0.9860112700099999
0.9865640890646401
0.9549972754293696
1.0
1.0
0.9173137788523917
1.012294003521708
0.9999999999999998
0.9908671788571599
1.0296725361637602
0.9516008315357198
1.0100970272031202
0.9540444270895398
1.0766899131422398
0.9978012692884
1.0
0.989336463608314
1.070322587201793
1.06633803389194
0.9999999999999998
0.8042719176070199
0.960262424488
1.0
0.9490295289346999
1.0
1.0334361202957698
0.9999999999999999
0.9929125696599999
1.0083181087000002
1.0
1.0000000000000002
1.0615284120806998
0.9344050461999999
1.0
0.9897365124999998
0.9587102686999999
1.0
1.025293069711
1.0
1.0800381231216996
1.0003480398523799
0.9486832359097099
1.0
1.0
0.9883624116437998
1.090206222852261
0.9835083498149999
1.016301655011
1.0
1.00481627671253
1.01926851048399
1.0596911989277
1.02235021110001
0.9860665519154637
0.9889173828784881
0.9090873244828082
0.9785815766862398
1.0
0.92736561660686
0.9198534034793928
1.0601270232242
0.9471252714631846
0.9999999999999998
1.0024352289302398
1.0
0.9561054740159796
0.9999999999999998
1.0395988223713386
0.957208460977548
0.9369974939878651
0.9480989965563
1.2273351008275624
1.0
1.1472406444298169
1.031676878863695
1.0
0.9202528801553695
1.0655298035257232
1.0175943567644836
0.9927862787818171
1.1064923490963645
0.9819909723597813
1.0029443126519006
1.0538436261010808
1.0
0.9865255704891418
1.0030827692947275
0.9596960547211826
0.9999999999999998
0.9320313851046718
1.0
0.9287626519656524
0.9899675250839826
1.0
1.0
0.9687958822902036
1.0
1.0
1.0117761251895723
0.9713862210041513
1.0
0.9882440227110445
0.9450059800447768
0.9976040679932605
1.0922612399195597
1.0
0.8407231521182044
0.9348831392774855
1.0
1.0345685193750587
1.0577634555674562
0.8940370063183916
0.756650836906384
1.0
1.054710356058215
1.1343578346092542
1.0
0.8505255074361886
0.9940219983466965
1.0
1.0
1.0111782156742377
0.8814189393874101
1.0
0.952832702533609
0.8597200025663909
1.0
1.0
1.2481315712838912
1.0696072100968732
0.9347805724924048
1.0828541994197187
1.079406324010535
0.9999999999999998
1.102724800517713
1.0362591712239324
0.8376979697344429
0.907820315656436
1.0
1.0
1.0660739404888149
0.9075209525422157
0.9264727983113765
0.9139679438185995
1.0
0.8648751565272395
1.0714656916094816
1.0
1.02461052934402
1.073503065326988
1.0
1.0
0.8483190438685622
0.9931678554328811
1.0760381856112151
0.9055480384853873
1.0092875485816957
0.9988913552321912
0.9305652280208971
1.0
0.9803082472560984
1.0
0.9973096097221079
0.9326332541015392
1.0621633003597404
0.9797553213045962
1.0358357424614577
0.9225711494367397
1.0
0.7783876408745156
0.9946197985120269
1.0
1.0
0.998202288045555
0.9320817482389172
0.8737480023097519
1.0
1.0
0.8493457596073377
0.9373714088063996
0.9482285686666319
1.0668127668438345
1.0
0.8680776015802785
0.8499332481550999
1.043065243967577
0.9664433045832799
0.9610154799744073
1.00980755972
0.9579050099888802
0.93349059019112
1.0
1.0249025196089998
0.9999999999999999
1.0770903087240997
1.0454486224239
0.9503744914000002
1.0
1.0101609092096098
1.00534341343942
1.0186136609502698
0.97397061477949
1.0
0.8386088656891602
0.9755283852296199
1.0
0.9730559746870588
0.9999999999999999
0.90116210333681
1.0
0.9938137366451616
0.9980980476750998
0.9999999999999998
1.035295831574687
1.1141585724870668
1.0
1.0
0.9141321525399
1.0022388474600998
1.0
0.9416934434953514
1.0700977260981586
0.9508617618515736
1.1442244143335838
0.9848702832950933
0.9986087649580959
0.9999999999999998
1.0413113745688016
0.9999999999999998
0.9477026999208384
1.06259705119913
0.9961611889301667
0.9648560349248132
1.1033777166579688
0.9447651434335362
1.0428139461930765
0.8935783102345327
0.9560651842900845
0.9873133253635769
0.9859391819588001
0.9358369830479999
1.0
0.9159959638404899
1.044537701041278
0.9291200295431998
1.0
1.0453702675598544
1.0000000000000002
1.0005919656907971
1.063522375153156
1.089215139552373
0.9406417572685939
1.2313824435118534
1.1220986824885288
1.1178318317545028
0.9936687414756957
1.0061948899910287
0.9775701237419545
0.9958431141867281
1.0147680524410179
1.0041093903112133
1.0
1.0
1.00381167734576
0.961639575854766
1.0
1.0
0.9742475989037362
1.0033324133661214
0.9793974227864313
0.932564368459351
1.011966034880936
1.0
0.9839202184444176
1.0415836317304312
1.0070697851858903
0.9830351159276036
1.026725046297499
1.0137021862280375
1.003698451280092
0.9715351263266074
1.0
0.9654756182692894
1.0
1.0
0.9113989153821502
0.9493620360645729
1.0
1.0984381064412516
0.9951578186608243
1.0
1.0
0.9915902340648914
0.9262483736460008
0.8863732020787769
1.0
0.8494045084621142
0.8607304243384777
0.9554635680091041
1.028912400310498
1.01100672693351
1.028733830507718
0.8782938262511693
1.08021713754962
1.0401854640476704
0.9388471457839198
0.9553370422599998
0.9999999999999998
1.0000000000000002
0.9182567854715311
1.0096791596325905
0.9866473318208449
1.0141493563331918
0.8920121863734933
0.9999999999999998
0.9788716597409965
1.119015506233103
0.9999999999999998
0.9127344206998727
0.9354993268498351
1.071575719357451
1.043422008242802
0.968160487402006
1.038582607313017
1.0000000000000002
0.977975546706658
1.0
0.9862441314613937
0.9839424166281872
0.9982882429075899
1.0
0.9991983875420314
1.0
1.0269774354086918
0.9930306735296313
1.0277547411509727
0.9533380234078681
1.1342725964819498
1.0255519598416905
0.9635972525885161
1.000807692065754
0.9670301540619419
0.9871759110230991
0.9809289620677202
0.9377522579881492
0.824396367456441
1.04442474076451
0.9619915630431
0.9807015008514623
1.0000000000000002
0.9362080265888799
1.0
0.8747981129799998
1.0
0.8740737817335901
0.964268854572
1.0801720849779999
0.9435233762109998
0.9999999999999999
0.9089841060000001
1.031289761
0.9126516001999998
0.8801916328000002
0.7678828999999999
1.0
0.7434899999999999
0.81
1.0
1.0
1.0
1.11
0.9390000000000001
1.2244738
1.1812888179999999
1.082337382
0.9999999999999999
1.0071596980000002
1.1322370001
0.9175205619
0.9946002660000001
0.921066572
1.08771649448
0.9151684603199999
0.9999999999999999
1.04039137
1.11862175107541
1.00360952
1.062578991
0.9999999999999999
1.0543126107799998
1.0
0.9658275590000001
0.9562311519019999
0.8692448031000001
1.0010992399999998
0.8892581401
1.0
0.9109107834069999
0.9328585702129999
1.0
1.073458
1.0334637432
1.0
1.0768734067899999
0.88432657721
1.041813651
0.8606080367117999
1.0153966529999998
1.0
0.8862535539290001
1.057524766734
0.9881999991370001
1.0
1.0750382244119998
1.04644364906
0.9611571998451
1.0238891688973002
0.9742003033975998
0.9999999999999999
0.9999999999999999
0.9996446556883
0.87920481805549
1.2274938080100002
0.9971926209999997
0.9999999999999999
1.0
0.981676423
1.0015144749999998
1.08861872046
1.0
0.9758591776125999
1.0156782526911998
1.0
1.0400694491898999
1.09393540535746
1.0376711320062209
1.1182448803624125
1.0607797648020472
0.9628084512392436
1.0151889011315511
0.8463992047872477
1.108403285713739
1.0093157829497899
1.0
0.9079163399609103
0.8571067547099998
0.9463110807999999
0.9437353082000001
0.78594561
1.0
0.9999999999999999
0.7501409999999998
0.8290000000000001
0.9
0.8394000687711902
0.9010541816067015
0.9354622995808635
1.0000000000000002
0.9330167677245425
1.1890512365539685
0.9853262714477327
1.1568756928683206
0.9442974066723624
1.0
1.0
1.0
1.0109582118577056
1.0320428976466267
1.0
0.8893433424421466
1.0101311616805881
0.899002219708972
1.0
1.087258189925754
0.9161322644782297
1.0
1.0
1.0
0.999459395519773
1.0
1.0482582517729204
1.0
1.0
0.940092302395718
0.9103035418362841
1.09150944408656
1.1005249878670316
0.8657655634490073
0.979772736206856
0.9375087052188076
1.009101997738075
1.0
1.0
0.9995134559677958
1.0
0.8998628808105982
0.9546656847650632
1.0079316817942714
1.0204013303392936
0.977585144650917
0.8437578346969268
1.0
0.9822774225304887
1.1947767324226122
1.2410610120315861
1.1287791999492631
1.0434324265956285
1.0
1.0
0.9087744798496242
0.9014221243659912
1.0212714466050776
1.0
0.8840496802774398
1.0
0.9334612470382813
1.0661527587942892
1.0
1.0
0.9232661156580637
1.0803386930783736
0.9290427146824793
0.8887983073552719
1.0
1.1272114876104444
0.9912165241198259
1.0000000000000002
1.0
0.9467303982138819
1.0527057803232291
1.0715758679386882
1.0355817188551801
1.0
0.9854446308822393
1.0213903154639374
1.0
1.0
0.9852534116707383
1.0770490454252293
0.8771662807247926
1.0061529864214018
1.0
1.0
0.9052326497373482
0.9946544640297419
0.9527455190152949
1.142529032886235
0.8784564357820668
0.9748883428288182
1.0496281021618783
1.083401193789754
0.8414342037575386
1.08219323061088
1.1325359039053338
0.9947496897528545
1.0066744912102215
0.9379092240373561
1.0
1.0390891839360656
1.0
0.9281800022120636
1.0
0.9216141480282665
0.9905305900908719
0.8718476709623739
0.9920948717078428
0.9999999999999998
0.9365731032348972
1.0
0.9988835240631033
1.0764155351172477
1.024701297713781
0.9852274685069689
0.7572907833817848
1.0
0.8544909744225573
0.9521483328276912
1.0107694313928426
1.0
0.9896865597730189
1.074870003890183
1.1643191224485336
1.1240737754522667
1.0249278941404363
0.9823623187621244
1.0530054113246656
0.9570790332035273
1.029458487771956
0.9429157929114074
1.0
0.9754107067740407
0.9642024136555181
1.066457252149501
1.0207539147931
0.9609442211205135
1.0192512839175438
0.9033440111181084
0.7400459779058126
1.0
0.8131704501206578
0.8966075952601085
1.0516938757953143
0.9335164691317557
0.941343367502393
0.9875139206380785
1.0
1.0276521937013494
1.039571155290424
0.9909124187494427
1.0254227602905528
0.9941506102109741
1.105264450810123
0.9392047682288036
0.9544258324581156
1.0
1.0881100776632089
1.0552135862683647
1.0
1.0
1.036142308165415
1.0894029373414742
1.0
1.0
0.7829396652510052
0.9741399200302725
0.8888450132744503
1.0009389143081524
0.9932653198759924
0.9218876061520829
1.0
1.0
1.0080611989726898
1.0927449209245792
1.0
0.9743816136939467
1.0111398455368745
1.0
0.9280379699629877
1.0347052816363262
0.9810392134574402
1.0
0.9747420500593316
1.0644345793533259
0.8326000969632672
1.0848204285237242
0.9901206781679057
1.0
1.0
1.0299420693519008
0.9061718297245047
1.0552349149084193
0.998047036481813
1.0
0.8769434523245521
1.0
0.9689280564423606
1.0
1.0
0.9856829474751476
1.0
0.8785168021880438
0.8110719573636556
0.9133360754927562
1.0
1.210584910306154
1.090179101515125
1.0001715548649366
0.9859140304471365
0.9947380057291106
1.032129398724886
1.0
1.0643102598023628
1.0
1.0
0.9871146527276329
1.0
0.9015837318209479
1.0112967152068921
1.1074477970098728
0.8298065342912007
1.0
0.8044413791790412
0.7763828288339305
0.9903129606196088
1.0
0.9816115177003095
1.0215547930958842
0.980723419017616
1.0
0.9859886502422353
0.9800544219447518
0.9940884179724638
0.9891552699016228
0.918865872457937
1.0
1.016884998680284
1.0
0.9604949266143816
1.0
1.0313597862319597
1.0142103562701545
0.9835828501539892
0.9697158258929199
1.0268223007911523
0.8904426787550326
1.120730864908892
1.1638127387345738
1.0
0.9521149004351437
0.8569034103916293
0.7977758420124983
0.9546986086855489
0.8984861573810141
1.07195033742751
0.9404961354315282
1.1228020519214534
1.0
1.0030578645083523
0.902810967736144
1.0
0.9928860443902074
1.0835295423183562
0.9048391923009698
1.0971112018820524
0.932502724078333
1.0430528782348953
0.9830236206165575
0.9999999999999998
0.9801779920359923
1.0
0.9126812497619938
0.9707804113668765
0.9999999999999998
1.0
0.9993007220468308
0.998459418616831
1.0
1.108989668976034
0.9704092433263851
1.0
0.971431480715276
0.9999999999999998
0.9159764505167185
0.9536023016762543
1.0823932106776344
0.9766112916597629
0.938349600776226
0.8725996128798967
0.9346568773707851
1.0
0.9061697463412308
0.8636180989799999
1.0568297640100002
1.13390268256792
1.1141104274220797
0.9040972694052865
1.0497756185464202
1.055201943308222
1.0083842046548106
1.1492185373068222
0.8452708702748188
0.9999999999999999
0.9784933773642539
1.0
1.04241443430354
0.8395178568389998
1.1255212523332077
1.0
1.0502330131935558
0.9725028925981569
1.1057517805320436
1.0502728859541621
1.0597012398841739
1.0
0.8051364103697569
0.9856058452398668
0.9840952659926854
0.9663089756948098
1.004599138844908
1.0483591835507409
1.0141090916049125
0.9826510771158545
1.0
1.039672431506823
1.0781398063715955
1.0337581070411241
0.9825382057134857
0.9814578215475231
1.011147605658538
0.9821961477278824
0.9689907933645712
0.915832575385664
0.9690189364566741
1.0
0.8922803568851654
1.0
1.1402106691342833
1.0865285026295814
0.9550174740078634
0.9587267270805211
0.9475231328418545
1.0925226578418283
1.0000000000000002
0.9206193924041
0.9552292602951522
1.0633833462237907
0.9860139599780728
1.0392113767452056
1.019356489116373
0.9673182965362401
0.9974299382653729
1.1379904462472368
0.973244018173038
1.0
1.0
0.9919194837310745
0.973702370230189
0.9572877405045317
1.0215313228928862
1.0617853436910525
0.9751765880865206
1.0284011516909672
0.9660446688880162
1.0686881278038407
1.0114859890635592
0.9634850062010973
0.975973024225774
0.9727851225714095
0.8546430988667622
0.9999999999999998
0.9349183826933745
1.0
0.8892013330195088
0.8978216125575689
1.0828224270702596
0.9999999999999998
0.9159862553128924
0.9019145816051077
0.7820991630819998
0.9999999999999999
0.8721116775200001
1.0754436430000003
1.1778832279999998
1.0
0.987140676199
0.9872468966000001
0.937731564248
1.070461691064
0.98597540056341
1.02955771263059
0.9614732431023001
0.9703118383661709
0.9614725412051698
1.0693312156900001
1.0229367181598001
0.9440453693989997
0.9376322859000001
0.8671974308406198
1.0
1.0138569876999997
1.109715347230928
1.009666368229872
1.0132492176416592
0.8252332137899999
1.0
1.0
0.8804776877565574
0.9999999999999998
0.8593178989299999
1.099710449330822
0.9217826288547737
0.8653259187920701
1.0159646997684
1.04682774036546
0.9767802730578399
1.0
1.0661122
1.0
0.82024807668883
1.1610736167978464
0.8786259852286709
0.934656502774653
1.1484761332737161
0.9999999999999999
1.0502860859761
1.0
1.0150475832837198
0.8692988574591001
0.9974733588999998
1.0
0.9836602282000001
1.0343616997319998
0.9117492965680002
1.0741036438
0.8944470199999999
1.0
1.08217064728
0.94605350354
0.9279563383800001
0.7831027307999998
1.2489979905
0.9999999999999999
1.1794256330887998
1.1736776370307662
0.9034434167946999
0.9871512982391001
0.92429453174
1.0
0.9510045769295999
1.161628551341037
0.8092660401045628
0.8736600803229637
1.0821536097144266
0.9284153469458789
0.9269854052551314
0.9601770063653021
1.0688760542041256
0.879868185182628
0.9999999999999999
1.0
1.04525747737849
1.0652325259666344
0.9376870949188105
0.8830845451155258
1.0
0.8140455416313852
1.4061493200418398
0.983499456959
1.0
1.0
1.0147020320644402
1.1259386092485184
1.0317225926518931
1.0004727107012579
0.8564741753031899
0.9010660903100001
1.1245760419900002
0.9977260230099998
1.0
1.070635028314
1.0027697315267998
1.0
0.8310759926912001
1.06669327942
1.0
1.068558932906
0.9442437870239999
0.9134709776220001
1.1445906690490397
1.1173051525965934
0.9999999999999998
1.022124776557086
0.9455145760552126
1.1129691270998872
1.0
1.0424600011340162
0.8900633609733146
0.9163216940088379
1.042423825989456
1.0265499366259754
0.9816466367266992
1.0421216776699258
0.9742523231618481
0.9008555902793813
1.2156268809412751
0.9853810615065002
1.0
1.1002038910742555
1.0049468372429198
1.044486956426733
1.1822955687144865
0.9854547873151489
1.0173272368003743
1.0
0.9679730663475044
0.9946795761752176
0.8991056153693977
1.0
1.0000000000000002
1.1077842313796857
1.0
1.0151964988122557
1.0
1.0179451647111988
0.9359575166477789
0.9105427525939656
1.0
0.812260832861728
1.0232174165057382
0.964912244300659
0.9837166566661928
0.9999999999999998
0.90221985959777
1.1124351494026563
0.9538149123187387
0.9999999999999998
0.9999999999999998
0.9985467927646461
1.0000000000000002
1.077453563707714
0.94070601181411
0.9409645415799999
1.0
1.0
1.0227637627399
1.0
0.9980896888579802
0.9840188671270198
1.0106120336392
1.143846134359777
0.9944531235639997
1.0074862978299997
1.0782789079464823
0.9999999999999998
0.9848829742931902
0.9740337746937398
0.9407318647906995
0.9468680874219999
1.0000000000000002
0.9866338881199996
1.0628392418300001
1.0
1.02048738646591
0.9521812786797996
0.9999999999999998
0.9343097811379997
0.9999999999999998
1.006261500089676
1.023310779328361
0.9537220790349301
1.0746161318629
0.909191923578738
1.0224369316405828
1.112865339688387
0.8919050577336292
1.0
0.9966826066848842
0.9866781837782379
0.9766383532133158
1.0011916344623906
1.046105456035551
0.9999999999999998
0.9957564409906001
1.014555699047
1.0
1.099990140205352
0.983798054333245
0.9672962805974801
0.9027145519602664
1.0
0.9956821643942197
0.9856742007217456
0.9557331293137254
1.0
0.9283516117388602
0.958433421086865
1.0
1.0
1.0711025473957765
0.9999999999999998
0.9697082073369427
0.9298979831337477
0.870566652537732
1.0714032311407673
1.0871521445541796
1.0
0.9728124934853626
0.9228960951295675
0.96715451867661
1.2260267618325984
1.0563036457562407
1.0131001291423
1.0
0.9999999999999998
0.9847565848223667
0.90846351081182
1.0
1.1539435560886813
1.0
0.9946813680269722
0.933335972832066
0.9403113586802336
1.0
1.028435968527762
1.008975143315491
1.0078895860300008
0.9594975478864327
1.0
1.0
1.0254547214415521
0.9974350759676618
1.000334916807771
1.010963290156007
0.9843859694042691
1.1000195174753942
0.9653793626217049
1.0
0.9031281195896024
0.9765152155048784
1.125428996917636
1.0000000000000002
1.1715616265794462
0.8814131083457797
0.872796951905972
0.9824301672968894
0.9827799970102924
1.0760165647252382
1.0
1.0136768489310302
1.0
0.9626509174818239
1.0
1.0
1.0339622971668827
1.0082524598654727
0.9808756122915512
1.1053099191875053
0.9211512114927647
0.9721170428110069
1.0
0.903052321196649
1.0
1.0816455982117539
1.0733773997674094
0.9553883993151293
0.957606367656654
0.9620230853418519
1.0
0.9999999999999998
0.9944905665711345
0.9756542340603376
0.8950415099140212
0.9039430862165196
1.0
0.9193486444489201
1.0087203484235143
0.9813018034432901
1.0542696326861036
1.0
1.0
0.9093822363006243
0.9980907020784304
1.0000000000000002
1.0204152931155517
0.9742883326437484
1.0
1.0054879220999744
1.0531244681305996
0.8890001393092952
1.0
0.9282858148463795
0.9380459348192631
1.1616441184050028
0.9759196163557342
1.0
1.0
0.9742363694354852
1.0000000000000002
0.8763321332071701
1.0
1.0
1.0551406762428632
1.0216434992129866
1.0
1.0
0.9991294873481553
0.9931865134865376
0.9004525945607869
1.0
0.9982816318705869
0.9999999999999998
1.152310272768333
0.9768594993793736
1.0
0.9370371606578127
1.0509307271081234
0.9873107497098264
1.1184250785900185
0.9165478606372557
1.0367120352484687
0.8915133406323557
1.0
1.022165503410672
1.0627823443318207
1.001417684778959
0.922135562340878
1.0
1.0
1.003172971319238
0.9627388012370912
1.0603154149464578
0.975123853057229
0.9578748412190001
1.0222747442603828
1.0
0.9114772403818638
1.1796704836563223
0.9768127324919362
0.9999999999999998
0.9769368645822796
1.1207568218759483
1.0004221825978459
0.9294175497002901
1.019479149291688
1.100313626883421
1.0
0.9985351899619932
0.993867862137884
1.0
0.9884123481976481
1.1169581632725971
1.0608777731315728
1.0
0.9982575197294754
0.9791735494414362
1.0983502762249313
0.9216433564371549
1.01784486124594
0.9659010778034998
1.0104899578459206
0.9562676899149527
0.8780888106543039
0.988145223778359
0.9299220061067903
1.0
1.0022720358262125
1.0023620065691203
1.0
0.9991295543110235
1.0114980633439479
0.9999999999999998
0.9129687413358245
0.9791314592427427
1.0
1.0010365961165677
1.086872371975429
1.0
0.9980684571795821
1.0431693700015068
1.0
1.0
0.9996122338637634
1.0
0.9488517053284737
1.0331468191520372
0.7902799295888734
0.9609709202009449
0.9193061924459744
1.012305859178978
1.0889247267389195
1.0
1.090678185691122
1.0089008491613012
1.0582678176555085
0.9857948444313209
0.9886420322636713
1.1270841825246056
0.9334160402423979
1.008305558080833
0.9959493242113817
1.0
0.9696210674996244
0.9914065936461538
1.112886097225872
0.9999999999999998
1.073320577291492
1.0
1.0208008415288858
0.9984943293768811
1.0753504534881422
0.9487840811704815
0.9706613251815621
1.0716632039990712
1.0
1.0
0.9964289999241212
1.0804626436073268
1.0
0.8926768737013824
0.9210781382428963
0.9769643173064535
1.0
1.0280342801491502
1.0015228549713115
0.9578792338221265
0.9867964279753336
1.0143862107371957
1.000071558864314
1.0064707934189188
1.0
1.0
0.9911165907965067
1.02091182338719
1.0134870048424522
0.9160520783266681
0.880551492701799
0.8837602734450636
0.9824651502682293
0.9921036537817869
0.9210117867717384
0.9471096979788647
0.9194884773345691
1.0
1.0329432366255689
0.960159816382353
1.0
0.9313597926736603
1.032779695976578
1.0
1.0598474372056632
0.9209510789175115
0.9827748452545304
0.9447171678278239
0.9493179122933548
1.0991765546228
0.9408788030241997
0.849005067644254
0.9104944244559487
1.0
0.818643606012861
1.0519832940948466
1.0117901162280702
1.0
1.0
0.9707288837312049
0.9880706114103905
0.8221052840564549
1.0258393391638994
1.0770588800789804
0.945471898172102
1.0
0.9915818587486036
1.0
0.9589632473027199
1.0
0.8755712584344388
1.078155194242778
0.9789690775118598
0.9451772422743767
0.8748058022538723
0.9643037765262992
0.9951373021847199
1.0385492004798131
0.8661167997306376
1.027102947882764
1.0
0.9885468285074812
0.9340335114168827
0.9462802228122102
1.0
1.026489886006535
1.056269709067918
0.909195053832458
1.0
0.9999999999999998
0.9140518130355617
0.9204794447389424
1.0
1.0
0.9568677983668943
1.0269313395589303
1.0162008620741751
1.0
1.0123091640379271
1.0
0.9055653081463584
1.0663858257336416
1.0313913134367416
1.0055147751080806
1.0614876786540488
0.9452591007972067
0.9262477946245888
0.966647429055423
0.9097067751331032
0.8905505885083957
0.9802773814322672
0.91181420493914
0.98086562158919
0.9318650785660001
1.0000000000000002
0.9720669743707437
1.12639230021739
0.8609639894690064
0.9592687781361
1.0607743423990001
0.9651063907279998
1.0801967011129
0.9999999999999998
0.9827230040770396
0.9999999999999998
0.8895615694764858
0.951326743817309
0.8918813666643652
1.0
1.0
0.994211674825284
1.1368516162300981
1.0
1.0
0.888636875143902
1.0265394990369998
1.0
1.1410236917291858
0.8947760906039728
0.9999999999999998
1.2277464644577352
1.1165170075888562
1.0285976044568297
0.9718265235482719
0.9155137914960503
1.1512659919415218
1.1120301421214784
1.0765829145220003
0.9537624482790001
0.902427137533212
0.9707321591333
1.0
1.0391986417479073
1.0
0.9474665501756079
0.8962414923738711
0.9979534207089995
0.9999999999999998
0.9999999999999998
0.9819438456744805
1.0024927583741194
0.9071639761326706
0.9085778438636003
1.0000000000000002
1.0000000000000002
0.8221238798598001
0.7290407759199999
1.0
1.22409819145
1.0
0.6561587983279997
0.6861269
0.8280000000000001
1.2414473799999999
1.24955262
1.0
0.811916852
0.7461
0.9
1.0
1.0
1.085931724122052
0.8900649512944532
1.005537687779262
1.0
1.0000966639680424
0.9776691492279177
1.120097765694874
1.0
0.8841620999136
1.1075768934911983
1.0850185253495708
1.0
0.9158886932010768
1.0084646736279717
0.9310607892972005
1.0
1.0434127735125518
0.9464892618664646
1.1137774155323252
1.0006618264399134
0.9744278975049165
1.0603778795240086
1.062707116072433
1.0424749773787418
1.0717326672126801
0.9165702523831327
1.0
1.089087957037946
0.9699195404732182
1.1270724135741035
1.0170472076440409
1.009575162064817
0.90409983874566
1.0908651752809941
1.0
0.9317796820409541
1.0
0.90650357927136
0.925324996376605
0.8997680143397377
1.0
1.1029348275811448
1.0765166728146136
1.0
0.9251462912437662
1.0351065339827512
0.8601984215682976
0.8660413801152314
0.8646106767154635
0.9509718055715897
0.9584209693528454
0.9764695221802391
1.045871021530229
1.0644968835991642
1.0
1.0
1.0048323642924417
1.0309006521088002
1.0
1.0
1.188690651362375
1.0265126389947605
1.0
1.0076789243975717
0.9105254476879674
0.9667749274002162
0.9502027449443897
1.0
1.0
1.0
1.0297048958797097
1.0
1.0547830000397607
0.973618345808402
1.0223058810313508
1.0
1.0
0.9973225225165208
1.0230917124723078
0.9196795450464847
1.0817786577528947
1.090509751705269
1.0
0.9361423155176647
0.9972798144406112
0.9441592393307321
0.8471749348720712
1.0
1.0
0.9302706209444813
0.8794372421037084
1.0
1.0
0.8090559324839872
0.9266667561492516
0.9792678855758084
1.0
1.1050570305148106
0.9032242715114218
1.0100258609831871
1.0
1.0
0.989249107092097
1.0
1.0129547455499077
0.9395363305943505
0.9712821360558119
1.0
0.9101476736305028
1.1156984039192663
0.9967783658787981
0.9909730733133602
1.0090232748848684
1.0
1.070499141425876
1.000595380615608
1.0
0.9903241963828875
1.0
0.9698163014356758
1.0
1.0
0.9794499015573139
1.0
1.0201693415327167
1.003743512190874
0.8901184787616097
1.1577909968135356
0.9517167219497151
0.9900270626582559
1.0
1.0580471952392478
1.0
1.0
1.0022133984067199
0.9319268690919071
1.0054486725366707
1.0051998617310274
1.0591420340513586
1.005612904054352
0.9427109111404963
0.9314352691849981
0.8513216956611473
1.0
1.0
1.1877060335847722
1.0678533382350626
0.9961978366222541
0.9927780934705113
1.0081209473963817
1.0
0.9084232056422175
1.0095999518037355
1.0005358425540472
1.0
0.9912917767445988
1.0
0.9728346712921083
1.0
1.0
0.9815049114015828
0.9958558623070797
0.9930370545335587
0.9633266132384435
0.9849802497121258
1.0949672762213045
1.0698215862261375
1.103046646358389
0.9242383254489579
0.9922766776439254
1.0
1.0801791613341516
1.0030950435239165
0.9083857209818844
0.8497433153976588
1.0
0.9930705912329163
1.0163000030861187
1.1778370954704354
1.004286704504418
1.0
0.9709034324327233
0.9017732680209409
1.0752371614750182
1.0
1.0
1.0074252069373317
1.0752558632764866
0.925606168021528
1.0
0.9027855391715249
1.0
1.0208877646787964
1.0
1.097167084383916
0.9009990387512476
0.9487264416333616
1.0200752929282157
1.0
1.0
0.9998994415120994
0.9639904159915451
0.8740229086358386
0.8914935178933376
1.0
1.0584842728622061
0.8334435686536934
0.9947116729991885
0.7957402012100108
0.7975503656378065
0.8741909059043267
1.0
1.1186495715436553
0.9489794796669107
0.8472669039301608
0.9205784997621338
0.875723228000177
1.0213200979819974
1.0481288036200689
1.0
1.1926837355216848
0.9580480394251742
0.9658207768076668
1.0
1.0
1.036087996760659
1.013837546010722
1.0652509202555458
1.201597487503285
1.0
1.0
0.8052144196644584
0.9639959095013664
0.9445353101881637
0.9289608391426449
1.0
0.9997602633094496
1.0
0.9548128507194178
0.8960151204549374
1.0407934084105201
1.102228309950678
0.9275396296011122
1.1006943396937428
1.0256648946012474
1.0346823138203183
1.0
0.9539312178209678
0.9949642041350375
1.0479639763081692
1.0106111046052633
1.0
1.0
0.9010015064059878
0.9666660690212556
0.7795051197575738
1.301899214625807
1.0
0.9467909227217799
1.0
1.0764331914275096
1.0
0.9924236728737434
1.0
1.0516930197110481
0.9434699296604061
0.9516522005309893
1.0
1.0294678683126735
0.9979505864780367
1.0124187532588098
0.9594684522567376
1.0
0.9304390676772127
1.0
1.0158999465728464
0.977745887051201
0.959208386867753
0.9999999999999998
1.0
0.9328143850427337
0.9863052274175457
1.0182755484492123
1.0
1.0
1.0120845406206818
0.879971298346081
0.9448551006103749
0.9999999999999998
1.0226633498904978
0.9639830579661122
0.9915240715436591
0.9089903800302574
0.9066104816384606
0.8720437339884217
0.9092921123142657
0.9575644216712795
0.9396561285730707
0.9470898956995688
0.8837555996811148
1.2924808497227402
1.0258134934288288
1.0000000000000002
1.1503988546258066
0.9243926530944877
0.9880176415336357
1.0141900190702964
1.0
1.0276827648937867
1.0194532984508653
1.0
0.8844431773322146
0.9521118304496019
1.0
1.0687898722847586
1.0
1.0492901700741413
0.9816289911018861
0.9407203934627506
1.0232321440859455
1.164148558472675
1.0000000000000002
0.9198175180876984
1.0286624329770464
0.8998909755442184
1.0
0.9745982137503617
0.9633333626854799
0.9465734054408623
1.0
1.0619108850562828
1.0
0.9500402940420583
0.963066922572448
0.9842906407979486
0.8667602303152031
1.0
1.0
0.9969338475182308
0.9564869804778904
1.0
0.9758327987383986
1.007069934693888
1.0493908010702913
0.9621921315685324
1.0000000000000002
1.028333467749769
1.074499879025208
0.9849944670807822
0.9955087834079985
1.0
1.0232821383538568
1.0000000000000002
0.9597472431602774
1.0
0.9999186681614531
0.9993974031561141
1.0303451736097031
0.9632875481809777
1.077553385010837
1.0
1.0284806708595224
0.9895022595207124
1.1094479664313588
1.0
1.0
0.9988732163932217
0.8864596785725105
0.9503695905493375
1.0
1.0112960529044734
0.9360539067928992
1.012771017163267
0.880084207283683
1.0
1.0
0.9580008605003372
1.0542026564412537
1.11864071819839
1.0
1.0268598182494946
1.006019386557183
0.8912100426439531
1.0311812391898714
1.0373237855246185
0.9999999999999998
0.9120580602559754
1.0
0.9793816606550829
1.0269196935029377
0.9608382824301014
1.0
0.9789565123339474
0.960499106439594
1.0288036596038754
1.0111120654626773
0.9816961851954624
0.9902710614815933
1.0393933762742262
0.9705885794332147
1.0
0.9205690621455953
0.9979915060307614
1.062454870332982
0.9914153116832145
1.0
0.9659729184116788
1.08063857616237
0.9043769777044854
1.0132384070257878
0.7730849924025849
0.9045996872535442
0.9800322540650275
1.0231592151520603
0.8995232678007827
0.8957945483833702
1.0
0.9125024085435229
1.0144637565068986
0.9453552642401786
0.9889865574642345
0.9787703262279654
0.9487924527681
1.0599367279593426
1.1466217424442733
0.870794468335716
1.0754130073583243
0.967250260002066
0.8583862034511001
1.0000000000000002
1.0000000000000002
1.1040280907107
0.9981580786380997
1.0
1.089
0.9754684156912536
0.9879649343406074
0.9757725388819787
0.9983422707742897
0.8781952849937809
1.056631906287431
1.0
0.9563638543469692
0.8725475831059897
0.9999999999999998
0.9999999999999998
0.9089301583373486
0.905537454298112
1.0552530282324
1.0182738959453865
0.9453822061020145
1.002693229997929
1.0
1.0269213225562672
1.0
0.9052984815435756
1.0
1.0
1.0
1.1049718180119616
1.0
1.1077250672756536
1.022920496365974
1.0372924610581016
1.0
0.8354618911456198
0.9169072680756576
1.0
1.0844507036693358
1.0
1.0992446101846856
0.8436064288386234
0.898010276017382
1.0
1.0
1.0760056333024024
1.0
0.8971046554640663
1.0198965343264756
0.97365894321997
1.0
1.0352787775731167
1.0
1.03201459412712
1.008133144967767
0.8272679711460307
1.0
1.0
1.0214661346590992
0.9852928247953909
1.0
1.0
0.9247321928769332
0.9760729858609372
1.0
1.0
1.0438564241828898
0.9893201491662169
1.0926741773354636
0.9785143540440111
1.0698678213946928
0.9704393521371568
1.1701618914451677
0.9787413636480915
1.0142661063214011
0.8985080436968607
1.0
0.8779215741221282
1.1016722143898985
1.0
0.909871880428812
0.9289319072068998
1.084314705669086
1.0009049498258844
1.093159243021263
1.0868429553558503
1.0
1.08623775684044
0.978240595624364
1.0
0.8313164428383195
1.0981910099558396
0.8807170050549011
1.1241424243544353
0.9615736921014011
0.8902829149983589
1.0303336374542056
1.0000000000000002
0.8838516089446176
0.8223634846004155
0.9999999999999998
0.8546377213640801
1.0903163712965998
1.1469852027041598
0.9177200594772399
1.0356655773742762
0.9831239401054437
1.1330683266254766
0.9926211325586727
1.10151117999906
0.9597234880369439
0.993973697864559
0.9134205947224943
0.8396160928315581
0.9646479369960446
0.8259480535295158
1.0304114136473932
0.891833187820491
0.8174280822104725
0.6905208184951999
1.0
1.117912299995
0.6191225248
0.8251999999999999
0.81
0.9358894563171258
0.9048406872773906
0.9385304056295873
1.082651767148132
1.0750477221664547
1.0
0.910741191444632
0.9227029742694461
1.1063394413614382
0.8530448137004978
1.0
0.9909602334116534
1.0795040728351002
1.0100278589541012
1.20072482466872
1.0
0.8499857679830152
0.9108235280593613
1.0
1.0
0.8253970758509532
1.0983009463241928
0.9963084126665023
1.012760385460581
0.8989505462005356
1.0297159682090857
1.0143366348497378
0.876483014050002
1.182435979712083
0.9647418485066082
0.9723601722865483
1.0617213528276648
0.9400248471343797
0.9624574413848643
1.0
1.0
1.014208272571247
1.0
1.0467248899570976
0.9115041993589621
1.1363686728056765
0.9197029648697517
1.0
1.0128369077612835
0.936323469507176
1.0
1.0801116524842467
0.9115532169851552
0.9774208894185876
1.0690585353622808
1.0
1.014666311502951
1.0041090051361246
0.9264556033535354
0.9151002242457098
1.0627817471722527
0.9270122098888769
1.2085326313208395
1.128162547275485
1.0532583318334714
0.981069443893027
1.0020463900540895
1.0250804559194102
1.0
0.9694638956313599
0.9422681065594283
0.9662116972463779
1.0
1.0
1.0127874453141223
1.0
0.9865846540129568
1.0234383628652877
1.004723672257131
1.033990646703634
0.9073719536413098
1.0
1.0
1.0167984496297944
0.9302627311169376
0.9033152555411097
0.8146958646990039
1.0
0.9294909604495776
0.8521951802746326
0.955547756020569
0.9910243563924306
1.0
1.0522424757153233
1.0
1.0981050944760002
0.91364532328328
0.9951847454752385
1.025550883017254
1.0054237914561064
1.0105940789630603
1.0097046492815878
1.0166920534793347
1.0086935408787667
1.0105051359949133
0.928814003225412
1.0
0.906940507596214
1.0
1.0
0.8961237639809592
0.93168730094528
1.1825854367331166
0.8577524252163848
1.0669516942461952
1.1656780136998042
1.0
1.1606665665915354
1.0682676636559476
1.0
1.0
0.8909647647865495
1.0727725915807147
0.929868376538364
1.0117895889181692
1.0
0.9623481498513935
0.8479367567061442
0.8145037692568731
1.1491102123298238
1.0610849481523452
1.0
0.7330533923311857
0.9590954160577554
0.9622338050474823
0.8787381206289671
0.93155707787083
1.0
1.064184678096411
1.0669920560246409
1.1170247835697444
1.0770042052844713
0.937266340280269
0.9628035928698329
0.9797625224505517
0.950565734913245
1.0004822582986423
1.0
0.9047924417905184
1.0710089109006713
0.9964819678730317
1.0
0.9375123024965952
1.0
1.047018228143791
1.0
1.000346547643261
0.7719771826947466
1.103694173437055
0.9594092549567281
0.9660586503725983
1.0123273653493636
0.9850617079800719
1.0
0.9577662102867701
1.0880422626491026
0.897895191516608
0.935932602902871
1.0
0.8788564328002537
1.0
0.8307945473742517
1.433217952059051
1.1060830379113065
0.9162464568365927
1.0
1.1229610194163544
0.9875218492800695
0.9968337710857287
1.0
0.9437610722469358
1.0
1.0423164053294118
1.0
0.9030699472999277
1.0
1.0565400256548383
0.7947794644252721
1.0
0.7933632048818113
0.8287351076018385
1.1814377387529567
1.0
1.0
0.9697963653792301
0.7579307597394906
0.9744784594251426
1.0
0.9860458987135039
0.9959579050671987
1.0
1.0169286488344988
1.0543969900768964
1.0
0.9998665416609194
1.0024921802014728
1.0223476153036664
0.9553326314944037
1.0
0.9601585858978408
1.103249810358329
1.0
0.9734717286438737
0.961657366961018
0.9519160648967762
1.0
0.9259576308393456
0.9806512283892612
1.0
1.052703947077532
0.9535268751248895
0.9999999999999998
1.0482522721500054
0.9875354642129357
1.1442730569271764
1.0339065354678134
1.0
0.9932482591747493
1.1327791414802362
1.0176194649451753
0.998964043132498
1.0049959465455518
0.9807472120853704
1.07555294138868
1.0
1.042786239882268
0.9382387194596677
1.0
1.0
0.8984846764461774
1.0100323895135457
1.0415530593545888
1.0
0.9532485669642958
1.0169060299500607
1.0786356611671541
0.9841354639398685
0.9722902924755878
1.0138402137316964
0.9547290268989646
1.030515881921032
1.0
1.007201347405298
0.9523957255675355
1.0936869705788745
0.9967200058610006
1.0500993795728606
1.0
0.9064812126647683
1.1426756637455755
1.0157539227639076
0.9196432045808427
0.9594988955508328
1.129951082791914
0.8920757865553148
1.0
1.0
0.9931729030071734
0.9647544541870914
1.0
0.9499585797234635
0.9771107717445122
0.9673295617560222
1.0270345001897554
0.9489572910692068
0.9706945703499184
0.9290575544248014
0.8545980635133581
1.0133490230049023
1.0330195586857356
1.0734153619695164
1.1987414202993025
0.9674871034098751
1.0446121996394662
0.8130637251234991
1.0
0.8580038995500714
0.9999999999999998
0.8989779734578118
0.9999999999999998
0.8559636014531922
1.1526363104759572
0.9999999999999998
0.9444701870531182
1.1496320892836493
1.107885551129132
0.9345136700645984
1.0569758667675657
0.8741418544263098
1.0000000000000002
1.1063173630658922
0.9251279467171944
0.9172978785285966
1.107516743280017
0.9999999999999998
0.9631485090197054
1.1331663418822648
0.995685626759303
1.1681565148694326
0.9692386991269002
1.0
1.0
1.03404056144933
1.052094161268216
1.0531152548586051
0.9408312842263509
1.0370591390141137
1.085947967802495
1.1308176298724946
1.1556627652461362
1.0041328829890501
1.0713265452775054
1.0126489921669053
1.0
0.9987108669988054
0.9733000555993954
0.9243310501707798
1.0412965772968865
1.0377008791521947
1.1507948014837857
1.1430072726350264
0.995474734120176
1.1130227257412169
1.063030418784051
0.938596279743567
1.0567901237867212
0.9896805401128934
1.0
0.9865555371820647
1.0
0.97335611532458
1.0
1.0
0.880866555354952
0.984359333804667
0.8241997307484259
1.0
0.8210408536666245
0.8317573526111492
1.1090514565450365
0.8722035095950644
1.0
0.8951624190475509
0.7921064363648784
0.8401271361403742
1.0970629506230682
0.9999999999999998
0.7561144225263368
1.0
0.750955764784625
1.0
1.04598999634834
0.9999999999999998
0.9999999999999998
0.9306947784579085
1.1185730675249523
0.9507779486493915
0.7581542983827443
0.9082484614341106
0.9498834215289151
0.9999999999999998
0.9861554507556995
0.9018200293611103
1.0492032924373946
1.1285873068282417
1.0652928865720082
1.0905483630226787
0.9467598897348952
1.0
0.9720122025574021
1.0559736813700897
1.0
1.0
0.9367077357945601
0.9733989518734061
1.0488234635061788
0.9933217193080905
1.0052956018247132
1.0346520554115342
0.9893923511655704
1.0640919383340781
1.0145190646815343
1.012650482901696
1.0531517739369987
1.0050677310528235
1.001784655982681
0.9369298054961113
1.0
1.002281032900503
1.0021258059122085
0.935387506831103
0.9572812167108304
1.0088601301957205
1.0143618844710793
0.9198940471839365
0.9129256960239713
1.0233549794549972
1.0493562049636431
0.9631347370125782
1.052196270627255
0.949225280245314
0.9504540697051269
1.037639779955495
1.0
1.0904349340094948
1.142366926104929
0.8971492238975769
1.0458380006534973
1.1678771819571967
0.9870370993488735
1.0021340368984717
0.9665308687574066
1.0332721684124158
1.001118941612324
1.011384092950215
1.0
0.8988397802989248
0.971272013526191
1.0
1.0
0.9342656281463337
1.0516239758746027
1.0055031969611554
1.0
1.0331260764709485
0.9876318626111504
0.9682600922852009
0.969853775010022
1.0
0.9826461882348201
1.0309860632621493
1.0156461169227402
0.9597993683449635
1.0
0.9744677083438891
0.959104147638328
1.0746837183758704
1.0025710730995334
1.0258392669947085
1.0651845756180935
1.0
1.0
1.0333501421172688
0.9596143132628723
1.0405753936074513
1.0
0.979389570512069
1.0000000000000002
1.039177944815717
0.9378963899518917
1.0
1.0
0.9096394477529142
1.116519470709377
1.025976559231829
0.863652881936585
1.02307899307177
1.0
0.9195425992300499
0.9764452846011984
0.9127348680947609
1.007929095048423
1.023580427200094
0.9028682078997834
1.1141426753453256
1.0436041962691252
0.8972984559523427
0.9642536393487946
0.9921399796743271
0.9236287736778419
1.0749632735302823
1.0
1.0732759375448697
1.0000000000000002
1.025436938611538
1.0031951358859696
1.057938877071756
1.0
0.9469897635136264
0.8275883393070449
0.9999999999999998
1.0
1.0093186259767761
0.9560131690006184
0.9551892422379158
1.0322247211721753
1.0
1.014828718176014
0.9812041057001402
0.8939056941902854
1.015948665666297
1.029024053019733
0.9684031550565342
0.8799084507658039
0.9999999999999998
1.0044541080051719
1.0108522492178957
1.0000000000000002
1.051089463761477
0.9914319957402009
0.9475707021831719
0.8800487005203235
0.9783106309692242
1.0031152476795677
1.011837629585472
1.0
0.9993490809064529
1.0
0.9404915966819001
1.0408703027266428
1.0237320227179016
0.9772881318871025
0.8970498449717126
0.9999999999999998
1.1037082734126253
1.1480984202933635
1.0
1.0
1.0806101610975083
1.0
0.967561635699651
1.0
1.0179927598047867
1.1072140004575557
0.9683433734990432
0.872377583419583
0.822112503561077
0.8594867630045377
0.9999999999999998
0.9186168690830372
0.8647011525101171
0.9643315412149853
1.0678162852785946
0.8611300403562048
0.8969575563777601
1.003139740399538
1.0
0.7675752398906994
1.1241784647845905
1.1017935556373961
0.9315155836227271
0.6823388685444698
0.9454079928076042
1.2276932749862157
1.0
1.0196606139603455
0.9989981805831172
1.0967650689520154
1.1447504689373056
1.000305960575128
0.9189785372825745
1.1222578648026185
1.0
1.0761695156939002
0.9520839007614057
1.0
0.9804083504386711
0.9667174610772014
0.827904642465543
0.9720516923002434
1.1295934388428923
0.9812183133184684
1.0047394235458091
0.953330919355112
0.9809414030366834
1.0010242443329287
1.0
1.001947466819698
1.0
1.0
1.002578548461775
0.9797568038192368
1.0
1.0
0.9996510104773872
1.0
0.9426662450219423
0.9913918353354172
0.9816197697952234
0.9917687528166048
1.008415128683519
1.0
1.0167006120052262
0.9478365965432989
0.9221246265123648
1.0
1.0000000000000002
1.1357468967219055
1.0953606204281046
1.0176139346052762
0.9019132253209876
1.0
1.1875463834767253
0.9432368249465002
1.0395755142759606
0.9624391080593195
1.0107280661932692
1.067705843518602
1.2297315692529072
1.0
1.0259551020058613
1.040734058168537
1.0021454567461132
0.9945926987985727
1.0056838911319108
0.9999999999999998
0.8248928776965028
0.963288221154402
0.959172640730164
1.0338758019599457
1.0
1.0442516627801892
0.9581008284109389
1.0808926385268842
1.0
0.9132252974257451
0.9912029669410198
1.0380124554023749
0.9791229949737075
1.0
0.8809419526393012
0.9930188718947717
0.9999999999999998
1.0390647408332583
1.0652798135688832
0.8695217923144312
1.0
1.0017527201377283
1.0
1.0
1.0002963739975208
1.0098142104590335
0.9625889989317797
0.9472930733041127
0.9310270408660943
1.064841733250068
1.0
1.0232991352012308
0.8847805464690903
0.8647127919583606
0.9849985082112069
1.0028257663595843
1.0
0.7484859402784712
0.7296417793604826
0.7214687366456798
0.9999999999999999
0.5763102723200001
1.092502642
0.67149
1.0
0.81
1.0
0.9809662990974037
1.0
1.0656780822161442
1.0
0.8707773545185895
1.220672125731284
1.0
0.8982470350481258
0.936985077129636
1.0102517785162246
0.9526177646720253
1.0
1.0551642520320734
1.0
1.0084285849291081
0.9840652748161611
1.0
1.0426911225564588
1.0
0.9002784160604711
1.0305915820332707
1.0
0.9246083953836255
0.9225227981064132
0.8568817051348487
1.1514266762979766
0.8162170812842531
1.0
0.8436987686913264
1.179784132717785
1.0
1.1952855058772638
1.0197444781739402
1.065132164706366
0.9765642544100466
1.0
0.9056882153187904
1.0106106300263522
1.0325889714848238
0.924479398786223
1.0
0.9699020423539757
1.0649890555799044
1.0717997737974665
1.054738529196515
0.9835944803976902
0.8649080483262006
1.0
1.1082688190475838
1.0986049131581557
1.0
1.0
0.9455402093119298
0.9445342710413569
1.0
0.8756446813831658
0.9151186046668149
0.9275320425893083
1.0
0.9591479864214194
1.0034664912794344
1.021547232475847
1.0
0.964307985712872
0.9856587473345453
0.8861546247101111
1.0
0.9098645233671991
1.1080906630932255
0.8251940044528263
1.0095495670237171
1.0
0.9794107436765689
1.0442355443291302
0.9975803969376824
0.8345953731558278
1.0
0.767228643330383
0.9600741944983153
0.9990926752111795
1.0
1.0048677709729228
1.0218015960034417
1.1618057194460065
1.0
0.9376098397930592
0.8438488558137531
0.6909533109334429
0.9102867864748796
1.118498622401681
0.9504156641478825
1.0008227370214202
1.0411547120963984
1.0
1.0423622336729408
0.9311079700675595
1.1068351307323026
0.9708054721296859
1.0
1.0123733254986909
1.002121225670383
1.0124203327009895
0.9964926004118002
1.0060718292451791
0.9499968917171966
1.0092882993193513
0.9660778691902667
0.9971503939771558
1.0
1.0493849650222424
1.0
0.915098072347531
1.0065611534759746
1.0759461091098452
0.9753966488278318
1.0706731382923818
0.8897836561696688
1.1151836001367736
1.0
1.0602006562151467
0.9059050381283771
1.0151813239168308
1.0128556820585932
1.0
1.0
0.9709243069495073
0.960732657705917
0.9419088882297255
1.0
0.972210388918552
1.0715174038779458
1.0108275594720704
0.8968433403706202
1.0246218111529335
1.0
0.9810163404705565
1.027149638207948
1.0
0.9036652401230962
0.991292196544832
1.1148011983994626
1.0
0.961386011263393
0.9849242977742865
0.9341443766174518
1.0957963722503319
1.1260007960225655
0.9414711997399454
1.0
1.0
0.9770676274933563
0.9972815967839028
1.0
0.8559933331429876
1.0395700295899855
1.0526288681597773
1.0
0.9540056309775169
1.0193925092282625
1.0
1.1191522748382101
0.9717258371905411
0.9784172434935807
1.0
1.0028598874348678
1.0152489020353213
0.8870928726010909
0.8582707582354656
0.9090806856699318
0.8117120864155534
1.0
1.1411499996358763
0.8181726171029386
1.0
0.830540877773998
1.0
0.7712947195451498
1.0417595845646108
1.0449972050075376
1.0536364210748785
1.0
1.0
0.9169002241604609
0.9454396154848728
0.9500808439372213
0.8503072030198142
1.0
0.9239533933280768
1.0754268097712312
1.0643869733690132
0.8511358358402452
0.7823776836336096
0.7041399152702486
1.0
0.8059974554943428
1.096569063470664
1.0
1.1075478363943039
1.0144474903473508
1.0
0.9790890244224109
1.1116684370691003
1.0
0.8743510027876877
0.9625524568257267
1.0443032575533393
0.9605443188025915
0.9429356555884656
1.0
1.1534704302188459
0.912673364104287
0.9137240118317891
1.0174532583054363
0.8622550577484374
1.2810845136780862
1.0
1.0420833466089037
0.8452142647182068
1.064989458456127
0.9550727595434991
1.0
1.2597598310950842
1.0743228261310094
0.9599567808066198
0.8928036154977677
0.7253977099449083
0.7942083180297401
0.8544259348957062
1.0
1.0
1.2210380141785668
1.1747088070045448
0.9697577881929806
1.113568132003142
1.1026901745786888
0.892162976890349
1.0
0.8903468131769925
0.9880501705498275
1.0063840318630883
1.0
1.0802927116464387
0.9588502807582979
1.0100430034976782
0.9931031706706688
1.0816636114686324
0.7932217789944938
1.117036613954212
1.0
0.9349554053041516
1.0
1.0
0.9898835566811535
0.9435509847943586
0.7819084819441624
0.8258499295054227
0.9303547026073549
0.953589202844116
0.816029150022469
1.0
1.0651078343961
1.0358451581403534
1.1732464066689112
0.9377232864497325
1.0
0.9901198592631033
0.9316210055312859
0.9896666274324839
0.9741448121735719
0.968419460557683
1.0582270450119369
0.9046413524970833
1.0
0.9701865311761462
0.8731678780585317
0.9999999999999998
0.9269825436452586
1.0
1.1521119696512927
1.047185225877708
1.08647664937955
1.0
0.9994141728158077
1.0
0.9505294672863744
1.0536425765543584
0.9812106954763369
1.0
0.9019710346013312
1.0448634374972041
0.9937169847052947
1.0
1.0
0.9418938906804231
1.0728033746741958
1.0
1.0186961402952068
0.8746641913806039
1.015458267942972
1.0406357256094119
0.9921732182458731
0.8894994216964947
0.9778214918452683
0.8588090822227201
0.934995079376024
1.0
0.9198999999999997
1.0
0.989155557918941
0.9867635423158518
1.0
1.0
0.9157305181814825
0.9294464388979728
1.0
0.9786272138449599
1.0492705169981364
1.0
1.0317508998158051
1.0
0.9199951333384639
0.9967152849472869
1.0
0.9876497007790797
1.0358120291804613
0.9784656872748436
1.0
1.0
0.9640194275538734
0.9822938379154222
0.9736885321490465
0.9904116060679575
0.9787623331733017
1.0
1.000237370469092
0.9552694689833208
0.8941016988684667
1.0
1.0
1.0
0.9267682915870028
0.9974968552983228
1.0
1.0263664689161447
1.0
1.1110393872834083
1.0
0.972077259227037
1.0
0.9002136334221826
1.0375779745878273
0.9723818127901649
0.9900466275855933
0.9577110567063909
0.9853455394607937
1.0063695639029313
0.977721908616241
0.9240558729034583
1.0603231618098492
0.7283869683522415
1.1133036444207018
0.699303931483843
0.9688371167849414
1.115719136010668
1.1318390309941195
1.1290100711704072
0.9809887371309705
1.023620131680814
0.8767413635836452
0.8864986573900862
1.0924432784120737
1.0
0.9422944447782209
0.8503565278649292
1.1100320783223567
0.778389721038717
1.0
0.9396907121855231
1.0084209693583457
0.7978487916510775
1.0
1.0552347834477116
0.656058165421562
1.0
0.7028960103701145
1.0
0.6662620929806118
1.0
1.3517943852914942
1.041390996713506
0.9090277537026992
0.9613955714384215
1.0
0.9889163563586325
0.9759480613833798
1.0277128409028178
0.9806191185473594
1.0
1.0
1.0314110238126821
1.002922211254995
0.9338411479581346
0.968941641591939
0.9523607197677402
0.9445937797684907
1.0
0.9823363938086447
1.0445411740314279
1.0
1.0
0.9171021102531318
1.0365017950081756
1.0
1.0237298220245303
1.0
0.9999354485550676
1.0160488359618358
0.9501344017916418
1.0
0.9303421704533603
1.0
1.0307192140176797
0.9502490939803256
1.023535609771818
0.9980498870170018
1.0
0.8999419036995608
1.0
1.0
0.9479426077901467
0.9814333073387849
1.0059584032343358
1.0504092761298465
1.0
0.9723553050449625
0.9201544424845545
0.7070817895455086
1.3049239474875942
1.0
1.071903673127016
0.6293735383354586
1.0
1.0
0.9917158148300089
0.6520654085950506
0.5820992450879999
0.75268
1.0
1.0
0.81
1.0
1.0
0.9969386912929696
1.058366201880582
0.9157079324748927
1.0
1.159256817729756
0.8811276414104166
0.9041380033414024
0.8702751339731734
1.0
1.044373957793626
1.016533757483578
0.9293006356011668
0.9412236915681085
0.9458793307312159
1.0
0.9949976727486969
1.0476989297256227
1.0
0.9855234278335314
0.8760630249424817
0.7625396978350638
0.9145943350334362
1.0
1.0
0.9722690878952629
1.079227306442403
0.9231586335984789
1.0257222120023215
1.0869121571235976
1.0
1.197861876991483
1.0644609065771182
0.9241371392274034
1.0
1.0609035125855435
1.070540387512279
1.0
0.9042531140738745
1.1917583918379742
0.9595654835891492
1.0
0.9205570344759848
0.8474867899965988
1.0000000000000004
0.9286999982656434
0.8254773245807923
0.9999999999999996
0.8850283066867517
1.1377623797783363
1.0
0.8358299984390789
1.1779686857324512
0.8962149319937831
0.9758056261716606
0.969541245415674
1.1239861418005024
1.0
0.8722720985300239
1.0743267412043074
0.7827728837676573
0.9999999999999996
1.0415899377626219
0.9530558480421853
1.1034661234577854
1.0701277007077539
0.9999999999999996
1.0600108125784442
0.9999999999999996
0.9018563874997723
0.9999999999999996
1.0055861945044606
0.9999999999999996
0.9636089352302339
0.9999999999999996
0.9999999999999996
0.9462981996016309
0.9683182991166821
1.0971641686823634
0.950643730105774
0.9680968755837451
1.1001322811827814
0.8883525627883277
0.8782250635544946
1.0
1.1357762917572694
1.0498945756617362
0.9007517164045797
0.9894562009710439
1.055866118820373
1.0
0.9050275750540147
0.9207626150391106
0.983247620575856
1.0
1.049340840392015
1.0
1.0
0.9150967727878068
0.9485002095531359
1.1519071005440202
0.9416892554844192
1.0184148082394948
1.0000000000000004
0.9999999999999996
1.0720932382432786
0.9575259677804451
1.0199787963233886
1.0000000000000004
0.8592298647256547
1.0581015123451802
1.0829382897294018
0.9419409485564239
0.9746444607564615
1.0000000000000004
0.8695473752853968
1.0000000000000004
0.8801903785388587
0.9999999999999996
0.7900810308057742
0.8647106922317396
0.7082497626504374
0.872437393742072
0.9422843484885868
1.0
1.1059361217640826
0.9502472070209862
0.7831025456993084
1.1376438674620881
0.9231349015300929
1.0
1.0
1.05961947181344
0.8767258136580289
0.9467136990569851
1.0
0.9025605588490788
1.0
1.0
1.1050217812993774
0.9937738044243059
0.9982937291064258
1.0950155899866982
0.9542694855481395
0.9723403494800027
1.0217250410951215
1.0409483566399782
0.9250712050874896
0.9088882931304081
1.038004810507049
0.9852502994924741
0.937659383723032
1.0
1.0127957752665115
0.8867252695432266
0.9430431077754351
0.9866076119543044
1.0033210785595164
1.0986487630938582
0.8917793571449186
0.9969729106429974
0.9850806671722601
1.0
0.9376255039871593
1.0
1.0187426346579418
1.0
1.0
0.971821256046717
0.7047922911293774
1.0
0.7863026267002886
1.2036295734342888
1.0461087530114987
1.0060169971793678
0.7076723640302598
0.7712012882474037
1.3857339814406102
1.0
1.0
0.8326545575667241
0.8966868654846123
1.111409736175892
0.9253153049898484
0.9726551354295814
1.0459805173853294
1.0
0.9842699738899214
0.9374255677214056
0.9110947793217141
0.9638194315104673
1.0
0.9729313522733332
0.9970144145586635
1.0
1.0
0.9898056719557562
1.0674669461772541
1.0
0.9812202833872177
1.0
0.9959620344522313
0.9589381816530578
0.961680000174099
1.0
1.0235361289351168
0.9767303309562148
1.0
1.0
1.0133071010930084
1.0
0.9898383772697978
0.9774002190031084
1.0428684757604514
1.022171015558405
1.0020062016889701
1.0
0.9994727555342271
1.0
0.8684666168214754
1.0
1.0228597614051766
0.9674374883594208
1.0
0.9151940874361659
0.9753396585018659
0.9973129731027974
1.0735601199466718
0.979593665645921
1.0632224931453351
0.9496151001155058
1.0073192720343598
1.0022779913552964
0.9655120001566893
1.0
0.9650469536157709
1.017781297638619
1.0042981819680934
1.0107864137753366
1.0
1.0495794049521225
0.9608407782131727
1.0463993884465563
0.9163111723640083
1.0022075010019855
1.100261321326907
0.9589127363824139
1.1744843276301755
1.1947151801199665
1.0
1.0
1.1407658992997023
1.1161929708688887
0.9930197562619845
0.9560765719413258
1.0168683711921478
1.0
1.0
0.9441479803932276
0.8826383371639612
1.1098701940179185
0.8495891345731854
1.0
0.8139652530987012
1.0
1.0900138794933727
1.1429705125093288
1.1774435309109235
1.0
0.8958588419740092
1.0
0.9942257968925179
1.0449834666786213
0.9965286466914236
1.0032493881370148
1.0
1.0830439521332185
1.0
0.8172579169969705
0.9107888304794072
1.0
1.0574103882201462
1.0
1.0953095427949684
0.9219481371809755
0.8851036508165167
0.7972907122086466
0.7655835087826643
0.8430094660825698
0.9618147983737395
1.1219854976667385
0.9162602748909183
0.8870349992856572
0.9943452862347653
0.9549848390798004
1.0655230372067765
1.0
0.7999293279551591
1.0
0.8521566884754046
1.0
1.1661229673687319
0.9545134975171841
1.060234625896861
1.1245441581847475
0.8888449923741351
0.8916079307764848
1.1142079377664633
1.0251752617349454
0.8035279301893006
1.1153480891381649
1.0485759806826422
0.9298718218773598
1.0
1.107024889404744
1.0928002930572878
0.9300492880338216
0.979987673625156
1.0413824656467967
1.0
0.9795855332730699
0.9347924888814365
0.9946780010700431
0.9790572978605931
0.9839470446788425
1.040798729740247
1.0201545341714615
1.0
0.9353004515537529
1.0
1.1330354990543583
1.026125300731029
1.0
1.001805581520073
1.0800553377256117
0.999300127906841
0.9036781154846216
1.0173175341006013
0.983421792809831
0.9775369899619593
0.9074835537823147
1.0974541340048702
1.062375338922478
0.9141401169823014
0.9446040342222801
1.0
0.9814506134608618
0.9602483554434831
0.9633023779514516
1.0
1.0290497893293344
0.9640422191094355
1.0
1.0097441915023047
0.9799150066387008
1.0022967696931429
0.9986909031728479
0.9553855173073913
1.084667410383982
1.0141106916162856
0.9790897208381382
1.0
1.0
0.9830982550484961
1.0
1.015278809236921
0.9501436308000524
1.0
0.9490054232182819
1.1067742310459074
1.0
1.0225490323073445
0.9477025290457592
1.0
0.9064326492310459
1.0
0.9350496210929684
0.9600589795618961
0.9020670927238288
1.0500482890011273
0.956324451310278
1.072080457517313
1.0
1.0067612730159445
0.9528698874815262
0.8509729562760007
1.0229665606572378
0.9578119587648581
1.0394462423057202
1.0133503934678925
0.9747930916008705
1.1571372211113107
1.0132028011199075
1.0
0.8828876701243042
0.9689608001410206
0.9705316463439946
0.9141893324089536
1.0
1.0
1.0933864728010851
0.958668044244102
1.0
0.9847884295436464
1.0
1.008765291393234
0.931399876602002
1.0723598922165274
0.8619892800598472
1.0
1.06221415128915
1.0
1.0
1.0324946420000631
0.9651239029948746
0.8212886807437751
1.0
1.0406759052320425
0.9637475631601742
1.2267481844438595
1.064872411765582
1.0
1.0298145368323954
0.9143599017547857
0.9659753871189443
1.0368366574219374
1.0094946632811905
0.9357211443916382
1.0
1.0
0.9457385796964495
0.845882292299057
0.8757903520538628
0.7612940630691512
0.9621595817926432
0.8720647201269185
1.0
0.9703203880180555
1.0164329860715666
1.0049470051488174
1.0097077723978032
1.0
0.9989547951419793
1.0901424594744986
0.969396639236511
1.0333905668383019
0.9249008052278058
1.0120128830344775
1.0
0.98046989550719
1.112442966395721
0.8941293064491389
0.8977660279805679
0.8949107576112887
1.1576344898728204
0.7597846546578393
0.9829496871663082
1.100921819899636
1.0
1.0015774481239557
1.0
1.0
0.9002667365977688
1.0404906360671082
1.0
1.0895926648952918
1.0414913379851323
0.9904146287813977
0.9826346680973614
0.9934333904032966
1.0075736158151671
1.0
0.9777320598306025
1.0
1.0
1.0
0.949145967908031
0.820308687534899
1.0
1.0
1.0
1.0383865111587145
1.1336439242938854
1.0
1.0
0.9815062663376843
1.11614569391822
0.929084027209651
0.9303724638173911
0.9362193054961159
0.962463416293367
1.040946570251193
0.989636632712994
1.0630681667129267
0.9656507482717491
1.0434800526449561
0.9073861104755032
0.8896612103620232
1.0
0.9836352819134093
1.054096652750752
0.9030561751202191
1.0
1.0292737809699668
1.0
1.0305488175872148
1.0
0.9486869874756767
0.9127505576081973
1.0
1.0
0.9091349544307668
0.9993254554417796
0.9193666015942372
1.0
0.8891340776915739
1.020533578567815
1.1017176618826914
1.0317413980584291
0.9426066388770264
1.0
0.9969797861129872
0.8713431359513999
0.9790713908347968
1.0
1.10231517157023
0.8538182887281089
0.9739667068464213
1.029870658428011
0.8166474994279529
1.1076541539225517
1.0202795318644968
0.976991399376556
1.0296910340353993
1.0
1.0
0.9927407499851477
1.037868989671308
0.983494566802376
1.0
0.9214755018473775
1.0
0.9181540045318681
0.9948069925251022
0.9022740277791983
1.0286519868993027
1.094720035500265
0.9285672582525861
1.0426306155429717
1.1003981876307072
0.9483459749893237
1.0
1.0177386371575596
1.0370826538064684
1.0352587917593987
0.9871724844953551
1.0
1.0172624186714705
1.0
0.8539385750725259
0.7575088028707828
1.0
0.9999999999999998
1.0420973217875715
0.9696633162057986
1.0
0.9376434205188646
1.0331284651627644
0.9535113774903916
1.0
0.9533686129851024
1.0
1.058267455754843
0.9855536960505118
1.0563267629079873
0.9249480669161034
1.0
1.0
0.952515504026398
1.119658983996349
1.0342105575300624
1.0
0.9498112643405809
0.9218971300926753
0.9784659646920986
1.0
0.9775432902691934
0.8893310795438212
1.0
1.1066728579376242
1.0129681136903672
1.0
1.0
0.9833781961243346
0.9656095260321909
1.0
1.0
0.9268611986948403
0.8341750788253561
0.9511982767066924
1.1379731543879648
0.9701386852237373
1.0138728471726801
1.018006028768609
0.9325269089133768
0.9950585181701124
1.032840382431794
1.0
1.0680431347916621
1.0074069233360805
0.9273575245444339
1.0119853725505101
0.9638709689861122
1.0
1.0
0.9456971403766805
1.0387343101833686
0.9781742558760107
0.9934592207556379
1.0935056442033195
1.015284387979292
1.0986757727650533
1.0
0.9936672025960429
1.0011986697561488
0.8548899993116867
1.0758379291799152
1.1752436621079698
1.0665219931065528
1.0
0.7929895323188081
1.1242412890037254
1.1266893093697323
1.1470354533572675
0.9408568469613261
1.0
1.0934638651252642
0.8957544363569472
0.9429518108230712
0.9584144985023921
1.0
0.9751062288339067
1.0230540726964903
1.0
0.9897379266646191
0.9912521435908657
1.0
1.0080735615752312
1.0
0.9757960319966901
1.0709475816142033
0.769400999380518
0.992672250488845
1.203159778368672
0.8682502734464621
0.965085610355152
1.0
0.8607063565277104
0.948065000300399
1.0
1.1697868487997796
0.9160376093434555
0.910023346392645
0.82443384840911
1.1009742416036863
0.9515651983724949
1.1407182063076697
0.9326548938909753
1.0
0.7442934511834602
0.9409252469428657
1.327417550286055
1.0
0.8594922261802731
0.6664361845019129
1.0
1.0
0.8999895593300589
1.0
1.135764283945103
0.9778121444494074
0.6174891128235456
1.0
0.9999999999999999
0.5529719625792
1.4776890965241496
0.9413005085246497
1.434330474828205
1.0
1.2331339946602828
0.7814083565373608
0.6386170772199109
0.5144223885212801
1.0
0.6943409999999999
0.81
1.1
1.0
1.0999999999999999
1.0
1.394171551652415
0.7115567379999999
1.330948362
0.7059068999999999
0.729
0.9830924096429889
0.8617733710024007
0.9659323398726722
1.0386087581885404
1.0
0.8419422648944366
1.0
1.1196199342326785
1.0000000000000004
0.9441254538050838
1.029691190894586
0.8224068525630801
0.9270111155927854
1.041776989382953
1.1188062271653938
0.947746853700782
1.2114282818385917
1.1731711858408227
1.0000000000000004
1.0
0.8497129084245754
1.0
0.8286528099987485
0.8763626395864819
1.174101579902377
1.1096512868280284
0.9275207576417608
0.8513912773292556
0.802664518989022
1.0
1.174881027987532
1.2927545588357554
1.2761812314202103
1.0188395885148491
0.9668940670838766
1.0000000000000004
1.0
0.8025774726915507
1.0037891187577213
1.019961317053197
0.9807451595799752
1.0
1.0325261336362743
1.0
1.0
0.9053918539928794
0.9825926377568566
0.9999999999999996
0.9347202587842984
1.2029271876642897
0.8084726233207609
1.0
0.9169556296633643
1.1676565505949417
1.062469060611718
0.9999999999999996
1.0148086721517706
0.8465186014952324
0.7687981473747079
0.8133114862871591
0.8871656929307616
1.0516693493981317
1.0
0.9459031276855421
1.0189400579010552
0.9832607115766279
0.9636816467621663
1.0377729858878193
1.066079462018772
1.1444950176680138
1.0
0.9337259237432236
0.9999999999999996
0.8172045024403487
0.9893254378299186
0.9379970160703013
0.909757819732461
0.9861205930929553
0.8603000380590906
1.1452100263085137
0.8467711622651937
0.8736168945846496
1.1610558317900268
1.1933980577252776
0.8834520644460211
0.9758388409124898
1.192819654481422
0.7152368478548596
0.9410022796195765
0.985713834667727
1.1128575487990457
1.0770006144341964
0.9799010132201649
0.9396741700856994
0.9952014317372262
0.9778675298313546
1.0
1.0612388213124961
0.9086231685769968
1.0
1.0
1.0034638631004058
0.9730655918478974
0.967483872087501
1.0
0.9160155081733308
0.9648974149504905
0.9227703991680585
1.0
1.0
1.0466799104867501
0.9896227676408129
0.9388039348003852
1.0329830710248555
0.9780125367915224
1.0234846094042336
0.9885504790927868
1.0
0.9398147908452059
1.0
1.0
0.9675786425889936
0.984858248114227
1.0
0.9550008573573492
1.0326783047526331
0.9823137678629337
0.9420780980127734
1.0
1.109704032331655
0.8927553490302493
0.8067904484861317
1.0
1.0
1.0849934110131287
1.0
0.9898893483572437
0.9154226948041444
1.0487882082145332
1.05609061260692
0.9888081954885481
1.0154843042666855
1.0945883197936213
1.0072662054177082
1.0
1.0504705452533671
1.0048597631607459
0.8913786284738325
1.0
0.8974805009436397
0.9386547556492317
1.0
0.9643121948244819
0.9898173627538056
0.9687220691966565
0.8837638766308364
1.2105066741296535
0.9069307472739343
1.0
0.8983920175423075
1.0
0.856498850255861
0.9745937121685411
1.0757889678890766
0.8950351008086233
1.0388175624346636
1.032231523940668
0.9793875093259619
1.0293123798279926
0.9967714500804497
1.0305992878838466
0.971368271889594
0.9293933314361085
1.0
1.0
1.0
0.8075530691526627
0.9721888437799966
1.106954157169643
0.8742314447006345
0.9580317516865922
1.0077861530104077
0.9470198509157903
1.0188962283609122
0.9120215839263555
1.0
1.0
1.0028331126045562
0.9690485734289718
1.0
0.9698757644748195
0.9889783249668818
0.8062500745180183
0.8347099460841871
1.0858774478667328
0.7720178889170839
0.9949540732508093
1.1990288704901213
1.0
0.8005507489348453
1.0
0.790452348879406
1.0
1.0366331478551936
0.9652560142945794
1.0
0.987619526861107
1.0441303012029723
1.0
0.9007300459418763
0.8106570413476888
0.967135218788922
0.9769880128443857
0.7515789357771705
1.0236754686476455
1.0
0.9719256657191293
0.7047948840517215
1.0
0.9823984768692309
0.5918784938191999
1.0
0.5629801496691522
1.0425335257999997
0.6772563261999999
0.729
0.9441459327432602
1.0786700734755326
1.0
0.9999999999999996
0.8554500362837789
0.9424652542455596
1.0206870212707062
0.8921713406849734
1.0
0.7889504962841576
0.937153722303969
1.0149159946739905
1.0
1.0000000000000004
1.0213876827037818
0.8871920050658577
1.0278530508079244
0.9999999999999996
0.8973263642743046
0.927661077044585
0.9731610449428114
0.7438035876697522
1.0761040504599695
0.9984476764553052
1.0644004501692952
0.9664253936480471
0.9999999999999996
0.9790950549317485
0.9833172020218544
0.8387465560831804
0.9101493422973537
1.0000000000000004
0.8609748913543469
0.7957950776468712
0.8906301566631236
1.2185695670650651
1.1571378015966198
1.0562221545505466
1.0
1.0189500203916477
0.980601941494907
1.0
0.9762602098136504
1.1213658111677143
1.0050429538267034
1.0230377102559016
1.042401653183513
1.0618385121348384
0.9697828542832427
1.0
1.0
0.9795172696407595
0.9659945365509053
0.9798491638170681
1.1317787632802276
0.8960517368447349
1.0000000000000004
0.9323450425520239
0.88505845611401
0.9244977800787781
0.8326342582846751
1.0192489144334043
1.0806783765618198
1.1859884989056968
0.9999999999999996
1.0
0.8660494872368809
1.000806105485724
1.0657547582622677
1.0000020370616358
1.0
1.0000000000000004
1.0591794861422046
0.9041237105171467
0.8344514082395493
0.7659387445879622
1.0
0.8267768811982257
1.2359052216451656
1.1663030238332457
1.013424395206591
0.9999999999999996
1.0
0.964973394211726
1.1470462368920118
1.1345062175433536
0.9507225410800957
1.0862220686354682
0.852057324576442
0.982541747345417
1.0000000000000004
0.9053281856351112
1.0
1.0691052734293836
0.7814742374063264
0.7458514358224733
0.818782037759215
0.9981805591900281
1.0896179576449652
0.9539852512067983
1.0
0.9520265289334047
0.9972011411346502
0.9865726004550344
1.0
0.9438629535884435
1.0
0.9729875361519662
0.9601217794163355
0.9945770695275549
1.0
1.0029244493233134
1.0
0.9747395569198964
1.0
1.0
0.9468648196464491
1.0837076121310245
0.9658338175478391
1.0
1.0153721232686124
1.0916092785801235
0.9710907806747313
1.0348769875068986
1.0073242990355218
1.0760546870011485
0.9585867260861187
1.0
0.9565439901535293
0.9961382870666888
0.9879153404095309
1.0
0.9494766582295995
1.0442353200163144
0.9410605684735276
0.9325868919678935
1.0
1.0
0.8959181260593967
1.0
0.9134592484561046
0.9999999999999996
1.0000000000000004
0.8739754958215173
0.9951193625747989
0.9999999999999996
1.0026320043909824
1.0000000000000004
0.9772656012279071
0.8937973202954947
1.0
0.9979243067371013
0.9064011469562723
1.1594591191575732
0.9278631997881392
0.9774694013579479
1.032121718659761
1.0141973378320843
0.9894089375676751
1.061883744034171
0.8926907420926673
0.7628911259518216
0.777132944955278
0.8441038834174104
1.0
0.8959307392105029
1.121189707471542
1.0137977262086562
0.942110460233835
0.9917446367579625
1.0249658376669726
1.1891900667198745
0.972507419871858
0.9832407345471306
0.9209036988510468
0.9528729916932477
0.9160157165835066
1.0
1.0
1.1154707982845915
1.081316271564345
0.9941811731253858
1.1136995036831876
0.9825597440527933
0.9458333117606852
1.0
1.0
0.9442163319432568
0.9508775505736469
0.9374724168930979
1.0
1.0765712590308527
1.0516359204374934
0.9863724233028042
1.0
0.9627686020968778
0.9779888925692988
1.0512418534424484
1.016895284746031
0.9054687186143591
1.0
1.0645878152385175
1.1106839083988844
0.9454734351243914
1.1066462097663652
1.0322712409283645
1.0
0.9758783289067186
0.9948798547452165
0.9840823910766403
1.1812187155153824
1.0
1.008395463584871
1.0
0.9824426830019339
1.0100434917307273
1.0
1.0065395848759375
1.0
0.9807501087491795
0.9935116496920546
0.8951031658492625
0.85618996000116
0.9139666627194329
1.1365575644040633
0.8900804924701937
1.1961174600417577
0.8127304490415228
1.0
1.0124179535877906
1.0
0.9853963349046291
0.8210951911245403
0.8078001729209872
0.7524863603631955
1.0
1.2689971778054172
1.0
0.7338474256383161
0.8598266962624415
0.9567094642619258
0.9900320354677148
1.0138621097416234
1.1796694572167805
1.0
0.7996756559708347
0.7493710001460747
1.045721640966971
1.0
0.879051093199037
0.9687304128651215
1.0
0.8888575741749962
0.9904923819459288
1.0
1.0
0.9290420787286364
1.0328516155073582
1.0
1.0560234033955564
0.8772541301105141
1.0372813808526142
0.9764130639566226
1.0
0.9373079534080244
1.0
0.9604745049818308
1.029604752898556
0.9825572066926236
1.0
1.0
0.964476382417218
1.0
0.980394736121522
0.9467924772452796
1.0570773375394076
1.0
1.0157544994825218
1.0
0.9170552172128499
0.9099477133296048
1.0
1.0
0.9289158318099822
0.9441610326650138
1.0976189885214924
1.0021693653767036
0.8306864548632453
0.8507667330044688
1.056575558177332
0.9946374090039718
1.0
0.8568755744785095
0.9886102853066168
0.9338157649384216
0.949413227858537
1.0
0.9048637808465527
1.0226722020139443
0.9575777455594745
1.0249101868798975
1.0335532427673528
1.0
0.9673875297735037
1.0110343004757512
0.8270265311054441
1.021565507800698
0.991443143751336
1.0814148413433746
1.0
1.0249234733380077
1.0161627563684976
0.9304765053825541
0.9542249054262872
0.9392451493951883
0.98388581692834
1.0796095788826758
0.9855866018293862
0.9797015971399066
0.8963126395729133
1.0
0.9999999999999998
0.7999716118109665
0.9220967864655032
0.8942288643064711
1.195194022124176
1.0
0.71997445062987
0.8298871078189527
1.0
0.8459526247997857
0.9076252950726831
1.0
0.9289990199232752
1.1043503525297915
0.828832853050468
1.0058926269355055
1.0712145115725453
0.953090779982567
1.0
0.9728053275762227
0.9917848735683643
0.9879998930243687
0.968120498194468
0.9424459339847633
1.0440695959592527
1.1279821882055796
0.9948669492079567
0.8114071139914654
1.0
0.7085995011470991
1.0
1.267930445387156
1.174437948740003
1.0
1.2747969298673019
0.9600417213825048
0.9924150428951055
1.0935647864327511
1.157790203245145
1.0
0.8406361880199347
0.8606091738056234
0.8227610010977056
0.7293130776465495
1.0
1.0
0.8565292245279088
0.623307773935043
0.6109354872822368
1.4716794483475848
0.9999999999999998
1.3932649742101488
1.1213079217828812
1.0
1.0
0.8283166188123985
1.0
0.5814301478957402
1.12993000257602
0.4881221117740131
0.6353162099999999
0.8290000000000001
0.9
1.0
1.0
1.1
1.0
1.0
1.1
1.0
1.0
0.9100000000000001
0.9
1.0000000000000004
1.0
0.7473815660751129
0.8493708324562079
1.0
0.9999999999999996
0.9236951276262375
1.112081955685933
1.0000000000000004
1.0
1.0253918606462458
1.0
1.1214766190795267
0.8795251490617648
1.1664822902610559
1.0
1.0
0.7560515485902997
0.8971564802893872
0.9057475656150236
0.7999615307725865
1.0000000000000004
1.0
0.7704124534740258
0.9231732285687646
0.942652695935918
0.8786103210974283
1.0000000000000004
1.0229958387997629
1.0669978954404375
0.8807223263851123
1.0000000000000004
0.9783098889678197
1.0545289924066399
1.0
1.1051375995503814
1.011718497805643
0.9891238063685774
1.014068200688298
0.880825321865355
0.9999999999999996
1.0
1.0023688039518839
1.0
0.9777854894826485
1.0828824544675268
0.8817604921568512
0.9999999999999996
0.942679744202322
1.0000000000000004
1.0578393832013684
1.0
1.0
0.9745942090207742
0.9966564182143247
0.9700189878488539
1.0393282027711042
1.0189287638713047
0.8927427896788203
1.0
1.0000000000000004
0.9894212816380521
1.0902114257317206
0.9031897953928896
0.9999999999999996
0.959966624925038
0.9550872158863704
1.0483703385349044
0.9926500937466005
0.9999999999999996
1.0209873704025192
1.0309137091685545
0.9811902831585484
1.0000000000000004
0.975819643406588
0.9221133236104948
1.0
1.1199374660259531
0.9629053190096113
1.2289450018639734
0.9400544000866424
1.210500711824098
1.1457922349571459
1.1161278498970275
1.0917791368183059
0.8108676320862669
0.8777323147469094
1.0865401790887241
1.1073602114768168
0.9608085714969699
1.1154646363331704
1.0499834778636985
0.9999999999999996
0.8651057668533402
1.0922882963820153
0.8963069116804987
0.8820841391820768
1.026019572581272
0.9842875726108749
1.0
0.9002379513855452
1.1682525909587187
1.1119342359376176
1.0
1.0
1.0443178231285302
0.7988561987450877
0.875079874299876
1.0191344080676177
0.9999999999999996
0.9644725681518507
1.0574661895677928
0.9603450761977053
0.7312012933112744
1.0
0.7683166641177901
0.8642733793091391
1.2286168500775059
1.035395382493994
1.0000000000000004
0.9895092872950477
1.2172864172935225
1.0427151243060755
1.2040298641374028
1.0733349209811252
1.0002485111449886
0.9644337492105874
1.0
1.0000000000000004
0.9374306979090621
0.7786685865987364
0.7779123356369251
0.7932834425476689
0.704326632531246
1.327139343220335
1.0
0.9345258198845001
1.0407716124613757
1.0
0.9297159764892289
0.6579954919396545
1.1086124116605003
0.6973344791284148
0.8933420295531085
0.8772696376963638
0.9877078333980909
1.0007708337157069
0.9947141132624773
0.977566213333231
1.089264844631245
1.0
1.0
1.037347058651056
0.9929993232695526
0.8905164851132237
1.0
1.0010912224348143
1.0243746729362426
1.0934096180373003
1.0
1.069201017438774
1.0260582868532384
0.9584830947333076
1.0
0.921932948678259
1.0
1.0
1.0648867443802206
0.9285158631588604
1.0082087639174566
1.0208194255337202
1.0
1.0
0.8305877875209546
1.0
1.082469859073918
0.9537210694930685
0.92932795166264
1.0
1.0
0.9455969221217995
1.1325647941505692
1.063397138920216
0.8475290087688592
1.0
0.9977509095612458
0.9014648366019014
1.0
1.0034195674849573
1.0312781674463483
0.9517202513966363
1.0
1.001709522800946
1.044992393142687
1.0595068461715815
1.0
0.970035281650107
0.9437762211946081
0.9364539982924978
0.8106579083387233
1.270407882495149
0.9812873020800179
0.9444983434380889
0.9183093242708971
0.9721437160860749
1.0
0.9846925995826958
0.9057302185709717
1.0003817100819026
1.2058982509116243
1.0785908853689175
1.3382308859141414
1.0
0.6849139921354017
0.9615907125885887
0.9909907091970585
1.0276494967475465
0.8968825178700226
0.9470738778862478
1.052033513452579
0.9775841930815221
1.0
0.9735807513393855
1.056103332126475
0.9491872641822736
0.924414144925156
1.0
1.0
0.9611308861343373
1.0726027617204492
1.006133006181166
1.0050506100445293
1.0628228182537875
0.9560367096486004
0.929292203229628
1.0
0.9268330831491558
1.0
0.7924671485375039
0.9679542376337449
1.0
1.088056304272968
0.9437251752037881
1.0
1.0671495872223962
0.8294095153870034
1.0569422024883544
0.9125280485596869
0.8072974921314993
1.0164698122528484
0.9862485530627803
0.9570758572786335
0.9243875254082288
1.0896954311835083
1.0
1.0736231913660501
0.9380505048156209
0.9319727304326406
1.0
1.0532144767638147
1.0015546270358833
0.9405303435686991
1.1535226907881708
1.065955786166521
1.0635782927098605
0.9877351809725239
1.0601427820877953
0.9642906311441197
0.9853141886566137
1.0478071965728066
1.0057526281328637
1.0149218467529235
1.0
0.9004903251376271
1.126184103106918
0.8699094453008955
0.8038529817630446
1.0
0.965743644168974
1.0640888063039
1.1592364143122875
1.0
1.0861016797930225
0.8789171880128572
1.051964118789781
1.055878316184212
0.9666508347452685
1.0836818859227422
1.0431015910296382
0.9951022801915945
0.9512817577100257
1.0386275555913116
0.8977676009050644
1.0
1.0302344624245876
1.0
0.9881223022653112
0.9113183529417115
1.0
0.9506437572294968
1.0062054274810963
1.023322375841377
0.8968438540966468
1.0
1.0
1.0512496562580846
1.0904925560883085
0.9176388976519934
0.9459632218020775
0.9566841006428191
1.042602020490699
0.8610156905785371
1.0
0.9730317534850963
1.0866013513968156
1.0
1.0
1.0080680643457316
0.9671372278507069
0.9600163374981543
0.9325324009372449
1.0
0.9920828776828756
0.976341402843552
1.0226245823850753
0.8981651657416423
0.9868804586300777
1.0187374829803484
1.1380272185530118
1.0
0.9627761078919734
1.0
0.9804419073329509
0.9900424636091754
0.9937608200837977
0.9430439989043968
0.9542960669479221
0.9803729434806239
1.0371779501595944
1.0
1.0
0.9767963614815232
0.8753948220919425
0.7934993236880503
1.1420111829206308
1.0
0.9684040705769368
0.7946451903883589
0.7790060642281644
1.035721812796685
1.175921640067783
1.1435474078606402
1.2367917416178078
1.1215076349337134
1.0
0.9213754982470754
0.9466533136981989
1.143312772881059
1.0
1.0601397497636649
1.2394825199499477
1.2703837169850267
1.1057551650697555
0.9591472255582199
1.1403323491663642
1.138272899870246
1.0000000000000004
0.7462206666776616
1.0860019980077533
1.0
1.1204059176843808
1.0134933365092564
1.0
1.0
1.0598392503224616
1.0218463725842315
0.9858588153497871
0.9999999999999996
0.9398896745941663
0.9737719302934456
1.1414971480216902
1.0228526745816207
0.9999999999999996
0.9855235762519383
0.958647962691793
0.8229294296263485
1.0789197780533373
1.1447211339912227
0.9966670349515492
0.9679903742895282
1.0574512215146945
1.0
0.9537411854138123
1.0121440028583315
1.0000000000000004
1.0000000000000004
1.0560399625486387
1.0182476168607875
0.9823492510149374
1.0007408123438557
1.0035879843160895
1.0446383691705567
0.9905444520662696
1.0384286478730855
1.0205674071234592
1.0
0.9828360148959239
0.9450761093852487
0.9823930278476611
0.9999999999999996
1.0
0.9084733111992822
0.7406364866637136
1.0
0.6715986000098955
0.9566125434171244
0.9999999999999996
1.017035887484175
1.0
0.9845762697224538
0.907257075672657
1.017285216840532
1.039873235638035
1.042798314056074
1.013746787042432
1.0299019912494454
1.0
0.9999999999999996
0.9856728783693463
0.8501873107399929
0.703057183911739
1.0
1.0
0.6986873077666655
1.217783097460503
1.0
0.9247895421929528
0.8323105879736574
1.2059900183304357
1.0366944512152378
0.9999999999999996
0.9728496464254448
0.7658709549169509
0.6288185769899992
0.9925234625084176
0.9774915118137204
0.89622188109055
0.8381478750913383
0.9477632604721431
1.1221186576793771
1.1586812355816827
1.0000000000000004
0.5798310757050542
0.8840718472743347
0.9777784814905681
0.993800108378359
0.999823061716298
1.0
1.0
1.0740450688326226
1.0
0.9072113917743332
0.9852027638748133
1.0090391425576546
1.0
1.0795895871837318
1.0
0.9463309328317662
1.0
1.101691317932696
0.9755058974149771
0.8234676835867405
1.0872399936160764
0.7930812777723397
0.8129749095116336
1.2066004625525872
0.9089652308161189
1.0
0.780371861095353
1.0
0.9765209656863072
0.8131275238599298
0.7928137699982982
0.9550742189659087
1.2243251087340912
1.0
1.0219615161897195
0.9718573715786094
1.0
0.9977780359719826
0.8888789954807328
1.0
0.8741042292359773
0.815020912624477
0.647977005566883
1.0
1.085982978041094
1.5002356104970038
0.94278008108329
1.0
1.033623960583314
1.0667613212578322
1.0
1.0000000000000002
1.0240474016410566
1.0783573385230492
0.9698219993361998
1.0278050949792552
0.8317078763762158
1.5185041730710878
1.2105790289243064
1.1026145082669465
0.9716503064037061
1.0
0.9577817019843105
1.0
0.9747032821754369
0.9914063755139648
0.9860119535413785
0.9655530417734979
1.0764786044369299
1.1569941538660027
1.0
1.014029791030084
0.8134162087525896
0.9026959784100348
0.7214916494783579
0.8675260535492073
0.6122168522542013
1.0
0.4650954170166117
0.63853069358
1.0672395742
0.8999999999999999
1.0
1.0
1.1439000000000001
0.6560999999999999
0.8752177502042047
1.0306992990876163
1.009148838677575
1.0878541714475194
1.0
1.0
0.8440368405769716
1.0
0.9631479509434095
1.0
0.9089824100130404
0.9999999999999996
1.0000000000000004
0.9038240720244071
1.1038689507771293
1.0020807979709279
1.0197716606901865
0.9112394801058343
1.101817380046381
1.125257863156624
0.8369059406825139
1.1473610639745235
1.0
0.9136793484639876
0.8577313968503733
0.9180841690117365
1.0
1.0
0.9732676203808008
0.9097458758324493
0.9529099756924237
1.0430093343840756
1.0
0.97600339665511
0.9116707487497955
1.0
0.7957856317863232
0.9761681850276416
0.9929069594904449
1.0038498842428538
1.0089184426317512
0.9057270254976872
0.8841394860054637
1.140430758596739
1.104161428357405
1.1269338189335363
0.9141198305187626
0.9262757521105627
1.0
0.8263360280158505
0.9225911368049733
1.0
1.0
0.9737930257788099
1.0285129980210255
1.066343412047083
1.0
1.004356740081743
0.9985993009183449
0.8548156124853339
0.9925683653557007
0.9733798732283931
1.0
1.0
0.8916896287457261
0.728129226121875
1.2228162307002761
0.6553163035096876
1.0000000000000004
0.6607167894160293
0.962118908894964
0.9315118375971712
1.0
0.9891668546752208
0.9804559812797184
0.8870265512899183
1.13047757605319
0.9609512890754126
1.0
0.9576812174124969
1.0130969110442614
1.0
1.0
0.9040952618558342
1.0500873087564884
1.0000000000000004
0.9386692063309479
1.0847037233981789
0.8538549249589344
1.0
0.969056541155147
0.9503269231971778
0.9999999999999996
1.0000000000000004
1.072797092432633
1.0502043915884367
0.9779696519895658
0.8634491221456035
0.8015529140548665
1.240240617355206
1.0000000000000004
1.0742585044027795
1.115845410082445
1.077261366436772
1.0902313867354092
0.9161140056072616
1.0080783027703948
1.0
1.0
0.9961928718538369
1.0393181048811133
1.0175957825433555
1.0
0.978403056989599
1.0
0.8138238871104555
0.9591074432887998
0.894347579907941
1.1950871780828534
1.0
1.0
0.7324414983994103
0.9778420624739219
0.9813425213439961
1.0572450094621164
1.2259473852233036
1.0236934086026084
0.9842209320750444
0.9872538876596586
0.9906495161429696
0.9760418859055537
1.0
1.0
0.9408652188343094
1.0371458726473373
1.0158362042890197
1.0
0.9636843487559723
0.8829513509149791
0.6282282850341856
0.9999999999999996
1.0
0.690857001363923
0.9370918043603402
1.0153623074631337
1.0411791369978323
1.0456331941313275
0.964856160167872
1.0000000000000004
0.9632227867756731
1.092568345792095
0.8192188741477398
1.007300344823984
1.0000223703978754
0.9999999999999996
0.8367725791311256
1.0450785778808394
1.0529154443603748
0.9228066404335
0.9383606538374547
1.0000000000000004
0.9001467791923492
0.990250169207699
1.0
1.0
1.0705378223482138
1.0788492285624596
1.0616188435542546
0.9068311924584558
1.0605418343985353
0.9233167757789866
1.083688797830515
1.1414293921010232
1.017943990416604
1.0227938784247175
1.0
1.0375554907349822
0.9683705441510844
1.0
0.9017377085905927
0.9761573426773151
0.9032604198430234
1.0065725473813734
1.0000201333580883
1.0
0.9106553227461847
0.958487845938004
0.9463788480903141
1.0
0.8572595013365301
0.8517190916400441
0.9999999999999996
0.6072059579713356
1.1428131120235139
1.0
0.5464853621742018
0.9322050578865291
1.0
1.060096731770669
1.128531800821162
0.9999999999999996
0.4948860208474284
0.8934425106959583
0.9793806441793471
0.9562638049400203
0.9838181396199626
0.9436298412641109
1.0
1.0638040674907407
1.007330119152901
1.011549508391977
0.9818330094180947
0.9504929989138273
1.0
0.9823536991574677
0.9186183478784806
1.0
1.0
1.0435073091125737
0.9452846994196933
0.9493526576834093
1.0
1.043375580038857
0.7666336921426584
1.077580755545764
1.0729240298428393
0.9341497748342404
0.8249936939618414
0.9442836491921831
1.1332284891221347
0.9660639113278187
0.9379271316724034
0.869457520195037
0.931631303236252
1.0
1.0807258880651576
1.0
1.0585576880544716
0.9374427273773227
0.9387754573893767
1.0
1.0
0.9017082014959801
0.8480959955956044
1.0
0.8599119168708356
1.0
0.9764893744151975
1.0
1.0
1.1149561756571744
1.0
1.0617139576491064
1.0
0.9682087931759815
0.9949759410840513
1.0
0.9663929868953689
1.0297020882203656
0.9998407555446684
1.0682247566072585
1.0
1.0058830785049366
0.9875864017430973
0.9312287977373988
1.0474054249206075
0.986975094588193
0.9151238007733999
1.0
0.9516978395485896
1.0
0.9458644618049701
1.0890727758809242
0.801858587465667
0.8992359575151374
0.9800913852859585
0.9783539398630157
1.019648486261607
1.0
1.0419193710150698
1.0
1.0354329502969128
1.0
0.9510613336565013
1.0
0.9143169970331075
0.9277487561848288
1.009933838934895
0.997964073583451
0.9623250194042257
1.068970529725711
1.0
0.9666562075425653
0.9244962925705642
0.9644476764989638
0.9755781603824665
1.1879348443928444
0.9436092747168034
0.8224534985789034
0.7700694685255618
1.0
1.2963628675367151
1.1932286166319201
1.5810721962391838
1.0023014777457844
0.9019016538716453
1.0116448163583578
0.9914218659351017
1.220865613341271
0.9770689602554143
0.9590192384080147
0.9452199257668159
1.029501005643883
1.0
1.0647535082390984
0.9028581749318159
0.9680814365974602
0.9212438699600143
1.0
1.0
0.9284277327048436
1.043500263273767
1.0
1.0
0.9902842416700617
1.0
0.8852773172076955
1.0366008456722744
0.9786990083676681
0.9554436990224446
1.0
1.0521577792295913
0.9267565130906328
1.0
1.0
1.0336850481432855
0.9430530453027504
0.7977283984829691
1.0771150829754714
1.0
0.9407347973508164
1.0
0.9788404369736776
0.9507536358687583
1.025748188786975
1.0
0.9173596015560204
1.0441722255313528
0.9821235588035759
0.8519194257353471
1.0
0.9466613176157348
1.0
0.88095639327631
1.1977728452005638
1.0
1.011484403703197
1.0896640366671226
1.0
1.0
1.1534938091753553
1.0449501940174333
0.9682360767055065
1.0
1.0892220408897577
0.9816601588074483
1.0558795244081014
1.050754145376358
0.9839112029232182
1.0
0.9519951858541615
1.0
0.9956156887878547
1.0023121177211376
1.0
1.0052812347786753
1.0053133845726547
0.9977199826812915
1.0
1.0
0.934911625282214
0.9898862786567237
1.0327369052126603
1.0372787822862404
1.0395348714803467
0.944134418505163
1.0
1.0
1.0041559722264477
1.0
0.9350192884577977
0.944584180984108
1.0331910929200183
1.0
1.0897764942094041
0.9085897434208028
1.0318193471988621
0.9071214093188944
1.0
1.0521069709125666
0.954277129860214
1.0951679230021845
1.0045540443835184
0.9912929260112051
1.0381444282578198
1.083110195987576
1.0880707232331859
0.9476449325834881
0.9541843784851025
0.9874880902627874
1.0
0.8754577949807674
0.9954783469756463
1.0
1.0078690179472658
0.9543850170070649
1.0809043510133356
0.9456067725704727
1.0
0.9399349857617363
0.9955264187454334
1.0143233723353537
0.9763734774331456
0.9598993291202005
1.0
0.9634400374156731
1.1102580851434736
1.024621847859232
0.9940012884689757
1.0440698511310438
0.9824879299992206
1.0444262944628164
0.9586058581688595
1.0
1.0
0.9378204068665679
0.9497209766546466
1.0
1.0
1.0332180815600118
0.935975777710429
0.9589328352090156
1.0450801980478843
0.9695129945656951
1.0
0.9455147186988402
0.8509632468289561
0.9905183271184717
1.0
0.8988186918120418
1.167558998961534
1.0
0.9596815378535593
1.0
1.0972263583781903
1.0
1.060155890208113
0.9443146095359336
0.9482988771736496
0.9583137753341568
0.9959305122780817
1.0
0.9706345046919611
1.0248265891537227
1.064830017167251
1.0578085190325783
1.0
0.9912558175030557
1.0
0.8904382612651873
1.0368202694553625
0.9605588037344592
0.907423134323285
0.9142874754841213
0.8904144804906289
0.8214163896835518
1.1877967051453724
0.9048168390683373
1.0
1.0333117903715352
0.9228587279357092
0.851770917718071
1.0
1.0442583694916086
0.9707283057897262
0.9618436007117861
1.0224147786333337
1.1619420539989105
1.0026046526921037
0.8235118115964211
0.9671835793593502
1.055294230877461
1.0000000000000004
0.9999999999999996
1.0713689629696383
1.0584924727055967
1.0345392663729442
1.0000000000000004
0.9966788549866639
1.0400007354397527
0.9671538783497455
1.0903547542891512
1.104260869074201
1.0
0.9735623802102618
0.9393539779841391
0.8760625097460055
1.0000000000000004
1.129080851932582
0.9939713203157607
1.0908538587459344
1.0205144905822463
1.0000000000000004
1.022225246021161
1.0153046314174645
1.0
0.8096793582245665
0.5575797978300301
0.7977694489269123
1.0
0.9073215002922197
0.9799176407436643
0.9824833945028746
0.9911551508887055
0.9572679438420635
0.9312883200289623
1.0
1.0
1.0101786407207318
0.9183831632322668
1.0
1.0
0.911946609857917
1.000167612218668
1.079148915523664
1.0202869232431868
1.0
1.0
0.9664984971027764
1.006189447051396
0.9032055071797367
1.0333113866398014
1.0
1.0
0.9624402160453651
0.7747556429944966
0.8285041321053095
1.0541938394952837
0.7461565855920953
0.848953650206326
1.0
1.1214388538477664
0.8563817698818947
1.0
1.0
0.8278048370265654
1.2091771296045932
1.0
1.0
1.040969950614495
1.1873052405104807
1.0
1.1741211682715291
1.0
0.8273521953497851
1.066362500727303
1.0
0.9939684328023346
0.8177127648655205
0.9165421099652029
0.9449645004800138
0.5750584481383483
1.0
1.461256118711333
1.2361842610759584
0.9048072163438317
0.9746716344207487
1.0
1.0690203525592017
0.8999910959326596
0.9505768013332347
0.9212958077242512
0.943486543486165
1.0
0.8291662269518261
0.8592292570599698
0.9770781316806321
1.0300316113014272
1.099433539784227
1.0
0.9154154108498811
1.0
0.9221085034986576
0.7462496042566436
1.4034566511304507
0.863214963431552
1.0
0.9116874086220026
0.9923530574402517
0.9260619226359688
1.0
0.9999999999999998
1.1220845875928527
0.9670727209395897
1.0437031792583311
1.050326528413314
0.8521198918270758
0.9637093755654149
1.096957763102087
1.0
0.9620035317858795
1.0
0.9763735915092897
0.9269102786133123
1.0570673890656694
0.9756203089005056
1.105972107328733
0.9725136477136247
1.0369261855074767
1.0620912476527211
0.6988309090816891
1.0
1.1008943513541598
1.0378816826967183
1.0
1.0144715696490396
1.208140109260722
1.0
1.1327239598622634
1.1278100646285676
0.9612829586961871
1.0
0.9144695437200032
1.0
0.8412055466636819
0.8512532258875369
1.0434366554581498
1.0
0.9779488597404247
1.0973089066677035
0.7661279032987833
0.9384407364515717
0.7983499484009693
0.768070014569777
1.1282296741280358
1.207271726642358
1.2222781937434806
0.811744818093564
1.0
0.7842232903455963
1.0
0.9234501309874634
0.540521753319996
0.45452018567495056
1.5169959531853712
0.4090681671074554
0.9999999999999999
0.6007845890000001
1.0
0.6560999999999999
0.9325403941307666
1.0
1.0870953364107967
1.0
0.7678123852080709
0.9784376973149982
1.0
1.0
1.012904197686086
0.9314882091465906
1.045450240222289
1.0303320231244752
1.0
1.0962723692483998
0.9823234821485176
1.0873274082275515
0.9019999557075833
1.0
1.054517198765244
1.245897698297818
1.0
0.9448716906793759
0.9624427530209463
0.9391015060849544
1.1142525838601172
1.0
1.0516205184703233
1.10720111252295
0.8312788360392451
1.0
1.0
0.9845242276335062
0.8992678571861896
0.8574790443269
0.7269618446552997
0.9999999999999996
1.0000000000000004
0.757004176591034
0.9708869325943001
0.9688676503938867
0.9195270585981832
1.0000000000000004
0.915438575065366
0.9572769461532356
1.0697356387518315
1.0
0.968568985072948
1.0318189371386568
0.861549251537912
0.9883346137501787
1.0497648077897148
1.0
1.0
0.9529075019062652
1.0
1.0804719117447057
1.075254676658651
1.1553911702913133
1.0758859588370715
1.0
0.728690901359748
0.9330248311603264
0.9300263900192722
1.044788327010743
0.9999999999999996
1.0000000000000004
0.9668490618020593
1.000350234523613
1.0
0.9006608085083596
1.0327160497307517
1.01457195296988
1.0036595741587786
1.0
1.0184630415240212
1.0
1.0000000000000004
0.9639335912143157
0.9666319086966517
1.0
1.0057773373279444
0.9695185379497646
0.9426001101507508
0.8756156475226229
1.1394009940422647
0.9999999999999996
1.107888665012307
1.1117438223735583
1.0213676187540286
0.9415025837184188
0.9691613217348696
1.0134607796512833
0.7939046689158067
0.9999999999999996
0.7725456815041523
1.0
0.5768835804566614
1.026470708025144
1.0000000000000004
1.0
0.8229303632941782
1.2564063059391812
1.07150985858698
1.0403094943096693
0.9359016638879378
0.9273663995874908
0.7649031920803644
0.7873190423972094
0.5191952224109952
0.8736554752107537
0.8567429704268639
0.8133904203347728
0.9147701936683537
0.7930625216730056
1.0
1.2128357705043853
0.7776627367878524
0.9971337319484808
0.6974267353334964
0.8275956993754887
0.879089381897185
1.0
1.0
1.0
1.1010265171588152
0.9772044709786738
1.0
0.9699852062602039
0.96050568100631
1.0705863540467568
0.9654680389159407
1.0209665573407758
1.1583870596794879
0.8058009613110366
1.0
0.903443677771
0.6203945875848662
1.1963530752100855
0.9871846315228741
1.1477607055333605
1.0
0.8327450676276582
1.0584824790618796
0.9377246827107806
1.1367774732073643
1.0
0.7494705608648924
0.9961827617074666
0.771445616236367
1.393261734644134
1.0
0.7268766423739161
0.5394371468829469
1.0
1.0
0.5937968254224204
0.684187624222
0.59049
1.0794963261251844
0.876252375996506
1.0
0.7984025728718169
0.9389947412072104
0.956061581487492
0.9154078929990241
1.0551640468201455
1.0
0.931692662663278
1.0
0.9753700387944946
1.0484008169361747
1.0354398877244861
1.0137357644623002
0.9759985905887749
0.825753691551788
1.0041844944615743
0.9123621880160702
1.0
1.2838170350238887
0.9487054297188768
1.0651507898868982
0.949256298407664
0.8301516190268421
1.187291109289391
1.1523627958511353
1.1013420690897577
1.06649737781692
0.8827850670272595
0.8866837769750022
1.0699328368874683
1.0
0.9048856110837269
0.9116137779174771
1.146440164197517
1.102827325474105
1.0
1.0641483330869423
1.0763900817499295
1.0
0.8886271383968554
1.0
0.8683106951481383
1.0
1.0
0.8614503524222386
1.0
0.9385233963969499
1.0
1.0951043430236567
0.9608593044634226
0.7788390941707934
1.0
0.7055233620553851
0.9744968352660939
1.069104097018326
0.9669067846673887
0.9865192849112301
1.043999661230449
0.9167290637844276
0.9999999999999996
1.004247624552686
1.0476759718863362
1.0000000000000004
0.969968717826986
1.0696424547117807
1.0021514573901258
0.9165418941290384
1.1438749674296185
1.139457379163673
1.065416504270543
1.0756045070199143
0.9013033613976358
1.0
1.0506660416216635
1.0294874706866568
1.0
0.9595355182693885
1.0
0.9899565294668191
1.0874007624008017
0.9621784009353891
1.0166167373716188
0.9999999999999996
1.0
1.034348604490393
0.9824883501546475
1.056376292610429
0.8145142020242266
1.0
1.1876454954240057
0.9839575614413172
1.056245144399977
1.1782956651376493
1.0
0.7752626366010062
0.9688680346917722
1.0905161575586164
1.0
0.9799360915154662
1.0000000000000004
0.9314450418221725
0.9935905010640171
0.9687626721457532
0.9350481374578936
0.9111200788367784
0.7318343592951324
1.0000000000000004
0.46960595753709145
0.8622566231837712
0.9601852932125654
1.1401283019320898
0.7703825237829189
0.8633242852949108
0.905366874411504
1.1879210304680972
1.159498718537669
0.9143351551615035
1.0
0.8665938259462642
1.0
0.7825180541741252
0.9801742161195852
0.9842518162744542
0.9176668764135796
1.0
1.0
0.9614129127086977
1.0648186461535585
1.0732627162956163
1.0182582309188684
1.0
1.0
1.047535991197976
1.0
0.9958910530642298
1.0136024413126892
1.0164324078269815
1.0
1.0
0.8076940950222178
0.9814019629605735
0.9700807115485843
0.9893101955068726
1.0424354336890946
0.9696584317723942
1.0
0.9019894770847112
0.81179052937624
1.0
1.0250108007737557
0.7497070932377943
1.0
0.8517660305336148
1.2150290581657108
1.0
1.177284279020324
0.9805819761350718
0.9775933222883668
0.9259001887722218
1.0
1.0566329057543662
0.9415861426426932
1.0
1.024443387499483
1.001339360212918
0.9530910343941503
1.0506510703241054
1.0656630531677642
0.9952341182459272
0.9877664301840414
0.9546699814607531
0.9381594880260664
1.0239306938715482
1.0
0.9976621918890758
0.8250648818160533
0.9802698378193746
0.8730726403937257
1.0011668670825684
1.1832137871743642
0.9724426736021758
0.8523343800380179
1.1013360254249838
1.0
0.7671009420342161
1.0
1.0108423179069965
1.016443521818284
1.0
1.0
0.9023893886231549
0.9559552002908513
1.0
1.0090410211888696
1.0
1.0114024382981253
1.1560823455194158
1.0154186198812045
1.0
1.0221329847708263
0.9965145276310414
0.9855363148071619
1.0
0.9603596802617664
1.0
0.918467456972861
1.0
1.0
1.02483243822852
0.9209726967665017
1.035157733497425
0.974682065679866
1.0
0.9543762421882471
1.0289450923451047
1.0
1.0203930562040533
1.1349823622000526
0.8229804048369505
1.0631352678879327
1.01620714915747
0.9299806113343818
1.0
0.9582781574151884
1.050936895557053
1.0673745931690495
0.9403700899464598
0.9305728551421386
1.0
0.9899072675424048
0.9312630449513097
1.0
1.1170914325707635
1.007584495375161
0.9369825502009439
1.0
0.9675440312293748
1.0525806653182528
0.9606371338521447
0.9510460953134254
1.0
0.9974061141044253
1.0105283828451328
0.9747260626018512
0.9994157177525071
1.0000000000000004
0.898869097981605
1.0
1.0136034819229258
1.1031537241171732
0.779676699934118
0.7791059921199532
1.2320129745926467
1.2148164460130086
0.9775746234569267
0.8491266193240214
0.7931178982680511
0.777793512599509
1.0
0.8073889813517905
0.8943375281126853
1.1812248561784888
0.8305703362842078
1.0823110577713666
1.0638483464176938
1.0958274728908197
1.0
1.1589702621425935
1.0
1.0086174279424247
0.7915854597011971
0.7017914798386689
1.0895982376280005
1.0086244438728889
1.0
1.1935261523491398
1.0
0.9599390514640103
1.0513507179191959
1.1576140487317987
1.0951547813367877
0.972424008936752
0.9333101698949999
1.0
1.0
0.9841611771056904
1.1142549406048787
0.9944873494397388
1.0416890433362211
1.1791565513003097
1.0770355453030183
1.0233515507961766
0.9780435202526183
1.013876757893084
0.9499461160253513
1.0
1.0
0.9490114106678549
0.9516487889565322
0.9633235625607846
1.0399791529055
1.0
0.8541102696010694
1.0
1.0195711390568478
0.9954167063486534
0.9929821240730954
1.0
0.8695054682915768
0.9772138591118797
1.0
0.9618331272039331
0.9928422156099894
0.9309902440094104
1.0807537170046437
0.9999999999999996
1.0292769227358147
0.9064137144720137
1.0153153371128365
1.0433863121716422
0.8731868154968621
0.9639093962081806
1.0876084978010967
1.0497388834904378
1.0108642514049917
0.9657520894929132
0.942558077126951
1.0215597919202066
0.9990081447351824
1.0379116590178614
0.9872712896309745
1.0
1.0353125049997005
0.9875037225403713
0.9466728512454394
1.0418852354386443
1.1897746220794074
0.9960177891901609
1.0
0.9990479312773752
0.9675475714929025
1.0375234776996658
0.9194579689304354
0.76724847726853
1.0
0.9795692387026134
1.0864095588258857
0.9914664944066245
1.0
1.0256927225269914
1.0
0.9447130362997052
0.9493003669897004
0.9620754490285495
0.9963374610502735
1.0
0.9760537131381373
1.0288269319550758
1.0033880102744561
0.9266343074459642
0.9637446708430772
1.1326297962412313
1.0
1.0
0.8772699288781767
0.9762793063674722
1.0
0.9742343789799084
0.9800983253539206
1.0000000000000004
0.9185653613763165
0.9219686281267232
1.0
1.0
1.019304627201704
1.0028984961634504
1.027338628028569
0.960493071276487
1.0
0.912291279395617
0.8210621514560552
1.0000000000000004
0.8027388973820293
0.7224650076438266
0.9689416823069208
0.9885441606678773
1.0
0.9488217873224944
1.0
0.9964160102711448
1.0
0.9608716546893494
0.9999999999999996
0.9620163582609522
1.0104118849471058
1.002116918905522
1.0257169268227422
1.0243290990674314
0.9923198449659618
0.9999999999999996
0.9689831490869909
1.0
0.9690460989436596
1.0
1.0123817119733078
1.0000000000000004
0.9451717693687045
0.950577875193586
0.9655016502307219
0.9967037149452462
1.0
0.9813310350198314
0.9412263807623749
1.116084822443363
1.0
0.9340635396461154
1.0
0.934406802467207
1.0
1.0779882942816021
1.0708060216988669
0.7796196291527013
0.8033565369902975
1.0
1.1143962955204239
1.185166545023407
0.9173038767360961
0.9745739943029772
0.9331382425098265
1.0
1.101546732225252
0.9786513757307249
1.0
1.0466456748429551
1.0216674053640116
1.0176640140978788
1.0696845947843006
1.0206540723533606
0.9767350435444548
1.3135644541921359
0.9709019301430173
1.0583622769212098
0.9647844892204152
1.0
0.9668559109295671
1.0049572986883817
0.9633257984526677
1.0412992912018977
1.0909133415258907
1.025578144047211
0.925079262130649
1.0
0.9964065671127007
1.0781374043451644
0.8969029022884523
0.9703236639106478
0.993087860469366
1.0
0.9020590617704172
0.9720848341782924
1.0000000000000004
1.0685925058135357
1.0000000000000004
1.0859463246892664
1.0
0.9457123799511926
0.9520702526972986
1.0155282558555547
0.9325713359175838
0.9999999999999996
0.9999999999999996
0.9930466196106762
0.974876350760463
1.082934579768235
0.9443494112702946
0.8671693125605757
0.9999999999999996
1.0000000000000004
1.0
1.0462606962342975
0.8954696340888337
0.9686218567021743
0.9970333434507221
1.0000000000000004
1.0446276390055638
0.9173258577334993
0.9427064975179134
1.0
1.0
1.1174017412648416
1.0030492092470102
1.0486752742051793
1.0000000000000004
0.9803900616262657
0.9999999999999996
1.0044763401990267
0.9534045980241483
1.0036330680184564
1.0432842951808499
1.0
1.0089821881834444
0.9310259027017489
1.0104450723663359
0.9780498728356788
1.0390691443407132
0.9998374527791016
0.9371522628260798
1.0000000000000004
0.9816944983572067
1.0
0.9973996302480916
0.902962892810736
1.1110495270702758
1.0389558656627647
1.0471611698851464
0.9080839693651002
1.1699602779464118
0.938967819668207
1.0265033275840039
0.8509459203846101
1.0
0.9850360042001789
1.0598351248949927
1.0000000000000004
0.9665099769466949
1.0212670662373982
1.0228660721665213
1.071904745527588
1.0
1.0
0.8758746200515626
1.0004394571068684
1.0779630017780217
1.010417984609223
1.182208008772922
0.979647964820836
1.0171260337471564
1.0
0.9683060402983741
1.0844020649252113
0.9706660497054482
1.0217269758624563
1.0
1.0025489083070496
1.06923772504032
0.9218705060769015
0.8296834554692114
0.946348167225803
0.9537254130977866
0.9714630053770295
0.9973300091056494
0.9719856858757656
1.0214269668303109
1.0206234106605554
1.0666987810412816
1.0095076677555896
1.0275969870255923
0.9999999999999996
0.983395771713468
1.044122498806253
1.0000000000000004
1.0109677139050373
1.0137248981427058
0.930084818629247
0.9944477415506645
1.0195542782762104
0.9004863827328045
0.9740497057498909
0.8975970081950844
1.0
0.9706627929770972
0.934660335351909
0.951419562527489
0.9633834878063583
0.9999999999999996
1.0513671858128713
1.0
1.0
1.057179967028278
1.0
0.9491680346696909
0.865143299069191
0.9434370365434717
1.0
1.047422542805811
0.9879559565043556
0.8702206721549159
1.1038401609295243
1.035945517570621
1.1676469622487424
1.0341956363210132
0.9704304191236628
1.069002838205006
0.9445907026329743
0.8361839162656395
0.9999999999999996
0.9238529948256033
1.0879126374381474
0.9490933328891242
0.9999999999999996
0.8743583629070266
0.9891273245409873
0.9373712297364878
0.9226842931885444
0.8508922690026135
0.7405721556176021
0.9808669198058988
0.9620717015880764
1.080464786635999
1.0929327822896093
0.8423748304686889
1.0
0.6513061324969796
1.0305157581949143
1.0077619994856
1.0296514359322289
0.7545724491560617
1.342058133505558
1.0253167160493843
1.0
0.5861755192472815
1.0
1.103646251474721
1.134538612494008
1.1741735371142261
1.0
0.9686092780480724
0.9170109975928948
0.9887776053842492
0.7124690515361656
0.6940222426050631
0.9794840238808065
1.0
1.0
0.8729866856341837
0.9371982515901034
0.8758613890410811
0.9183256827336224
0.9399259896585481
0.9806819754438525
1.0
1.0
1.0098761288335676
1.0911114840497893
0.9886554887433281
1.023924131319176
0.9968003615628187
0.974735766771464
0.9741478635630672
1.0
0.9770342143190822
0.9767330772067604
1.0
1.02104509850699
0.9204318630700659
1.0
1.0415576810379434
1.0362412186071843
0.8793307928871741
1.0
1.0
1.0262522055326824
0.9998729438143545
1.0
0.9428188719674382
1.0
0.7289478181735203
1.0
1.0
1.0923916303346766
0.9715137483103549
1.0
0.9710178907584242
1.1271363870738367
1.0
1.2423554211794938
1.0433523976235706
1.0683479271689742
1.061977051000456
1.1497119381640593
0.9738936477480205
0.8230208832912678
1.0
0.8438550947716887
0.6110868612882685
1.0458519505781112
1.0677108395521224
0.9615503541745012
0.8587429413871539
1.050073567407603
1.0227850444444462
1.0
0.5499781751594415
0.9181977080422401
0.9551768286422662
1.1567561834028037
1.0
0.980822810508525
1.0
1.0316336063762925
1.0000000000000004
0.9077309439333394
0.8755760889392907
0.49498035764349746
0.7907040017094196
0.6373775630220249
1.0
0.572619327493771
1.4801875435211616
1.1323372778264083
1.2047288598472186
1.6263966590397718
0.8686265265285162
1.0
0.5238152942459622
1.0626838505877552
0.6360168156578503
1.0774081193992022
0.6339435459885903
1.0622025030587237
1.1468552679991535
0.7757707990310809
0.9909151804411902
0.8312361491151119
0.934671663578392
1.186592714928882
0.9826493528318574
1.074811239315181
0.9434784264310929
1.0
1.0
1.0213840349328347
0.9826137778994672
1.0
1.0
1.017438510230352
0.9600347823790907
1.040526371745747
0.8939967250645307
0.9441930736846236
1.0
0.937338181871302
1.0849788715064776
0.9204857134261148
1.101173417690858
1.093857970096023
1.0205501760351834
0.8913977135984568
1.0
1.0
0.9364737345711722
0.9914508364470258
1.0063962426323836
0.9743623734793196
1.0
0.9077093276162729
0.9816569136225022
1.0307907824046927
1.0
0.5705491913897314
1.2390604361602482
1.1714132062887113
0.5210024483708078
0.3706719209744678
0.5946061301000002
0.9271
1.0
1.1594171551652415
0.7633899999999999
1.0
0.9089999999999999
1.01
1.0
1.0
1.0
1.0
1.0
1.0
1.19
1.0
1.0
1.0434754396487174
1.4243239830349586
1.4728119081942894
1.0
1.0
0.3680519971772209
0.5734984359998
1.43016404258
1.0
0.5812455170899999
0.9999999999999999
0.59049
0.8831749380220337
0.8985020551523917
1.0
0.8946748864073948
1.0471047240150062
1.1245056941998746
0.9897188759958926
1.0113815106906667
1.0
0.9446710567572545
1.012055124779887
1.021125969214462
1.0
0.9731768180930445
0.9918851394653698
0.8821807024203201
1.1276424018726114
1.053541533376709
0.9660767879256769
1.1361460047675989
1.0504952626579254
0.9842429994857138
1.0793750731630176
1.0
1.0
0.8997644245571692
1.0
0.9105639008446591
1.0
1.0660236269508694
1.0438700363407039
1.0102433596216
1.0
0.8502039510815287
1.0
1.0272014602030035
1.142078880325176
1.0925445929266937
1.0
0.9119259188107138
1.1224410753303813
0.884707649735069
0.9976352224898122
0.9598368159372592
0.858417384050175
1.2606587164936442
1.0189771887622854
1.0
1.0
0.9068513899729043
0.9904752314197491
1.0932731276344505
0.9080244340017227
0.8282057918803645
1.0
1.0
0.8129267180714148
0.7965977233998887
1.1672767020257373
0.9538426576332748
1.0
1.0
0.9642198097248285
1.0522987257383658
0.9327405980843348
0.9330237664703818
1.0250561574059858
1.0000000000000004
0.9997009527602172
1.0
1.0466905346041635
1.0
1.0127465742924935
1.0222494062486813
0.9959510006882386
0.9111730252578729
1.0000000000000004
1.0792288967875536
1.0469787318591042
0.7169379510598999
1.173456426321415
1.0685917218919445
1.0
1.0
1.035952799421703
0.9653912186769684
0.9326553315957824
0.8617615786127737
1.0918820063727588
0.981032846978457
0.9612311352939855
1.2296110826321236
1.0
1.1845117906133824
1.0451372676548996
1.0
1.0
1.0
0.9158319074506593
1.0170794698860561
1.0
1.0129622092233452
1.0190133722930153
1.0
0.9750476502302767
0.9705781968234506
1.044795058831606
0.9783477058259367
1.0092190236594396
1.0
1.0558686949706662
0.9095519318649377
0.7631478831524197
1.0
0.7673817958166724
0.8958020539738563
1.1211937149589426
0.6817092143758261
1.0000000000000004
0.6941883521042831
1.3552623038361022
1.1009642661471992
1.0
0.8755854207514959
1.0
0.6446907197271945
0.6579981721862174
0.8748643328416774
1.387855226177471
0.9294924378532747
1.0000000000000004
0.9591007931968725
1.0
0.852565524639076
1.0
0.8305869962002062
1.0317259231696236
0.9839517150605377
1.12382363722263
1.0
0.9673002777090076
1.0075690069375662
1.0
1.1629628118308588
0.9261634221752573
1.0
0.9241721388809201
1.0334097801272222
0.9756224242438654
1.1093567704460314
0.9018191505888744
1.0
1.0729916640933168
1.0
1.0000000000000004
0.9319669462165674
1.0
1.0266207112755747
1.0896694620971217
0.9606295359394914
0.9086485936671935
1.062479860997401
0.9930532639615306
1.0120756746014745
0.9930745975451165
1.0612408961702786
0.8978959727001681
1.1070112866508883
0.9488809967620759
1.079932972731675
1.0
0.9883846723007914
1.1455292927073852
0.9155050907699502
0.9311768212168299
0.8229422146560412
1.0906779797644526
1.1321301091224556
1.0495794656956794
0.8436949208825006
1.0878085152116115
0.9827405294576721
0.9162172380762765
1.0000000000000004
0.7406479931904371
0.7606756207944563
1.0948523528923397
0.7242614900343698
0.8084385526252089
1.0
1.1661983787191796
0.98327068620954
1.0
0.8662745609413673
0.9491305837879835
1.0
1.0
1.0175070092294982
0.9843524001095205
1.0
1.0
0.9415326201936995
1.0
1.0604230053493913
0.9390612471368747
0.9022579422386112
1.1793946087905915
1.0
0.8497737663161611
0.8797667377230929
0.9419714447587579
0.9929453770655616
0.9473793581743295
1.0
0.9543807048144521
1.0879538665210386
1.022536513437137
1.1464325245431484
1.0
0.9470688379894385
0.8936508393590055
1.0006696767479433
0.9542175254091854
1.0
1.0
1.072102997318313
1.0077435315913612
0.9856804941297832
1.0828490615686581
1.0560530363561687
1.0
1.0
0.9993942461524443
0.8960292267149454
1.069481429626745
0.9566381875758148
1.0
1.0
0.9202811023010433
0.879199139700781
1.0
0.869901061834454
1.0884923132697044
0.9859171600985688
1.0
1.0
0.9960244616140672
1.0432642832840293
0.9623471663335219
1.0055372278452035
0.969961506285463
1.0363914430032457
1.0814121312126486
1.0667153866365715
0.7647963896845451
0.9760117796680263
1.0
1.0
1.0568218909275604
1.0
1.050447732720552
0.8686579809531296
0.9223487265257053
0.9796430819427342
0.8868703668073992
0.8752079653529155
1.1476664508763443
0.9463729725237315
0.9133744470061256
1.3049732560724583
1.0
0.9784106017012237
1.0
1.0
1.0293430015469212
1.0408935118241862
0.9037639029927513
1.0
0.9454029594484967
1.0
1.0
1.03696202670513
1.0124853813406678
0.9642774363050175
1.0
1.0503978175701372
0.9739799754153049
0.936539876680234
1.0
1.0
1.0523002174442753
0.9897244951722524
0.8816787737484608
1.0676970688930152
0.9151040862168958
0.823593677595206
0.9865703005007211
0.9660791884533326
1.1305287303920006
0.8260641817205268
1.0
1.0
0.683494503942113
1.0
0.5427745953488954
0.3885966410594788
0.5389090181998201
0.8809999999999999
0.8290000000000001
0.9
1.0
1.0
0.8879998851563764
1.116976898197363
0.8960004070105434
0.9276455742440737
0.897871700240831
1.1074601599777756
1.188267773471904
1.0
1.0
0.8206071842140279
0.9195075107601927
1.0
1.0188356043950062
1.0
0.8770232203281889
0.9252517417288217
1.1153845081427365
1.0381503235310392
0.981434837609287
0.9907130962784372
1.1101175649311372
1.0
1.0739106018257374
0.9998234455311525
1.10545389667318
1.094879249078681
0.9143250747393612
0.8961875363335725
0.8191011573640878
1.0
0.9795879776688645
0.8767836703639578
1.0557349816297874
0.8419281256879048
1.1406235408894085
1.0
1.0991190164851226
0.9675212250611365
1.048900679780929
1.1343016230730116
1.1122468057862767
1.0
0.8304972168686442
0.9275567596841734
1.0
1.0169520439555049
1.0
0.9486136189350978
0.9092258116656513
1.0
0.8740027777550177
1.0
0.9383693656715311
0.8445324291043779
1.124579082023426
1.0061002785705995
1.0
0.9671919892601357
1.010386490645355
1.089324531803852
0.8711775231435333
0.980392078623467
0.9348010837157554
1.0
1.0146543573424829
1.07501007780417
0.8819005958564654
1.1153444383865239
0.8558775534775469
1.0
0.9122367001328451
1.0137914038257057
1.0
1.0539756239173208
1.0
0.7937105362708188
1.0
0.9044573863329388
0.8310093615716028
1.23761317238242
0.7996393713631544
0.755978078845418
1.0
0.7346956097191191
0.8688781864725614
1.1105211674216315
1.0
0.9345325635682142
1.0361305680143635
1.0550922351988996
1.0217516450446018
1.1202463584822517
0.9327689149229395
0.9422270055639421
1.077323795361628
0.990374094213716
1.0
0.9736322080991942
0.7788561283912312
1.123958455660028
1.2375049903606703
1.0
1.2197473316477758
1.0916505706160313
1.0
0.8041578355450731
0.7237420519905662
0.9670698228385861
1.1265611868004672
1.0
1.0
0.9116824927320648
1.085959237342724
0.975659170533115
1.081994998630825
0.8971125838568055
0.8235062332989838
0.7693428826180595
1.2069376555446016
1.0570337397097198
1.018693442343027
1.0
0.962881547698097
1.2548011205125729
0.7480748290753683
0.9507366408561744
0.6924085943562535
0.7667352722670975
1.0573153912151723
0.9561756949903275
0.7009705155521084
0.6958266753047457
1.3298325000672122
1.0373352407253362
1.0169582449195538
1.022550541665387
0.9488085594454896
1.0
1.0
0.9450019171376711
1.0639838115462492
0.9599866865002795
1.0
0.9997308574841952
1.0
1.0420214811437472
1.073399546510272
0.9738123291168881
1.0
0.9230068309129846
0.9874732031452016
1.020055722732085
1.0
0.8880268786763459
1.0
0.6551803486519958
1.3005827741330247
1.0352975411447574
1.2737811183673475
1.0316011163883676
0.9360709476844322
1.0725453599832901
1.142553251836529
1.1014986141263199
0.9337147239870403
0.950259359174086
1.0202954874988484
1.0
1.0401179202565425
1.0
0.9294534681362068
1.0030005157084503
1.0
0.930903962496747
0.9828240014367555
1.0
0.836508121322586
0.9907314551038899
0.9084696800286709
1.1828994753328432
1.0
1.1546243123672841
1.1139050681204203
0.9078681418821377
1.0
1.037993441558939
1.0
0.8789672050833417
1.0123409898342022
1.0054902507135388
1.1975453103797937
0.9715114393986575
0.9930245634130461
0.9414483898088122
1.0382372765784673
0.8873307576665166
0.9986908336505307
1.0
0.7985976818998646
0.6650601392552042
1.0
0.7736498828010978
0.7655556285439094
1.0
0.5896623137867962
1.2758139618222413
0.5306960824081166
0.9999999999999996
0.6216621820183756
0.936543194067947
1.0
0.976182428069412
0.9026160868550734
1.0000000000000004
1.1011140631277474
1.008997343185027
1.029171466552524
1.159432648920074
1.0
1.1251783309481809
1.1796420075087344
0.8072069270816513
0.9864542213447702
1.0352906311843437
1.0
1.0
0.9067821798664433
0.816103961879799
0.9884960356926342
1.0
0.9974644798206675
1.081890484098352
0.8913366847923445
1.0
1.0973316096462469
1.1008072145379986
0.8909888212373289
0.8742836597290919
1.0
1.0959344201881729
1.0
1.0875984486816215
1.134759559534074
0.787240354701475
1.1022819681613996
0.950055035923218
1.0277788286417513
1.05392770350094
1.0
0.9651877696449178
0.9762256607204254
0.9359126595590883
1.1646095277995583
1.0
1.0
0.7991489885899608
1.1509189628432983
1.0586802787803
0.9572629720065615
1.0182659387489634
1.0027004641376047
1.0
0.9378135662470717
1.0
1.0625551490664833
0.9436671187334928
0.9800854632627072
1.0
1.0
0.9559745726009394
0.7102760302193705
1.0
0.5577811689306689
0.6134048844965512
0.7978981555221578
0.9350959030055508
0.9622312979220617
0.9749482978987403
1.031420699607418
1.0
1.077381820834551
1.068442880158829
1.1026428342925199
1.0970506965936342
1.0535902680977292
0.8663693664069263
1.028770232113132
1.0000000000000004
1.0
0.9925159162696602
0.9748027256681531
1.0
0.9999999999999996
0.9670625472145784
0.8906857664509911
1.1439372389283666
1.0740307069832449
0.9541839996002124
1.0
0.9778385298217658
0.8843775817121093
1.0077530460029815
0.9526159550553759
1.0116872478293502
1.0462304672315836
0.9999999999999996
0.9019361893737683
0.9999999999999996
0.9766330587608127
1.0000000000000004
1.0585309455669112
1.0251448005287846
1.0
1.0000000000000004
0.9907445972095106
1.0501438738578455
0.9999999999999996
1.0600311305677317
1.0213466112133354
1.0807880499079983
1.027290755082801
1.0
1.0639872078956296
0.909094336109431
1.0
0.9912736628965337
1.0072325638617579
1.0079610748721493
1.0113165996825901
0.9786002038591168
0.9101849397143313
1.0690585573641664
0.9171521427078284
1.04648281018939
0.9175988504485892
0.9999999999999996
0.9564471742658669
1.0
1.1463386899423829
0.9123524083284353
0.9999999999999996
1.060289751074373
0.8816731415577799
0.9664044359944111
1.007837307375576
1.0
1.0548705135279395
0.9425292769299052
0.9585230843327728
1.0151415697695731
1.0435436098821946
1.0
0.9747271182417863
1.2523819384856596
1.3022503061159827
1.026948502358715
1.0642276527125731
0.9428888746611519
0.9999999999999996
0.9688257939479783
0.8767559346497658
0.9170722638146382
0.9008695647093208
1.189217391761611
0.96350299791973
0.8774534681088664
1.0359812376149504
1.0000000000000004
1.1063160883342142
0.9095187979409234
0.9999999999999996
0.89808613573144
0.9038534899996806
1.0
1.0000000000000004
1.0312637927524961
0.9310975493262168
1.3041557875887668
0.9869826833264459
1.0
1.0
0.9037819378161007
1.0535483032416875
0.9816268440166653
1.0124890821037753
0.9999999999999996
1.1475712745449052
1.1279439576811034
1.032383113853455
1.0
0.7770538757525509
0.9882844149938013
1.0
0.9589688819114213
1.0
1.0118660782140907
1.0205572292151737
0.9898244331041615
1.0157758646833401
0.9847130678253757
1.0112401738933983
1.0
0.9894559734944215
1.0826131865571296
1.0
0.9630719937202787
0.9999999999999996
1.0127351933141981
1.0174839496040717
0.9009087840972163
0.9780741382524432
1.0668322655708247
0.913464521177255
0.9830916814214632
1.0058264330533864
0.9873657784321774
0.9321305260710981
1.0285582134796183
1.0159843481168074
0.9134681409997123
1.021247168409869
0.9684033731524715
1.0451714833425467
1.128568725487344
0.9987716948006917
0.9999999999999996
1.0000000000000004
0.9667647943482516
1.0
0.8111679750923102
1.0
0.9999999999999996
0.9554314417122614
1.0761020131878878
1.0976713021476425
0.9086253195127387
0.9470989899980236
0.9367809804385527
0.9999999999999996
1.0
1.03009415140647
0.9847825132793164
0.9999999999999996
1.0
0.9674984988598245
1.0308143496612163
1.0042209055842752
0.976080184171479
0.9655245259232932
1.0659848098114022
0.9460671890420755
1.0308618159959804
1.0
0.9999999999999996
0.9890892315065121
0.9588441243982939
0.9999999999999996
1.0
0.9999999999999996
0.9615985921429462
0.9745776352144366
0.9999999999999996
1.2291838446232193
1.0954980086083594
1.0
0.6147953206278469
0.8613949536662289
1.1496198018555486
1.0927046537440428
1.0268153348486808
0.8564103768135598
1.0321488298380457
1.0
1.0310934911771632
1.0349295464450292
1.0000000000000004
0.9851239330304256
0.8604598250819571
0.9999999999999996
1.0
0.9820182262191639
1.0349496461608405
1.0
0.9999999999999996
1.064341202311339
0.9441286576701926
1.0096133851148714
0.9999999999999996
1.0000000000000004
0.9814970410605524
0.9667185589810501
1.0126886317866686
1.0292448558356666
1.0
1.0882574295636083
0.8833473369544973
0.9999999999999996
1.0414113868279067
0.9301858183660903
1.0000000000000004
1.0
0.89025040464321
0.9723080657155534
1.0
1.0757904375440606
0.9443276184290177
0.9999999999999996
0.8985590108118036
0.977728663653628
1.0
1.0694126412056848
0.9738866676536198
0.8068422184513651
0.9065093074755821
1.0429349623737694
0.9258389654037309
1.0044831586339549
0.8924675458111424
0.9647142709748291
0.9660234381395338
1.037737551339868
1.2477199214217731
1.0467548090519485
0.8345152572268932
1.0
1.0549581121752318
1.0236094883726339
0.9355404471918396
1.0000000000000004
1.0000000000000004
0.9880779748244501
1.0000000000000004
1.1081123743128383
0.8720739881308792
1.0
1.0000000000000004
0.9562134283466728
1.0
1.0324393441905362
1.0589879876363115
0.9419864024726552
1.0
1.0
1.1229479292795959
1.007053576638019
1.068417272284044
1.010388271862512
0.9585530816004386
0.9587655996401918
1.0000000000000004
1.0507570171045257
0.9937004904606574
1.0306764173940999
0.9978493042667504
0.7795454036932625
0.7655762084805566
0.9999999999999996
1.2149561483158218
1.0363942257298477
0.9771198716929934
1.0
0.7435883454976286
0.8477622228651591
0.9205628564683712
1.0
1.108098082142774
1.1633455707006677
1.0
0.8051218229477914
0.5497482725286016
0.9103381102112924
0.6243270383571731
1.1167062865078612
1.0
0.5618943345214555
0.5218537950733049
1.0
0.3755250297723509
1.4495939984844277
1.0
1.4560748327850703
1.2999802905068942
1.1479056094682156
0.980165928953372
1.0188191636465027
1.0547407366677843
1.0007484437810632
1.0544693445398643
1.0
1.0
0.9762492579499327
0.983952529166372
0.9133875126934763
1.0
1.0184316886480742
0.8885618897471184
0.9198690851084539
1.0
0.9767050663973569
1.1473623556486037
0.9551030915501415
1.0
1.0924432960982013
0.8074167941143515
0.9624392113335611
1.2007806321234753
0.8193042991901631
1.0253446777039557
0.8206062431942449
0.7151450535479018
1.0
0.5127239233898586
0.3379725267951159
0.591679965381
0.5314409999999999
0.8849438978653223
0.9581685469463768
0.847667961364734
1.0531997099730512
1.0168240981087235
1.0
0.9645430066018461
1.203028612984098
0.7676991093379231
1.0
0.8289353989573982
1.1790035910113623
1.0
1.1441151164450973
1.085324392845398
1.0115104160165336
0.9945810332595899
1.101603967165449
1.1016562568248451
1.0085093688576396
0.9790706029978216
1.1283639836169481
1.094169886213903
0.9208320458572077
1.0670566491459796
0.8500973053308956
1.168461035168459
1.0
0.973808251705699
1.1246957566801639
1.0
1.0124122634431343
1.0
0.998207457395961
0.8682211362255661
0.9969422806374082
1.0
1.1221980483723382
1.0
0.9883915672400718
0.9478768997670848
0.7909291984041307
1.1040859661934839
0.751432446119555
0.7100397602236335
0.966805572391995
0.9836850169598543
0.8493004068601433
0.9820769169364363
0.9314047183627832
0.7074809215586546
0.5698397326939455
0.9999999999999996
1.0000000000000004
0.6246191501770082
0.9485999871950375
1.0
0.9596188080181571
0.8807875675662533
0.8960301845341458
1.1628231127897446
1.0
0.8258489754506919
0.8306027267071916
0.7426507559508391
0.8513263185442668
1.2994058156463613
1.0
0.7089606621498179
1.0
0.9595927823951276
1.0
1.0639406458998164
0.8004075075514576
0.9840312524226853
1.0224113209486307
1.0493415073791121
1.0
1.0
0.9474114006124692
1.0
1.0103760259693892
1.083434252809936
1.0428102298740782
1.0
0.9767801273268262
0.7613971392290497
1.0
0.9015305156421611
1.1886225359220548
0.7182248254146106
0.4952487837303843
0.3246998562766046
1.0
0.501742073799838
1.4257910526990998
0.5639529688429
1.0
1.4433065375314085
0.45156786641985425
1.0
0.5314409999999999
1.0
1.0
0.8940914962979383
1.1305235577305126
0.8981309056568882
0.939040845537229
1.0
1.0
0.8952650472519332
1.0779429951625117
0.8810932506667504
1.128073250939468
1.0098174777408389
1.0052833266501757
1.060780947051648
1.1103960718231995
1.0
1.0
0.846425385304066
0.9546346474091569
0.9818406421286578
1.0
1.0122261810121476
1.0
1.0
1.01117103709882
1.0
1.0222291813378472
1.1166700319016014
1.1072842925231496
0.8330924438136744
1.0
1.002354168348444
0.9503947380975131
0.8967800475953531
1.0
1.0973496039524626
1.0108330886903225
1.0390794105852192
0.9000958565060104
1.1899137291445907
1.0993564646408789
1.0
1.0
0.857246311514575
0.9573552468811073
0.9836565779157915
1.0
1.0110035629109326
1.0
1.0
1.0552920494085658
1.045238116019628
0.9078307967127399
1.115731457963756
1.0798651076522026
0.8497831994323066
1.0
0.9590615590327234
0.9847340741544786
1.0848081054710876
0.9321821296307888
0.7426912945554776
1.0
0.7472931775299632
0.6390357842012699
1.092568631917989
1.0
0.9994777428266435
1.0
1.04031500212598
0.9578274151950712
0.961210134986076
1.0
1.067343486172379
1.0485385481029263
0.9633632686808014
0.9856229260156617
0.9355360302462818
1.0
0.9167986836724848
1.0485349331508456
1.0
0.9662915587524692
1.0166882312738101
1.0849805918535713
1.0
0.9247464361745958
0.6128557594245514
1.0
0.5769933689139846
0.9248752601551544
1.0839986758188136
1.1859482077475239
1.1742044158193412
0.5281679679965539
0.7987211084985111
1.2724288204923466
0.9280393675643732
0.9005599620789355
1.0499295060598621
0.9551184691327093
1.0
1.0273937060813658
1.0558910250592528
0.7574307016243047
0.93052031971619
0.9548980449386435
0.9854878453632603
1.0098802605010242
1.006657499064148
1.0
0.9863042619513855
0.9189786504411668
0.9818422531960698
1.0297599764456837
1.0000000000000004
0.9037805777251666
0.998894525320623
1.0
1.0
1.0528677002665527
1.0000000000000004
0.9300511775830795
1.0
1.0000000000000004
0.9738300839399634
0.9751775071177411
1.1429895852038445
0.9370460598247723
1.0000000000000004
0.9192974841125903
0.8273677357013312
1.0
0.8920173437508017
0.9400167007951001
1.088424683507697
1.0
0.9768003935226361
0.9027488412582443
0.9781751872891795
1.0
0.9207584163710245
1.0843822758772412
0.9629597119584652
1.0
1.013841352581205
0.7616981235304596
1.1043246389583277
1.2069746309070815
1.0000000000000004
0.8088115487252194
0.9245955142686486
1.0
0.7637232257816446
1.0096967317857244
1.1470110136306015
1.0000000000000004
0.7292047247101379
1.0
0.9923462764479285
1.213744931876413
1.1671561544944642
1.0950717746180603
1.0861157218545068
0.9884874032575741
1.0000000000000004
0.9379444870682829
1.0097748390451686
1.0735617137992106
0.9899185424457562
0.9154969164770281
1.1916581448440908
1.1273324048639934
1.05857227839924
1.0263203702521007
1.0000000000000004
1.0
0.895012603259048
1.0
0.959606622219439
1.0000000000000004
0.9673089721751684
1.0
0.9982209938688733
1.0490408043995259
0.9549698531017392
0.9750772591439985
1.0000000000000004
0.9429204008540353
0.8923063694800488
0.9999999999999996
0.9584321132190774
1.0636529851737437
0.989270177342005
1.0
1.035253386695719
0.8575925198488599
0.9999999999999996
1.0819186404822472
1.0
0.9064759760959866
0.8962324290575223
0.8916469035688834
0.9932815973516727
0.9760207954696134
1.0255308538694425
0.9739200542402626
1.1845085356946425
1.0
1.1358599537120395
0.9878446506574043
0.9999999999999996
1.051078356593198
1.0000000000000004
1.0350942085351136
1.0031024257381889
1.0367872807906293
0.9999999999999996
0.9999999999999996
0.9732434894608186
1.0131899462026213
1.0
1.0052047528363044
1.037961136740893
0.9626568631074512
0.9515621081335186
0.9999999999999996
0.868634815498424
0.9579570249811056
0.9592243483612743
0.8621613224829949
0.863301913525147
1.0581943877474282
1.1576495994938019
1.115344762392478
1.0
0.5589647612384461
0.9407876017215204
1.131213989249214
0.7747396634334933
0.9668174396693989
0.7887420976004491
0.9999999999999996
1.0606453596854184
0.9866113470693456
0.9654039050980088
0.7480420558469993
0.7380645959348362
0.7428782850811264
0.9128078002658184
0.6345683956941275
1.0
1.2847728224030264
1.1643193612344245
1.209171748090827
1.0
0.9141344532315476
0.7859535119428376
1.0
0.8535595664932281
0.46887114485395065
1.0
0.3872685819103341
0.5292607719586101
0.4782968999999999
1.0
1.0
0.8672572050512288
0.959985379984575
0.9104273208413343
0.9071020428358176
1.0
1.0
1.0886979524262488
0.9845921023089454
1.0713791371621584
0.8673198498234163
1.019896868330175
1.0
1.009903206619839
1.0
0.9261758476902013
1.0
1.0090485400500437
1.0
0.9550295740702515
0.8938516861042656
0.9100947930407823
0.8971701044127354
0.8947198487459005
1.0817404225915546
1.0
0.9258493831399583
0.7416531153016539
0.6806591869036422
0.7550023786146394
0.7777832238817304
1.0567839742374074
0.9123318491580727
0.9609360517190968
1.0559050669444359
1.0481221619171759
1.1038102861532302
1.0751074635859679
1.2357147325451976
0.748882910698426
0.5059138603709457
0.8607936975902346
0.9915275231424601
1.03658890457696
0.8581734118348585
1.0
1.016153526520573
0.9716760259286588
1.093521370735207
1.0047751817638466
1.0000000000000004
1.0324021327193953
0.9705780749576514
0.9999999999999996
0.9786926506886151
0.968556614733838
1.0
1.0000000000000004
0.9959638966648439
0.9775695332295982
1.0
0.9549936592860053
1.056214704390571
0.9903431596078041
0.9999999999999996
0.9772555384025639
0.849980242542653
0.8957738765086583
0.9012666782777359
0.9292739665504208
1.0000000000000004
0.9546449755669371
0.8171102527277627
0.9809718013095963
1.0203697739065252
0.9949789023857005
0.9509242714429682
1.1151334106822097
0.9470060901408015
1.0752678682000338
0.8961327889366224
1.0
1.1059895537754532
1.0318950302554213
1.0064709112434334
0.9441090341463272
1.0
1.0
0.9772381351349995
1.0118709515823596
1.0000000000000004
0.9459483892155056
1.039633709269748
1.0228982927415098
0.9510439060410691
0.9615473876100582
0.9564058973201672
1.0
0.8627682757266006
1.193212712225761
1.095566556667642
0.7002993262386465
0.8265572331276521
0.7066639954348584
0.7172367371399542
1.0
1.0156212559375541
1.269465234081725
0.9999999999999996
1.127354259183051
1.0
0.6746093636961756
1.0263238807410207
1.0594483604457974
0.9855559859681939
0.6071484273265582
0.7587716499755723
1.312132049754211
1.0
0.6854358208497016
1.1427786770577222
0.8056501945405112
1.0
0.9000926983076551
0.7428143357315831
0.5219840303685555
1.0
0.5713790781514929
1.0
0.4777871223578687
0.8219000000000001
1.0
1.0999999999999999
1.1923339574200003
1.0
0.4782968999999999
0.8239439209709261
0.872208503026827
1.0
0.9568691407430414
1.1581432065328148
1.0
0.9303176879909447
1.0717701649343692
1.1894208181767905
1.0
1.0
0.9720329799515888
1.2178465457234138
0.8287703791765164
0.867906325030221
1.0
0.850485890815647
1.0887672420265577
1.0782873674145188
0.9465096332028704
0.8599351942722171
0.9798905178239021
1.0
1.0
0.8979263727788327
0.6674878037714889
1.3480077295801438
1.1621232993738042
0.8487066397413772
1.1553522789691666
1.017907181497157
1.0
0.9266748281109614
1.0912731653657692
1.0
0.8748825158780988
0.607061653820204
1.12847814253215
1.0
1.0
0.6344951057111885
0.9147356324933904
1.0
1.1331887951397883
0.8032349054966241
1.051435988770641
1.0
0.9440322096223639
1.253061310103896
0.9599789798392866
1.2399341784192188
0.9793980024160147
1.0
0.9004612387756525
0.8104151148980874
0.8559352341636419
1.0
1.0088768146992146
1.0
0.9749351196705165
1.0
0.8695913364303589
0.9289267530595646
1.1013243054878963
0.9800021482450711
1.3611032319102252
1.0
1.3251663690296667
0.7231444493640096
0.6049520089356104
1.3655412687819082
1.0
1.0
0.5444568080420495
0.7928871281582994
0.9643711850634
0.9581656871741719
1.0391261959441467
1.0169971363810708
1.0
0.9713312260046036
1.0861590840902817
0.9249843769665436
1.0
1.0793239796585663
1.0616392138918727
0.9838692252427927
1.0
1.0
1.078683283275331
0.9675129643664295
0.9460784988420636
1.038921647444245
1.0
1.0
1.061176501893053
1.1025087813089751
0.9796965954795898
0.9052126874409021
1.0
0.9110998247160556
0.9070553249265192
0.6740110336100473
1.0
1.0
0.5376775950393569
0.920747513491623
1.0175236201511177
0.9596775964465416
0.9680297940709996
1.0321618195988909
1.0000000000000004
1.0293893154844822
0.8738670801454576
0.9923747708282136
0.9999999999999996
1.025548447476727
1.0
0.9776790470931376
0.9584914261111424
0.9760422906198309
1.0371672365294806
0.9999999999999996
1.0
0.9941244603213191
1.0542751934073724
0.9553169212209296
0.9426226736286294
1.0078390520224891
1.0
1.0055113429331435
1.0
1.1221874865878751
1.0
1.0673523061715926
1.0157128540714653
0.9520942541979678
0.9154134748356815
0.9610332385810696
0.9472402353852454
0.8057706112667722
0.9735884457489514
1.0
0.7448561226005972
1.2661362689050755
0.9490099054625039
0.8083156680801866
1.2609626094752144
0.7759451902346957
1.0776076226417861
1.0095579843573361
1.0059917491577326
1.0595685366189804
1.0821964379565774
0.9042084566552049
0.9742107942516292
1.014184866657149
0.9313272837391908
0.9999999999999996
1.00893097171963
1.0477635621055805
1.0045412116444523
1.0168757053095367
0.9040870904800071
0.97502461834666
1.1473368127372137
1.05399304773447
1.0364941342444056
0.9919587149263518
0.9855242994252196
0.9626389379548845
0.9999999999999996
0.8968172794552318
0.954857499066359
0.9999999999999996
0.9920858078657111
0.9666637407626193
0.9660801800555516
0.7290363210323862
1.0
0.9248073953124778
0.7642581363413528
1.0
0.9949111641133443
1.010313034979338
0.7444820535304673
0.9878692592752802
0.9756322300898228
1.1054476242050169
1.0
1.0
0.9368894363736904
0.947713533409194
1.0
1.0
1.1288933054912849
0.885557276249735
0.9530765640248209
1.068949544436752
0.9678496926745157
1.0
1.2042124628526918
1.0445993877873487
0.994902861784515
0.9440244852968389
0.9769172196840223
1.0
1.092624532965663
0.9211606403165722
1.0282545758840809
1.0
0.990653943296691
0.9736745870874262
1.0851649721731023
1.0
0.9409187734872932
1.0353160711309841
1.0
1.0490194946388396
1.0
1.0
0.9379718460772408
0.9497271493357262
1.0385278994482143
1.0
0.9729501874380997
0.9899104703353068
0.987314675947236
1.0140540794481603
1.0
1.017681848653444
0.9750908275289425
0.9810117830644329
1.032607185545059
0.9594822626532724
1.0
1.0
1.0
0.807334305386957
0.9595318724460666
1.0183999729307573
0.9920885959824348
0.9236011536102007
1.0
1.0
0.9766973710835019
0.9435790841589524
1.0826266942024394
0.5857555994753922
1.0
0.4505377602614411
1.5689426607975556
1.2551744241947587
1.0
0.7657850812214244
0.4247318513055558
1.1376463990094967
0.34432989310001205
0.47758059476274917
0.848951
0.8180999999999999
0.81
1.0
0.9010221252076498
1.0
0.828119753488485
0.9843682698238085
0.9264861184762214
1.035088733648056
1.0
0.9918599116480626
0.9277245638220668
1.0555370643147128
0.954590561173025
0.9056495381340088
1.0471188394852637
1.0959689940950001
1.0
1.175796317469068
0.9417833142778385
0.8811156925271986
1.0
0.9127682417682275
1.0
1.0
0.9739302505379657
1.1062662909698728
1.0654673370730814
1.0
0.959640514131813
1.1363235372813687
1.2851283236834234
0.8437446051220174
0.9190862522241368
0.8332986314761595
1.073174631407281
0.9204148746087109
0.735035822936899
1.3016145336050702
1.0520038549462374
1.0785032179155047
0.9545575859994555
1.053311290770539
1.0
0.9057723650427052
1.0
0.8926048077073467
1.102186395580194
1.058920603365773
1.066009191332058
0.8476049828500543
1.1539212298198533
1.0
0.7754274462722313
1.0
0.903269142066959
1.0
0.9022838158242683
0.9252805106656341
1.167247540400929
1.0
1.0874067659724957
1.0
1.0703626558768997
0.8866714294666362
1.004861510794088
1.0956246402853207
0.8572862314692724
0.9787124942696357
1.0
1.0
1.0
0.9038694280370105
1.050522786360836
0.9506066107698778
1.0
0.9018769694415303
1.0641095661570539
1.0355670435234368
0.9981832066782612
1.0530285430291952
1.0
0.9129422278602624
1.0
0.9138243359887666
1.0
1.078666089375246
1.0
1.0519935332358727
0.8984904375993814
1.0088015108170358
0.9555459496928895
0.9146118823640226
1.1768493058723797
1.0456674817279161
0.9951407090070097
0.7875912077263125
0.6922673038316844
0.5097031138058563
0.6930000971801036
1.0
1.3417760512368089
0.9776122605703801
1.044109302791652
1.2808401767218154
1.0
1.0
0.5183295286730889
0.868738469797619
1.0121148921090999
0.9114052579985392
1.0
1.0904753591547767
1.0723793882404742
1.0575676330127228
0.9202647321986852
1.0
1.0
0.981427823239299
1.101859946173187
0.9164967759055189
0.8288497784745621
1.235120750974354
1.0708982127176991
0.9518108697114505
1.112182381119105
1.0
0.9774416077034642
1.0
0.9854823027185136
1.0
1.0
0.855471905791978
1.0071792874434315
1.2827504011619588
0.7237000874620927
1.0
1.1305231242754585
1.0041446906861538
0.8643718795622277
1.0
0.979585843533938
1.0522265889393276
0.9653695178139934
0.909574976708849
1.085984738993968
1.0
0.9952672261242066
0.9796974469331179
1.0
0.9685168762565013
1.0563172232620426
0.9659392979128789
0.9077320761624232
0.8707414341789663
1.305359672170166
0.9842619647925073
1.0217716647288881
0.751330078715883
1.0
0.6812869803172301
0.9422737672955588
1.3612076328563534
1.023890459263355
1.0
1.2357037604435206
1.1014893330903073
0.9550643414339328
1.0
1.0299313388226068
0.9282382589788165
1.0
1.0
0.963939536917823
0.9142032579780865
1.1856578892379046
0.9887078343549716
1.0358936058636719
1.0
0.992394918065659
1.0
0.9817277022398061
1.0
0.984694917422015
0.9233785159616232
1.0
1.0908128065726972
0.9913403997812766
0.9869340724466618
1.0
1.0213739775203319
0.9595579072905389
1.0
0.985778956075765
1.0217254994186913
1.0126196886074386
0.8625754465776581
0.6384812322173197
1.0
0.5269814445957115
0.7386098705176307
1.3094294774901423
0.830185074523925
1.0000000000000004
0.9931372937453928
1.0059539111208098
0.9744429966237882
1.0357865495148548
0.9723560706513728
1.0
0.9204152344955587
0.975760284994938
0.9529881526362787
0.8832618647921913
1.043637201433668
0.9604091111014088
0.9317770278931863
1.1050429759136131
0.9304251241575723
0.879079552476095
1.1837612223924796
0.939273481290301
1.0316020244743203
1.0000000000000004
1.06218836096158
0.9276234602129927
0.9999999999999996
1.017845214789204
1.026084104164907
0.9999999999999996
1.0049602086398286
0.9999999999999996
1.0099687379290878
1.0579571158713659
1.04783859571577
1.1337285322445894
1.0
1.039658730994569
0.670197420292753
0.9999999999999996
1.2615050371935204
0.8142185559953052
0.8152356582498395
1.2177123528263882
1.0864162651144187
0.8548225929049584
0.7400822970983136
0.7856178526956379
0.9999999999999996
1.2743167319980264
0.9488787857733225
1.0666306113544652
1.0
0.9216857398867186
1.2344236325608184
0.9490103071909908
1.0762296011740564
1.0
0.7446358526580461
0.8531149412017767
0.6908543316764293
0.7311701064705036
1.02850080935195
1.2305087958576584
0.9727289424211256
1.0
1.029636328711498
0.9085413059461973
1.3106382738984377
1.0000000000000004
0.8323266557812299
0.9974360340920274
1.0
1.0044675178899403
1.0959792338990533
0.5715275081458668
0.9399743502540376
1.242518710673553
1.0
0.7738421318635451
0.7445325081341467
0.9150944449172256
1.2118897564630853
0.9866455563567347
0.9733855423910471
0.9318478699454964
1.3275529027785842
0.6751566952655352
1.2481635545009317
0.9079289030450628
0.9324729765375426
0.9437513044585266
0.590652348552462
1.0
0.6076410257389817
0.6271800395278531
1.0
0.4063219472845674
1.0
0.31262008843067846
1.6182177165359146
0.2813580795876107
0.512198410122082
0.79361
0.8360999999999998
0.81
0.8205946197615406
1.087405202497778
0.9096388970615052
1.136163760679442
0.9489014675357161
1.1276091941509838
1.0
1.0
0.894322679862201
1.1262282324600124
0.8259403602831643
0.9681713401610805
0.9221015493387057
1.0904701942235029
1.0149725747484748
1.0
1.0038163077558053
0.9693022229628729
1.0
1.0913365148688188
1.0
1.0216480050742351
1.0
0.9034346769802246
0.8806243621928322
0.8800364322402796
1.060210022720094
1.0
0.8933567008483241
0.7224669636205467
1.2901439560192811
1.1943296996885566
1.0406148044558252
0.9403171123714955
1.0472266770918388
0.9027398212408793
1.0
1.0
1.135308304026596
1.114848274735885
1.0
1.0
0.8628199439253867
0.8964790473622957
0.8503055136989053
0.6535971413343553
0.6409624349800369
0.9615549224082809
1.0
1.0232658364548568
0.9895729089805956
0.9031154861657242
0.9413487211040685
1.0
0.6316739850147259
0.6163289548407693
0.9405428141892473
0.8696379475329765
0.8728635812603072
1.0
0.7930002331941393
0.7426220346156316
1.0000000000000004
1.0
0.9811221230485914
1.009201360837376
1.0113494279038577
1.0
1.0643976398264403
0.8348441650511367
0.9866340255210315
1.1171620365736317
0.9990050727885613
1.0822571218104584
0.9999999999999996
0.9648015448867713
1.0
0.9663750441593968
1.0
0.979762337393776
0.9328598697148274
1.0243643659895638
0.9922558377857151
0.9627132828401432
0.9647601771152035
1.0
1.0163371257299114
1.052243156385463
1.040384658299172
0.9575954695621558
1.0
1.0
0.9668275394852004
0.9895436011554022
0.969997366686357
1.0
1.0000000000000004
0.9839300468274699
1.0094161675440247
1.0102144851134724
1.0448569798199334
1.0414422923489104
0.8277242739097335
1.0366636051535911
0.9856352720348007
1.0502358216966767
1.0054458329162683
1.0
1.007330277690751
1.0000000000000004
1.0
0.9683213903980938
0.9999999999999996
0.9769782775757787
0.992095327000988
1.042044378566819
1.018826757157285
1.0373740183959486
0.9944031561734166
0.8776132112924917
1.0000000000000004
1.0000000000000004
1.1113939377363495
1.0143557393733018
1.0211535131691782
0.9893015822911586
1.0766247391036914
0.9999999999999996
1.0065972499216755
1.0
1.0000000000000004
0.9062382049117961
0.9714892513582849
1.0
0.9159820170217339
1.0212881134541658
1.04412567065922
0.9836750348248313
0.972997630017721
0.9999999999999996
0.9423757941532358
0.7760789635059333
1.0
1.039346031668563
0.9652517349419543
1.268112423364435
1.038267763410702
0.9685637752893808
1.280822785490113
1.1010112066891278
0.9485063356087027
1.0284418220268878
1.0
0.952606996693528
0.934861114191694
0.9690901157671239
0.924599655900129
0.9758518106493401
1.0
0.9999999999999996
0.9985663962803524
1.080643257669931
1.0
1.0147675757233152
0.9632981437136641
0.9848294217682572
1.0
0.9119941294630562
1.0
1.0743115819030447
0.8657447114720016
0.9999999999999996
0.7879624133362886
0.8987161924029716
1.0
0.9741289314197501
0.889851890163242
1.0
1.0
1.0002545439627144
1.005652984022261
1.0941179264112963
0.9950738891646997
0.9253819383289685
1.0000000000000004
1.0218822629650433
0.998033897972411
0.9689622651933223
1.0517505439849208
0.9299769280800536
1.045949983577942
1.0136787345841176
0.9999999999999996
0.9435367207244458
0.9764787437335016
0.9928860656072973
1.0030185739089132
1.0
1.0059375249295077
0.9999999999999996
0.9743403262224568
1.0000000000000004
1.0992882217661548
0.9999999999999996
1.0000000000000004
0.9939995557277999
0.9913897792424118
1.0585257249179398
0.9881651029154286
1.0194042063961346
0.9597604746887449
0.9999999999999996
1.0007943879686683
1.0144994782611652
1.0
0.9733953584857749
1.091800019994793
1.0
1.08574579172994
1.0760746259941762
0.9313027780421583
0.9999999999999996
1.0
1.0194974264657803
0.9951267346945021
0.977241093072482
1.039573182394434
0.9415742336298427
1.0427228586785597
1.0615494271892971
1.0
0.9491830486520016
1.0
1.0
1.075802354254154
0.9981033738099656
0.9905262662265071
0.9938993164374583
1.0027167165180226
1.006211068237051
0.9015142251115487
0.9177488587660543
1.0
1.0942018406810092
0.9769062936002109
0.9030061705689105
0.9024450448662202
1.0000000000000004
1.1053437724365578
0.9622469557654512
0.9625315113357464
1.0
1.0698260798418104
1.0
0.994809395192902
1.0000000000000004
0.8792156642401898
1.0
0.9893593995895396
1.039082872412064
0.9912890132634993
1.0169764592259711
1.0143024463191739
1.0000000000000004
0.9838954360367653
0.9381725002379429
1.0
0.9999999999999996
0.9716961481413895
0.9899307737666674
0.9375330938174034
0.9553944844703675
1.0514276719263784
1.0000000000000004
0.9722301919719687
1.077167867195623
0.9665178650164705
1.0000000000000004
0.9161021529788433
0.9257461110885048
0.7623103455288507
0.7203619743372323
1.0000000000000004
0.8135495248849081
1.0
0.9931758919832347
0.9641857526224618
0.7615887018124545
0.7845283705976938
0.7723119529582942
0.4406447896956118
0.5822321358781051
0.5630537425083524
0.4304672099999999
0.8401634582709558
0.9068506062972466
0.9389384138271852
1.0
0.8805655691975769
0.8980537912882607
1.0908375376047648
0.9306382530255046
1.0967517140459666
1.1477256887262746
1.0
1.1373917489358742
1.0428240421335495
1.0
0.8341362280027251
0.975310110256058
1.066997901617631
1.0171574769215708
0.8774851638278056
1.0327779915067428
0.9124658391167912
1.0
1.0
1.0550052334266935
0.9698021711328604
0.8430010950696243
1.178958210165284
1.0
1.0
0.8407133910231819
0.606552134582647
1.0
1.0
0.6458641770535314
1.3527561590496333
1.0
0.9073228141443375
1.3467802647312812
1.131024647949416
1.030585035247392
0.9653845990116814
0.8912898899207153
0.6534955262435771
0.8168663237047618
1.0
0.5812777593481782
0.7413929456785411
1.103671607863423
0.847213848993662
1.2508396047494372
0.9309191544669329
1.0632648717238702
0.9569882649987802
1.0
0.9824167798012216
0.9776731449032221
0.9354144330809344
1.0
0.9266843034546905
1.0
0.9690612817499895
1.0450121973046818
1.0779346916060035
0.965987614580313
0.8899849590485864
1.0
1.0808655658935553
0.9908997670478152
1.0264941102369871
1.0388533409720244
0.9809271666991082
0.9274005300057606
1.025913305341759
1.0
0.9701412224454034
1.0
0.992643526622512
1.191284181593808
1.0227209409025146
1.0
1.0527977617077218
0.7158002316186742
1.0
0.611465710494115
1.0
1.4378430762833956
1.2894718812906856
0.9441537261926269
1.0
0.9194935439974747
0.958752862122183
0.9644265138564441
1.0
1.020448846812263
1.0
0.9340643721941237
1.0127094842065691
0.8941437184281931
0.9480953055923065
1.0964563883332596
1.0225054429195204
1.077936745818409
1.0
1.0
1.0758152356047335
1.0
0.9938910735968411
1.0
1.1102099154691434
0.9914377256829114
1.0150546136014418
1.0394492480369797
0.8846297327941839
1.1111342525506762
1.0
0.9432628605666924
1.1087480766849964
0.8989201415583477
0.8389746395573647
0.5689929109479186
0.6390133930235979
0.7842129188559728
0.7554837615124192
0.9364886051550569
0.7678034470815991
1.2486674769174733
1.2362211776697842
1.0000000000000004
1.2403966141375564
0.9493327149730124
1.0440485772075565
0.9508324084433442
0.8413750027725246
1.0
1.0186691037267739
1.0234756937484168
1.0
1.0000000000000004
0.9297990810249361
1.0000000000000004
1.0
0.9002828940018892
0.8743850605659009
0.9999999999999996
0.9620833865665572
0.9030757325320447
1.0
1.074575670853601
1.0496275499122936
0.9913088436470243
1.0
0.9645280088165724
0.7649822182883876
1.1201695782470211
1.0781781681219815
0.8810335033315644
1.0
1.073726776434023
1.0000000000000004
0.9278453363110897
1.0679388394635634
1.0000000000000004
1.0106394337563662
0.9623729396093941
1.0
1.0000000000000004
0.9275733493267553
1.0707684211212696
0.9614904974986991
0.9331153243932828
0.9656751358882794
1.067345185366892
0.9999999999999996
1.0
0.8670749330140488
0.9999999999999996
0.9545511078139142
1.0
0.9009354772636944
0.8929301529984084
1.3432904445125273
1.008765611684554
1.0000000000000004
1.07208085875947
0.9566309603950454
0.9631371503775834
0.949698130731695
1.0000000000000004
1.0000000000000004
0.9767998590332319
1.0150884014307109
1.1166055786367561
0.9609678643555406
0.8958642442445637
1.0000000000000004
0.9344395889668298
1.097307957828117
0.8511294708670709
0.9072948382306065
1.0611449555172068
1.0
1.0166523324928565
1.0598406287590132
0.9653414477488296
0.9363713055427825
0.9599271227196677
0.9758421408361411
1.0606106668302036
1.0
0.8803674397126446
1.0
0.9403183890721181
0.9010528089344501
0.9547283176585251
1.0
1.0
0.8830214308764126
1.0106838564241234
1.0
1.0
0.9561826211631055
0.9703566463849072
1.0
0.979225914627853
0.9371020175296634
0.8539365824090623
1.0000000000000004
1.0078890505160985
1.0
1.0303507289986324
1.0252401191513156
1.1010418072086336
1.0096154707817107
0.9999999999999996
1.021501519087971
1.0676173112884095
1.0738301453735541
1.0
0.9646410697804235
0.9512824921549417
1.059091012040935
1.0000000000000004
0.957600023685286
0.9733209817464159
0.9999999999999996
0.9500465907152722
1.093155605462809
1.0379661821498196
1.0
0.9615509444175201
1.044443040058797
1.0
1.0441642157492952
0.8199759950227374
1.0110643992615684
0.9999999999999996
1.020971162119472
1.0503907106579948
0.9688073029739463
1.0
1.0331762012530188
0.9999999999999996
0.9855503090257316
1.0071001454644883
0.9999999999999996
1.029839668013901
1.0000548175571309
1.1673696204241484
1.0457148994192051
1.0406117394520447
1.1709716044483383
0.9884701063530219
1.001400571987201
0.9592554858926725
1.0
1.0
0.9967492205093542
1.0086539237035401
1.0
0.9599616703198954
1.072578931902938
1.0
1.00962063252235
0.9398866678762623
0.9572375024952722
1.0
1.0335528691638016
1.0
1.0
0.9586004622610806
0.9377138861624292
1.0
1.0825311686892194
1.112962825218868
1.0137451098362185
1.0
0.9633052120178753
0.9620633441435409
0.981037453305218
0.9712233964781998
1.0653210387126437
1.0
0.9086585692701155
0.8752699670317377
1.0044152265063433
1.0
0.9505248478675368
0.7943823006954398
1.140464440770816
0.969925636482952
0.7261746357693109
1.0319366019959024
1.0712570582036873
1.2497834479165797
1.0174191523356688
1.1526792748759873
0.9955967469167435
0.9933381705323008
0.9113628026003937
0.9999999999999996
0.9943317468717923
1.0000000000000004
0.9999999999999996
0.9530531417970476
1.0543813332562277
1.032354675181904
1.0343034864972065
0.9024747416954209
1.0626409617322108
0.9662783602021725
1.06376664297833
1.012889887243483
0.92915218069427
0.9202265223403545
1.0
0.9168086407895109
1.0
1.0
0.8906633658551373
0.9646339316910808
1.0568318633273521
1.0350021967840322
1.0160546032853626
1.0
1.0325495563134348
1.021120612017028
0.9036102836902042
0.9751821231821038
1.012872201687256
1.0
0.9834980675346485
0.9785428426025171
1.0222259775280982
1.1328064637279982
1.0674836660944207
1.0218980356509846
1.0
0.9876358574956052
0.9984285773352957
1.0
1.0534548948599403
0.8640519082711657
1.1370330122427852
0.7927650494976852
1.0
0.9953501993317468
1.0
0.9766347878188659
0.788784535284349
0.6854980448327579
0.6646038031073869
1.379574446508593
0.9999999999999996
0.6679993063109309
0.6955992506756417
1.3182668396061978
1.0
1.2686915398009657
0.958276810704461
0.7449642285977376
1.0000000000000004
0.9949195136695126
0.6595332319648075
0.9510522890809345
0.8017389708489158
1.0
0.6326645721703281
1.2296569817752827
1.0
1.0
1.1706665038595219
1.2652036936959785
0.9999999999999996
0.7168732087459619
0.8879810007210613
1.0252328385510983
0.9792254977156203
1.0
1.0
0.9318700338733232
1.0363959839490695
0.9896508908964998
1.0838572538121283
1.0126486715033445
1.0
1.0134227465409942
0.9756829230824913
0.9861713233124956
0.9587706022202509
0.9848236255959937
1.0
1.0010280954540316
0.958607224346975
1.070653672631575
1.0
0.9819512192743471
0.9912923928602746
1.0425252231013036
1.0654905094991998
1.0410585414507203
0.9863392401016746
1.0175924324796148
1.0
0.9914851829907572
0.9863412630363944
1.0
0.909449249896312
1.0
0.9316816544724826
1.0
0.9949452078237782
0.9939312991019964
0.8793253970581989
0.995430365957076
1.0
0.9776630785521432
0.9933230896075225
1.0
1.040783151755365
0.9964156758843776
1.044302854436875
1.022576633098919
0.9387378268958284
0.8964811053515032
0.9312410382491807
1.0
1.0
0.9855807718246838
1.038987361486925
0.9458431785969199
0.9813029479440583
1.0
1.0
1.0440818721288592
1.0158331892316532
1.0
0.9644652861228948
1.1258615302640846
0.9718149046202091
1.036106878295123
1.1430580694848391
0.9350886253382322
1.0
0.9493891555316338
0.9831726531496523
1.0
1.0000000000000004
1.0
0.9629590059193469
1.0
1.0198580105535573
0.9604669942657571
0.9752737688965261
1.0601465661990854
1.0
0.979229079657681
1.1058033344582023
1.0054230920407115
1.003567786470783
1.0468019974140947
1.0
1.0
0.9692317751464921
0.9271191624881796
1.1144099005404655
0.7833067288337539
0.8348851634333094
1.4132983272773192
1.0
0.5966238863295401
0.4113266323779321
1.0
1.0897013587913826
0.9046129820207913
1.5693633005420156
1.0
1.4039041650597341
0.5780941609343793
0.413670861076068
0.24431108494312115
1.0000000000000002
0.47022135910987384
0.4304672099999999
0.7755554429333227
1.0
0.9309381145401492
1.1329531198536467
1.0
0.9219521935412054
1.0
0.9407638233386368
0.9577474080930353
1.0183107251554642
1.2076458514756512
1.0
0.906637508473529
1.0
0.8615567928227579
1.1440321604691688
0.7979998986399899
1.0
0.8958035209306399
0.8181244623671073
1.1236138490962029
1.0
1.0
0.862949489620588
1.1847952828719812
0.9450445724444663
1.167768086748774
1.0790717908283485
0.8951338200873797
0.9015572921717974
1.0
1.0
0.8826468180034857
0.6490430982564721
0.7140237270988825
1.3250791482638649
1.0
0.6664124054387575
0.9497383535733634
1.0
0.9693400840991542
1.061873066292633
0.9741025358469528
0.9752365046197937
0.9379426586602788
1.0
0.9902492079347756
1.0233219748075832
1.0
1.0731271002008622
1.0
0.9945019662371566
1.035512278555962
0.9956845803765821
1.0537392827458172
1.0954894010603464
0.9515315848028916
1.0280485732094098
1.069711529274226
1.0987573819598868
0.9937994144747648
0.9986029974690371
1.0
0.9735549075958199
0.9532055504604422
0.8929255913582494
0.7922166244051958
1.140409524337377
0.6480019693320758
1.0
0.6488881680705507
1.423118842106038
1.0
1.0
0.5886445287997804
0.706646640057353
0.8200284271272276
1.2125990599028054
1.0
0.8592854904047851
0.7413934272054119
1.2617019868470338
1.0599590334537647
1.2265470183584886
1.0309451645897
1.0
0.9953708892782993
1.0002684496522916
1.0277848972693073
1.0
0.9105467990607039
1.0000000000000004
1.0635013977426286
1.0627189468857203
0.9508916992196506
1.0
0.9411956491129514
1.010623915541804
1.0
0.985022203127599
1.0
0.9251277767105597
1.0
1.0
0.8980604224387312
0.9738537248547079
1.0546488966730196
0.9414952663233889
1.0985124379291458
0.9694510804760608
1.0409246932112364
1.0144491429568259
1.0
1.0314066618837936
1.0093695791843462
1.0411359150452792
0.9947178890978332
0.955802529297685
1.0
0.9424026192668329
0.8470760842016558
0.9760271884797884
1.0
1.0045161165885617
1.0118906015847262
0.9789511310326198
1.0382771381857951
1.0
1.0
0.8745959151922733
1.0115849815185296
1.0
0.983002545041435
0.9636220095524557
1.0
1.015448857938262
1.0142434841697834
1.0871808642471943
0.7502085512913133
0.7150654659616764
0.9999999999999996
0.6919126863722167
1.3092909053665083
1.0033173002369722
1.0
1.062916207261464
1.2147478478776375
1.1418625980223784
1.1531631617925804
1.0542238159185144
1.0199115692120948
1.0167291188472678
0.9416217513381628
0.9615137522457449
1.0455226850092112
0.9146266487441252
0.9562473183096198
0.9727850218244773
0.93201305284932
1.1393774135213421
0.960208615933678
1.0
1.0
1.0058459109667979
0.8829337079746962
0.9806331607016441
1.0587889348413793
1.0
0.8587739203396261
1.0161200608271228
0.919519870218716
1.0
1.0842265809112073
1.0834948224179684
0.9145080547444104
1.0060889360878615
0.926506926800954
1.0
1.0254396721692078
1.0483177657152236
1.0
0.9779969973496332
1.0
0.9758039228200861
0.8914366272971259
0.998585719601766
1.0161670314978233
0.827731904959597
1.2577177666923625
1.1137911011508317
0.840837613037654
1.3132813811423114
0.9902712175584343
0.9219750311056485
1.0
0.8928612595656356
1.0
0.8455575393375154
1.1104928877185571
1.079178762732175
1.0244989243108256
1.0
0.9801270999834175
1.2808069578954342
1.405172193910123
1.154158495530801
1.0931829672456876
1.0239672965127005
0.7403172744018196
0.7237189917898803
1.0950993403731761
0.6845285012293036
0.6845257017778845
1.0
0.669164248968424
1.0
0.8367183062688297
0.6315871136972153
0.9999999999999996
1.0073041173904742
1.0
0.7339839879434722
1.0022743178156732
1.0
1.0
0.9650205138806611
0.9458482362934082
1.0637809873180717
1.3203909741463113
0.6971276219054108
0.7465525029814422
1.0
1.0
0.9216630818113507
0.7381564696340952
0.3967348834627731
0.26880992646992263
0.4603903906188862
1.0
0.3874204889999999
0.795873244672392
0.8728219540195745
1.1485263629024214
1.1835451745319618
0.7843650685693095
0.9485782607461077
1.1196578078682817
1.0
0.9016920191162052
1.036171545836563
1.0
0.8739508676709127
1.0
1.0057626083646305
1.0980480716868053
0.8801967867673488
0.848673401040017
1.111252464186582
1.034652073793782
1.0
1.0751642573484181
1.0
0.8113678227304684
1.1890162587534903
0.7925634779960928
0.9078265213435728
1.1031781162674452
0.8369568426898679
1.0
1.0
0.8688776333956802
1.1001272177679233
1.0
0.7819898700561119
0.6576438992918421
1.3686125362582047
1.16082021182923
1.0788898294964646
0.9093262460158638
1.1198397324331246
1.0288801736339943
0.9849440291314657
1.053093744817307
1.0
0.9250508359579692
0.7287407629884779
0.6933203886089174
0.6957664601709439
1.0
1.279289579568717
0.9547645182160265
1.0
0.9785933823185022
1.0
0.9268873395511017
1.006436471075867
0.9433909566774439
0.9738587325829053
1.0
1.069916310130024
1.0330867752354331
0.9715071200238423
0.9441483927942507
1.0
1.06541750731001
1.0209897773268244
1.0
0.9267179736576825
1.0658143901807753
1.0
0.9497335535148252
1.0
0.8897460776759178
1.0521902122699016
0.9872511036850371
1.0208005943168263
1.0
0.8007714699083257
1.0
0.8699269003680952
0.5828784117399017
1.0
0.6212788235235225
0.9134885445479162
1.0791488875490947
1.145753502450229
0.6883012815561003
1.2809803647839235
0.9834415989131555
0.9259511800470612
1.0
0.943610951428921
0.86536237702117
1.0
1.031572093231043
1.0123705988525966
0.9500914216039336
0.9607914609827652
0.7946403371772268
1.0
0.9591721194913987
0.9736208418167855
1.1851253603495326
1.0
0.9639786180241066
1.0
1.0
0.9506136156573284
1.0379359362729232
0.9962213009950593
1.0701978399708505
1.0671851937986654
0.9817297162657859
0.9632252234423238
1.007788531333186
1.0
0.9606169917239376
0.9786267993900957
1.0
0.9504164460969937
0.9792685549746079
1.0
1.1344412292882566
1.0
1.009992269115629
1.0
0.9593458477188879
0.9610774842926935
1.0
1.0905236295416767
1.0933541134318263
0.8835567446392076
0.9676815542314099
0.9440379500770941
1.0
1.0
1.0564616514751695
1.0602372451894615
1.0
0.9533016569847552
1.0089930422040654
1.0
0.959519011376269
0.9376567243158664
1.072374376552565
0.7952010701752865
0.9719265726765514
1.0
1.0107015131553148
1.0
1.0
1.0056629671637927
0.9784419408323348
1.0323631356616083
1.0840982530586434
1.020997106359431
0.9606885537023713
0.9398586788541969
1.0969632651720378
0.949745960458209
1.0103330962391048
1.0964354522538429
0.9747339154088959
1.0
0.8847679256335912
1.0
1.1726455247282965
0.9424392972635438
1.0096313618397827
0.9200706994674945
0.9656822250897257
1.0
0.8774143177504108
1.0
0.9388679026191635
1.0
1.0
0.9229591811469753
0.9565347998141904
1.048569648559579
1.0
1.0813784994903024
1.020408602378252
0.8762612814932416
0.903200195492329
1.0360169257558471
1.003618954892639
1.1114663111201581
0.9772605238680061
1.0
0.87895517289315
0.8652491179367487
1.0
0.906395269837148
1.1059476009717093
0.9597282447278195
1.0
1.0
1.0144036905153913
1.048803491199763
1.0342617153112705
0.9734827117713527
0.9402865121724941
1.0
0.9115255154746862
1.0
0.9378545326575276
0.9496341550693845
1.0
1.0
1.0
0.9422484196732954
0.9641877543403101
1.0
1.0
0.9126299067549928
1.0399700462420292
1.052910041357241
1.0
1.0254453673854442
0.9022248115984821
1.1166048099445431
1.0374149001454986
0.918787953193986
0.98440899624023
0.9297775279950837
1.0
0.9531193905426019
1.0592776088993583
0.8716839470266553
0.9222431553956456
1.0278506481307295
1.0
0.9958606453156982
1.0030200944139933
1.0250064075423762
1.0
0.9784244696318094
1.0
0.9376501357358888
1.0052535650881778
0.9461959784664078
1.018066757963461
1.044333918099647
0.9822145160812106
1.0104264833666763
1.0
0.9810644914925373
0.96725980859721
1.0
0.9198828423984402
1.0215372221775247
0.9804031095992762
0.6861056348363315
1.0
1.0947567258412128
0.9999999999999996
0.9916495190167294
0.7343973459849362
0.7219128736015672
0.9361209572577329
0.6896294032538774
1.0806391931052817
0.574892008404432
1.262499961721422
1.2613242179201714
1.0406483188189215
1.0000000000000004
0.970124486376247
0.8547191626667439
1.0
1.0088455530153113
1.0
1.0446230243925783
1.0
1.0
0.9341235435362556
0.9916944869079765
1.0
1.0164399282151981
0.9987956062603724
1.023277954549664
1.0
1.0401607219533204
1.0
1.0868606001376655
0.9398806378734283
0.9740207133104977
1.0
1.0541319095791768
1.0087181016940225
1.0292618798477648
1.00149330816559
0.9999999999999996
0.9449611032472034
0.9991803882683348
1.0
1.084930517959847
0.9920516392726846
0.9996290097394147
1.0
1.0146754960197155
0.9766186419794485
1.0000000000000004
0.9478496736115725
0.991886505137733
0.9834104472009506
1.0000000000000004
0.9118125538114317
0.9776952291556174
1.2016734724140936
1.0052375614837192
0.9787652677741545
0.9869825933746621
0.9998406299347931
0.9535866880130368
1.0
0.9307394335513743
1.0
0.9713967364805334
0.9987561589106981
1.1011194569803715
0.9777163140599407
0.9958518725096113
0.920560579572812
1.0
1.1553903836106159
1.0064299271747807
0.9447541001298108
0.9999999999999996
0.9236733795083456
0.9631032861219362
0.9089379888007394
1.323347199050839
1.0
1.0065737056514275
0.9114718018573478
0.6986855524914577
0.5262345727911999
1.0
0.38394238776348777
0.24502720598617755
0.4505681610356389
1.0
0.7921558999999998
0.9999999999999999
1.0
1.1822902515186042
0.3874204889999999
1.0
1.0
0.7593562365091415
1.0
0.8827423916309067
1.113001200781314
0.8261398196034282
1.0
1.0
0.8865557809038211
1.0
1.0080616550580404
1.0
1.076262943194859
0.9222858259866449
1.0765559889096874
0.874752576012285
1.0
1.1673133395829787
1.0361264731685758
1.117247520473902
0.8491326663327703
1.1852938871807277
1.0
1.0
0.8164283978430165
0.8545466712476992
0.9721858651517454
1.0897207260591886
1.0
1.0
1.0419183683986208
1.0622734684412416
1.0439538784028821
1.0
0.8833102685090983
0.8058790403528207
0.5846031975655395
1.0
1.0
0.7208894132129293
1.4573915421031929
0.9064431804583757
1.3453309105804614
1.0069487456207176
1.0
1.0
1.0696224053424102
0.9660671420863443
0.9091198191659569
1.203848774894202
1.1710261140004432
1.1172512115824347
0.8982837833320634
1.0
1.060441509437406
0.9406090336447974
0.849381815428039
1.056375647619947
0.8526714696844895
1.1510728805099308
1.0
0.8663105906381041
0.9160886498473726
0.9608101127973265
1.254677226151915
0.8517794982507363
1.1050744632190233
1.0360052298264018
0.7674043227160405
0.9008896690350872
1.150623995688104
0.7837514560740928
0.6261428778089853
1.0
0.567583713537994
0.9591832836435437
1.0638307078045584
0.9471775545502235
0.9322604544164124
1.1631143540092612
1.0651789403187069
0.7004987168066146
1.178931263799198
1.0
1.0063435757329202
1.0
0.8885259933165335
0.9477432553814262
0.8274109321039251
0.8400432243616036
1.0
0.5930592514369026
1.4600594512799372
1.246837073433448
0.8808482921419687
1.1802812409541241
0.9139259350775957
0.9572706474696835
1.08237545436734
0.9031417527643244
0.9730711902857259
1.0912863200255618
0.9477459187348138
1.0
0.9987426977221334
1.0
1.0372900061519053
0.9764728593246144
1.0
0.9998651515403854
0.9821576880230056
0.9553458443756977
1.0468029186083347
1.1208649572261873
0.9774995477158734
1.028710917967497
0.7166246947605508
0.5481639199573536
1.0
1.1144746259989846
0.6649467459083827
1.4015479286824553
0.6247357924965815
0.647243003444486
1.0
0.7064405164674641
1.361607614828456
0.9509733621229817
0.7174950713526993
1.0000000000000004
0.9852810532570917
0.7097524525426913
1.3383198619023995
1.0
0.9659243017135499
0.6701191847670156
1.0
1.0021736482214694
0.7623476250871652
0.6314371007846256
1.142671715545161
0.7718972526832979
1.0
0.7424085497933115
0.3507591559099059
1.0
0.2634652522862011
0.44727839413699777
0.7603489999999998
0.9999999999999999
1.0
1.2820625042579998
0.34867844009999993
1.0
1.0
0.8383951211277507
1.1802644133929956
0.8984254302165722
0.840571477267388
1.165648623758642
1.1851970117790547
1.0
0.8160723133697791
0.7037783215795983
1.0
1.0
0.8329109682405225
1.1060073480376351
0.8706004894253381
1.0
0.9022024056665838
1.0
0.9415162866054061
1.0
1.1365196761265057
1.0
0.8286383135136486
0.8988975261872465
0.8220868914234947
0.883026599429539
1.0
1.0
1.3575546361613569
1.0729421625045301
1.0146237340235942
1.0
0.9014808638565128
0.8792177902480987
0.727486576575628
1.1901144959911303
1.0
1.0
0.7709417573831354
1.0835996814234123
0.9355824542818771
0.7189932167396398
0.6560478313458393
1.3468320792271582
1.0
1.4025741514637406
0.6470938950656757
1.0
0.6145221466174497
0.8712032371802261
0.8876910888662577
1.0940517278509594
0.8885055334737659
1.0
1.0
1.0644520842070389
0.9727196722367495
0.8650910772567029
0.848240930958128
1.1610381374192782
1.0
0.9790215476846384
0.9134982544255061
0.7712148088296296
1.0
0.593347527961618
1.0
1.0
1.434391873370692
0.5903802079365246
1.2952980261582194
0.5313421871428723
0.5958424555361157
1.3674992822927985
1.0
0.5362582099825044
0.9227374746613526
0.9047284008392946
0.9707304911328727
1.0
1.0829165301948631
1.2593175421282838
1.0
0.49548986993626976
0.9594817572879126
1.0413242048087126
1.0321354784165893
1.076243412906698
1.029138229884678
0.858257825926299
1.0
1.0
1.0296519437931986
1.0111335389673366
1.0
1.0
0.9273414823036372
1.0
0.9690217197611073
1.0147266620624666
1.0457789018345904
1.068998131295321
1.0775701887601539
0.8761344405942175
0.9847954438286788
0.9712040634318369
1.0
1.0
0.9142394631716106
1.0
0.7228155168544497
1.0954293486352231
1.0080730643531028
0.9372495000079253
0.8300188106473527
0.9009108089534381
0.87758456739751
0.8787242061430733
1.0
0.8641318374286726
1.0
1.0
1.0913256653473207
1.0382446732482826
1.0145497516970021
1.0
1.050147113545278
0.9618010649400484
1.0122218618113736
0.9444423531399968
1.0677689789062788
1.0429416944602972
1.0100201850706023
1.0
0.9092446620236876
0.9511614255418168
0.9748156548232929
1.0
0.883215801106144
1.0
1.0049443289500886
0.9835813254053454
1.0312828361884714
1.0255522054503468
0.9269091578745874
1.0
0.9246906147707401
0.8322215532936665
1.0327736564522647
1.0
0.7715625346772725
1.0752992472823353
1.0
0.9965765902255272
1.0052187257268317
1.0225057667881385
1.0
1.0095615239876237
1.0
1.0486142547361226
1.0
0.9326149990395036
1.0
1.0
0.9309065283549245
1.0404028250975097
1.013004228661143
1.0506332287510984
1.029202953613848
1.0125462127704399
0.9439549889713659
1.0206934739770794
1.038121977897804
1.0218285803063214
0.9705338277374889
1.0
0.930048280376349
1.0175356585894226
1.043238492002314
1.0
0.9606479362790932
1.0034179724732466
0.981242485086665
1.0247233774700968
1.0921583859519046
0.9862401245714647
0.939904776889902
0.9623370345461266
0.9418178951104448
1.0
1.0
1.026130337658131
1.0069474298329624
0.9590254815697197
1.0459221798952818
0.9908263531178187
0.9516288374719375
1.037679582464798
1.0
0.9417133590875029
1.0
1.0
1.0207946894445818
1.0364926381386557
0.9769792300717768
0.97348044496374
1.0
0.8370434523387145
1.1125211471319973
0.7545067032340143
0.6416813871362699
1.2448413295908867
1.2551783924296784
1.0
1.0
1.2823705462521033
0.8825187031000361
1.0
0.8220243952231296
0.5775132484226431
0.9999999999999996
0.9964718207702745
0.6521973527709495
1.0000000000000004
1.3837605143656067
1.0282494492566792
1.2932730630898739
1.0
0.9010402609972141
0.7265071108570877
0.9781910459080385
0.8488001202470872
1.0000000000000004
0.9573367470967553
0.7419353610777786
1.3066442269117502
1.0
0.7050662991735659
0.776648627330653
1.2298371999490856
0.8941724387210472
1.0000000000000004
0.5646828155426018
0.36132147922338653
0.23923477626250378
0.45683290483207495
0.34867844009999993
0.7909748190172978
1.2881226628844322
1.0661997822837233
0.8097762035702889
0.857695619688899
0.7737493685171781
1.1698424279986783
1.167860128971701
0.8334004894216376
1.0
1.0
0.8022075497871635
0.9978939029163039
1.0
1.0
0.9786329200342214
0.6269198788475538
1.0
0.5793730264504147
0.7634587102009895
1.297358519022323
0.884082913462203
1.0
1.0
1.0437249252281964
0.8956746221159824
1.0920932956292067
1.0
0.8639233178060657
1.0917482757555952
0.9393524327053768
0.7081316019770334
1.1911064529185884
1.3582028666329542
1.3793846373720848
0.9915664977944667
1.0118140753436222
0.9947239394865841
1.0
1.0
1.032284789358397
1.1541188035921488
1.0214914175914043
1.0755775217061219
0.8704266664767548
0.883540440482804
1.0
1.053780176139255
1.152808839294206
1.0388414661400311
1.0
0.809085481231195
0.958091199806244
0.8676410037889033
0.8321096614366823
1.0601983408243383
1.0
0.7488986952930139
0.7482203500285189
1.2811523457356717
1.1534596014322203
1.089606670150232
0.8543769390848945
0.8919897378064414
0.5448704826714996
1.212487588840756
0.993591255549382
0.9695422202497177
0.8682752602161585
1.0
0.6093355126072852
0.8941483792821563
1.0087784615035682
0.9949499553804282
1.0
1.0602586814937007
0.9756600903560209
0.9529713268613325
1.115545949858805
1.021063184276529
1.0
0.9980944051886471
1.0186267141964853
1.1446613268646049
0.8651461761772792
1.2278277343979491
1.1350557298422022
1.1220175559267096
0.9909842054250051
0.8811193929161742
1.0
1.0
1.0738421417639383
0.9967621095222663
1.0
0.9695862582784676
1.0
0.9996894821137499
1.0
1.0
0.8770259815635022
1.0466093033724668
0.9463859451448675
0.9056113875042975
1.0073956108912547
0.9793305778541095
1.0
0.974477006328466
1.0
0.9579058131935163
1.0
1.0
1.0014962520329913
1.005100581077956
1.0595373054288242
0.997085898570039
1.0
0.9548401965520856
0.8950596035651284
1.0
1.0
0.8164447869292362
1.079344944549435
1.1509119284409
1.2763285846411465
1.0
0.6941758213801741
0.7786315585595514
0.6218405356575154
1.0
0.5253571494567622
1.04547767530698
0.9934402247205929
1.0306426862791982
1.0
0.9059035855864019
1.0410183442342262
0.9736574420195847
1.0
1.0705730529041686
0.822304427691634
1.0680192580331926
1.0782898718877743
0.9741060192982047
0.6596326299182635
0.927625533045954
0.7589201541709194
1.254041943171254
1.2361274764257333
1.0
0.8110059235814298
1.021003477211293
1.05605756244021
0.9459142992009113
0.9602851206025589
0.9476361055993996
0.9245049131552694
1.0
0.9333659436207578
0.9386120570617491
0.9873325040549146
0.9799633526232032
1.0393534991355526
1.0
1.0
1.0223644843139894
0.9553390745904133
0.9243526419523524
1.0433625094499233
0.9445838028886886
0.8836622220789057
1.1243321889972613
0.8885992536494234
1.0602859793396595
0.9718746984952071
1.0
1.0058157759068616
1.0404125972175358
1.0318895910802848
1.015103275370178
0.9950897983340159
1.0
0.9602339119712235
1.1178515373955786
1.1334302722132845
1.2805577771738248
1.0
0.9870662336430778
1.0156711845257211
1.0858959339268512
1.0773574577481924
0.9766293515609732
0.9656638903151631
0.8645912218180429
1.0664207264030399
0.6729158742574572
1.2877889036195365
0.9107549951584506
0.7007595457238445
1.0337904740548094
1.0089945011046053
0.6587060044612842
0.7546155370709542
1.3199599585980346
1.298230801109875
0.9314462149709923
1.0
0.6197619235803797
1.279868404541868
0.972982863181838
1.2522504964967016
1.1291103019257038
1.3706332736021976
0.6916513750712774
1.3140255330216064
0.8468759107257897
1.0049309372571296
1.0050112472085502
0.8047678666775147
0.7393391667570031
0.6674108996841444
1.0
0.6937995731687283
0.9533368869992209
0.6519245880161115
1.3910124791457554
1.0
1.0063032384122153
1.2063579669701419
1.1883478805559915
1.0
1.1068858849943108
0.6382566845054916
0.6504649245969092
0.9979820541522142
1.0
1.0073526626249039
0.9847060570181281
1.0
1.0
0.9503830317493169
1.0228248832776394
1.0000000000000004
0.9946514792078487
1.0000930534814652
1.0455946660435864
1.0025903321127623
0.979587000334206
0.9882683970306756
0.9619265097092957
0.9996661087654739
1.0000000000000004
1.0233198921157811
0.9910075112823344
1.0210745432036274
0.9999999999999996
0.9789567777815034
1.0
0.9539337512601014
0.9582280192117327
0.9999999999999996
0.9376654901962365
0.9999999999999996
1.0762401330439126
0.9767018923513202
0.9702623982373693
1.0288657918431432
0.7070112359369105
1.193707601162048
1.275979804220575
0.9999999999999996
0.6654162479483618
0.8838021039347623
0.5171428339578199
1.0
1.2704098586806198
0.7393757583273097
1.1534003015575505
1.0
1.0
0.6654381824945785
0.34911280892729835
0.21822626034832826
0.9999999999999998
1.6133322749365249
1.6745420993334044
0.4929121105999359
0.23610046281019814
0.4157346384512077
1.885599597892916
1.4711809582801239
1.509141020156692
1.426484442703412
1.1282027494058653
0.9981838487369923
0.9999999999999996
1.0
0.9574338749937676
0.9565226592867737
1.0000000000000004
0.9601486547504452
0.9424310712730288
1.0000000000000004
1.0507444490943296
0.9862354513163147
0.9999999999999996
0.9166379203309036
1.0000000000000004
0.8321397410333011
0.7489257669299709
0.9576272169021491
1.0205423949498753
1.0
0.9767855099412128
0.9999999999999996
1.0046432147376776
1.0412942326505044
0.9118524731517104
0.9657004696149141
0.9996994978889262
1.0
1.0200886540324365
0.9940142144744639
1.0189670888832651
1.0
1.0506473001926606
0.9585403761340916
1.0
1.070512828627848
0.9529554523527826
1.1423400928824958
0.9371648093854539
1.0002899989349068
1.0035576305909952
0.9761227375979469
0.9966803362525196
0.7463415410882126
1.0000000000000004
0.9999999999999996
0.6716905162922604
1.0
0.29534860044385347
1.0
1.0
0.6609427487013142
0.4160082616707459
1.6224937018999448
0.40751549478817695
0.31381059608999995
0.7546866144239797
1.0527201378999607
1.0
1.0
0.927653256172758
0.9898949382420819
1.0129653694311758
1.0
1.0277546279418983
0.9913155825854743
0.896262051713717
1.0
1.0
1.097424223810381
1.0
0.9999765835661263
1.0
1.0
1.0175826766465086
0.9609075796605602
1.0376127512096112
1.0
0.9384999683523709
0.8726873849303578
1.1546063043400112
0.981810229498298
0.9066358465423452
1.0
1.0
0.9314612139525229
1.0995887372902873
1.0
1.0019264101070195
1.0764189759765577
0.999978925209513
1.0
1.0
0.9113555506634672
1.0473646579448648
1.0
0.9804680422028005
1.0119151669479143
0.9685780968154649
1.166097417736955
0.9204280555163864
0.9840441019709223
1.1997305925406385
0.8793027488264071
1.0
0.9260401876924194
1.0
1.1426281921503776
1.0256035401282242
1.1507780442797033
1.0
0.8149410334869662
0.865445481859723
1.0
1.0
0.90159172908304
1.1405001300916746
0.8524331908970106
0.8901454350553308
0.503555908382733
1.2200383426172268
1.244337679650207
0.8904985512594328
1.0
1.0264501170825069
0.9454069574500847
0.9008792768713239
1.1373266968558395
0.9742927912027026
0.9568078866029683
1.0093756666939733
1.0
1.0575535996734535
1.0068982185061524
0.8611270979426715
1.0
0.9166249936893829
0.4532003175444599
1.1785529949789249
1.072301809146401
0.9917534897753955
1.0
1.230535577566278
0.8370620112439884
0.9299638321456625
0.8487532355695855
1.0896298635612585
1.0
1.0
0.9129230448065231
0.8702825260748908
0.40788028579001345
1.0
1.104612976822632
1.0729492636734124
0.9375945427215191
0.41162763049945816
1.0
0.6298775731877582
1.0867742933186149
0.9423084893808111
0.9641792644031897
0.7887626173659372
1.0
0.9159047437055001
1.1314287506931295
1.0
1.1436247741169314
1.0794817748077383
0.5957234417454416
1.0
0.5882246701565297
1.0
0.5773692020417842
0.8805976992965752
0.9971604708764534
0.9685198608732319
1.0218692781939307
0.9766753653760292
0.9567750157166248
0.9816676827961412
1.0
1.0427200063179738
0.9492609046809823
1.1081320760708877
0.9930003567264221
0.8296438471903853
1.2533205375286531
1.0360679735873086
1.0133789711414112
0.9591735666064825
0.928277364195587
1.0307097731146584
1.0156879006927708
1.0263016046646163
1.015779145066941
1.0
0.9418431602389221
1.0179980892649505
0.8987832489306502
1.0190323748066454
1.0
0.9352947061605716
1.0
1.0
0.9669877498970489
0.879007828838426
1.184701131011817
1.0
0.9628362525000771
0.9740836570886531
1.0
0.9858864137717012
0.9678405818026077
1.0
1.0
0.926798967247823
0.834119070523041
1.0129839417705613
0.9973568388131362
0.8108197280580942
0.8776985312720669
0.9067943760284232
0.9490698857424684
1.0
1.0
0.9364321943610721
0.8304016025997347
0.9668431446271804
1.0348903946052639
1.0
0.9185581587760447
1.0
0.8271142169348717
0.9639609929589348
0.9526195195427336
0.9641248189068454
1.0599309529302081
1.0
1.0776868877496923
1.1895598402933656
1.0
0.9729075061520343
0.836843262408216
1.0
1.1942803393149886
1.0
1.1964647677043034
1.0114212314748183
1.0573762252635133
0.7297377552522848
1.0676423651268951
1.1349875237578733
1.0
1.091519021832723
1.0176328803505488
0.8828116651115572
1.0
0.9176517705868754
1.0
1.3476785603960817
1.0427321972079229
1.221761449512436
1.018367742140426
1.0
1.074376880989993
1.07851190905465
1.0841304076845057
0.9272088762479544
0.8531589361673939
1.0763315363847905
1.0
0.9576204801172539
0.880802189183381
1.0431377443930918
0.991163758808999
1.1616535651981739
1.0043950059350122
1.0
1.016530967926383
1.0
0.9997409790454173
1.0
1.0
0.9706607181491851
1.0262945676908188
1.015813040221678
0.9902182466448144
1.2129107043564735
0.9601956218448731
1.0
1.0
1.014877871133744
1.0
0.9641760596603852
1.0
1.0
0.9489424440088339
0.9997668811408751
1.0
0.9165715086617023
1.0
0.9513084008681059
1.0
1.0350373937421509
0.9976323730553727
0.9592642824245763
0.9456259085246632
0.9684711219005759
1.0
1.0380225920368762
0.9521340872619124
1.065623849364214
1.0079584306879186
0.9322977142140454
1.0431452214531491
1.0306894845373273
0.9662088107726916
1.0652198983572179
1.0
0.948698905934533
1.0
0.900759747206993
1.10729335630087
0.8486422801944293
1.0035036366729733
1.0586622446508471
1.0171291373259805
1.0
0.9417652355445139
1.0
1.0
0.923236868301311
0.9581897577911862
1.024943291164135
0.9628268456173146
1.0553513535013126
1.0132535608639914
0.9872738509946073
1.0896592209603178
0.9653537109774755
1.0
0.967758453694346
1.0
0.9686983827463118
1.0678430425506535
1.0603284129776656
0.9540248877220376
0.9997901930267874
1.095862418990933
0.9249143577955321
1.0
0.9204318801957507
1.0887773378455412
0.9521005395930091
1.0
0.8650674618769365
1.0160167308536883
0.9568904856337079
1.0
0.9803113420448399
1.0
1.0358055968027902
0.9144150577683199
1.006924089457466
1.0531924944193243
0.9132009601279263
1.1169090344202566
1.0066244387133052
0.9645333731459722
0.9501962766152445
1.0
0.8875902085820018
0.9699002391185401
1.0598573074965847
0.9807732773020152
0.9475887119900621
1.0
0.946722569850535
0.9609151879640025
1.1630955419163467
1.0294337415593793
0.9600571867574885
0.9123995929436388
1.0
1.1451217632640658
0.6569475108292977
0.7066590751533752
1.0971629481069813
0.6180885837639609
0.8192038277156231
0.6305256581097987
1.0
0.6063697505120071
1.235679288368218
0.6454626646130035
0.3469024041161739
0.19106846810055078
0.404416632191793
0.31381059608999995
1.0
1.0
0.8548672427499788
0.9480590856313702
1.1130797752496466
0.9334361689231772
1.0
1.0
1.0283653729353395
1.0
1.1305123659175669
0.7989140256587612
1.0
0.8936576145840496
1.0
1.1580791172416323
1.166057754927749
1.0
1.0
0.8463521933341562
0.8825147740913977
0.9732275421712471
1.06610045622541
0.8594997627991043
0.42592949416106585
1.0
0.6755672452008437
1.0066390601354422
0.9279560351113938
1.3486957261770307
1.0
0.6248338004886422
0.819371883402674
0.9515648892227482
1.0
0.9813975200686977
1.0
0.976811241887896
0.9312692671768756
0.990860384236468
0.9103175107447212
0.6008340150761109
1.0293991214664118
1.4095697597783348
1.0
1.4703185253718427
0.6483226149592491
1.2766043504296896
0.5834903534633238
1.1095209824320014
0.9930074536245561
1.038053218011541
1.0
1.042384694578887
0.963275058618196
1.0
1.0415875641355958
0.9451750866757358
1.113991124479747
0.5693188016332655
1.0
0.5985344573633231
0.8526072907866418
0.7560706171958396
1.078465012598933
0.9636893668906907
0.715947703651973
1.0
0.7006698097157305
1.0000000000000004
0.6559276361012283
0.9575467458894753
1.4591758189916693
1.0000000000000004
0.827917307349983
0.6588712598316215
0.580423015872424
0.3311234999878505
1.0
0.18759246635228877
1.4337929377419463
1.189456325821923
1.4940586585388052
1.0
1.392301272103079
1.3519112312311794
1.102524062327476
1.0095523365353878
1.0
1.2045569583287268
1.0695130925003924
1.0848361322568056
1.2615523424959871
1.0069090385733963
0.6959768728459457
1.0
0.693796597721394
0.6012486866055133
1.0839622952546777
0.9163749844554654
0.9999999999999996
0.5554930642839668
0.3169659071510553
0.1688332197170599
1.5315284544430332
0.38729849881935907
0.9999999999999999
0.7218241
0.7624899999999999
1.3
1.1557408173511998
0.282429536481
0.7842950244722422
0.9421494578227874
1.0925781407978548
0.9999999999999991
0.8605981081265899
0.8983389870689615
1.0806668772051324
1.0
1.0084381000245752
1.0
1.0524880615567236
0.9923211064498041
0.9749656855624158
0.9077980145124558
0.4833365447449589
1.0
1.0
0.6442876087800462
0.8325911839846807
0.9465554588568832
0.9055536432086155
1.0
0.8427348026912567
1.0677379559563107
0.9569646588811258
1.0984094688494155
0.9620566904561372
0.8937067082621004
1.0
1.1453577250525235
1.0656931031934764
0.9973773087130349
1.0
0.9771436127954107
1.0
0.9832577680618275
1.0
0.9110626473287775
0.9722570444167937
1.0183110385502827
1.1894867912950913
0.8439876114719009
0.9586737085668258
1.1371936622898566
0.8641599497782284
0.9689883051564765
1.0
0.9412234429802426
1.0
0.9691066867493792
1.0
0.9976395778417313
1.0
0.9794292515158691
1.0
0.9932203430261008
0.9719301704907624
0.9441348701683419
1.0236185670365971
1.0799065229968514
1.1599127134567384
0.8658510214105233
0.8228547634934635
1.0
0.5730713006079178
0.5478386060309308
0.9578192260703862
1.0775185689502678
0.6619186672617055
0.730643351121687
1.2956320213999888
1.3345593921116006
1.40775751199733
1.0
1.0
0.5691578801025612
1.3095631660455336
1.3917363994320535
1.187240300377467
1.0455594804161317
1.0
0.9721960180744409
1.0
0.9520832398551677
0.949340839635771
1.0
0.7999235826046576
0.7112065606821645
0.512242092092305
0.7774206843002593
1.0330265673557113
1.0213167901225955
1.0
1.0405040902764373
1.024241417160864
0.9168100413650402
1.0
0.9211596336492747
1.0
0.7522019234780197
1.2677747754197597
1.1567484656069738
0.9420742671278228
1.0
0.9653180981781597
1.0814282486902256
1.105111016267161
0.9584174151219607
0.9434047073691705
1.0
1.0596920191295913
0.9900848834577092
0.9479249412902018
0.9129087114309229
1.0008492149904518
1.0
0.9210757528564653
1.0
0.9279884837757884
1.0
1.0527313055624035
0.8910763951119378
0.9264903674034413
1.0206003225700897
1.0181923989132384
0.9942707461974383
1.1051563284223054
1.0
1.0388778229648796
0.9985135008783574
1.035958578781412
0.6272518144819781
1.0
0.6600917806328503
1.216891247322498
1.2968574290895543
1.236025444193043
1.0
1.0
0.5387599513131001
0.8029812726058045
1.048858423186319
1.0
1.050378912658
0.9612628482182091
0.9290436702843472
1.0
0.6933854864245701
0.9510930923977394
1.0
1.0
0.951188387903608
0.9626616751445889
1.0
0.9320544218397417
1.0478583331683025
0.9542054288166764
1.079194105981582
1.0
1.0156619433416312
0.952240431326608
0.9362536287021097
1.0
0.914146991299992
1.0
1.188147189913102
0.9449834475627323
0.9531839330288925
0.9761479344684414
1.1495148971935407
1.0514448512552148
0.9342794084687567
1.0
1.0
0.9431163047704718
1.009275458037929
1.0623720380885775
1.0302331082600285
0.8675852455355137
1.0
0.9899267287313425
1.1514102085792777
1.0
1.0206207810889492
1.06728464712947
0.9755328054363925
0.9555566234654513
0.992620673536436
1.2566721444384807
1.1095465396342608
0.6100994196715206
0.933012551971891
1.121414661390368
1.0
0.5940826025695651
1.0009096265133248
1.281947258892659
0.7306185506560929
0.7302872761598085
0.6404263696993464
0.7184933976313026
0.9983654638632937
1.0
0.9573427534230685
0.9608703933580962
1.1152605993276712
1.0934351394515698
1.044293549316528
1.0042498265155873
1.0
0.9639187347069216
0.9949256216187501
1.0
1.0059054446100357
0.981225223193352
0.9999999999999996
0.9999999999999996
0.956948332249139
1.037888564202392
0.9789163031540413
0.9679702459717792
0.996594945235457
0.9859677511266973
0.9999999999999996
0.9110333764097867
0.9791069589470922
1.0
1.000616762100515
1.0911304108301807
0.9763094139550543
1.0000000000000004
1.0189097742302038
0.996509501915344
1.017070379994939
1.0000000000000004
0.9700783048366297
0.9626863385206832
1.0000000000000004
0.9831027008740172
1.0
1.0
0.9650423554444645
0.9693391082050349
0.9297647977116168
0.9896948755705717
0.9783746714644415
0.8983213864480399
1.0000000000000004
1.0
0.960274775399923
1.0537426216706436
1.0
0.8875054278973256
0.948007514484134
1.0942257373338387
0.9695842452101782
1.3217536964693575
1.0077096531996945
1.2890686843903811
1.1025077532807241
1.0
0.9625617832503535
1.261733197109582
1.1885033777874376
0.9151162280506986
0.955983783157965
1.0
1.0330874981881566
0.9523357166277062
0.9663955076301294
1.0
1.0
1.0741418599322285
0.9860014078185673
0.9497322200972178
0.9650847481210496
1.1084862923788794
1.0
1.0
1.0303118393570951
1.1106529833514864
1.0408514676218807
1.0
1.0252871676930013
0.9737516515843181
0.9919329878674414
1.030937886241797
0.9325961660624298
1.0131019276665612
0.9955808185006143
1.0
0.9488094072652986
1.0
1.0780768154691769
1.0379336387728717
0.9976376631409911
1.0058583206139478
0.9405170395164815
1.0
1.0
0.9905515191259253
1.0375370737666518
0.996022736650553
1.0
0.9837005920367723
1.08325255032514
0.9629505891565016
1.0
1.0
0.8961348218474114
0.9370905811393913
0.9980312767867234
0.9539284665387688
1.0
1.0702691339222588
0.9345525898792468
1.0
1.0177264664229924
1.0211704298550686
0.9893310348842235
0.9735351872392979
0.9592630284725505
0.9050314277525882
0.9723231098433294
1.2419595839580584
1.0243263917956327
0.9478668404150401
1.0
0.9473731802439627
1.1243484271144242
0.9359013629201067
0.9222825160041488
1.018731646609453
0.9720792964057141
0.9612014370703372
1.0
1.0405716555015294
0.907550295576586
1.0192222857350046
1.0
1.004650492964716
1.1023266676743804
0.9384117921963924
1.123012491753495
0.9975123879911783
1.0
0.9968467205463121
0.9400838788997836
0.9148972830529374
1.017298854798951
1.0
0.9040882964743036
1.0118366855614376
1.0
1.0646799466191954
0.863389492574191
0.95811243549048
1.0
1.0
1.0322260633136828
1.1389390934904844
0.9630996634928994
0.9581715751403559
1.0
1.0
0.9467290909354062
0.9653616941134597
1.0
0.951121731513866
1.0762545733553575
1.0106530170052936
1.0
0.9187174945924284
0.9528081245667348
1.095358264769673
1.0
0.932422922015979
1.0
1.0499010008992036
1.0
0.9981055795008213
0.9977611491920602
1.0
0.9691336678250959
1.0
1.0131498757837791
1.0
0.9730250715780926
1.0827358050752158
1.0
0.9391806298143806
1.0
1.0079059990930572
1.0364718575195138
0.8573462814717345
1.0
0.9483803853657795
0.9551766489537199
1.0
0.9788959459563449
1.0519489044771273
1.1475063141736044
1.0649580101895575
1.1121281693985017
1.0
0.9682698683436826
1.0158002336416585
1.0053593044199252
1.0086694782681045
1.0
1.0348413907562266
1.0022580086686634
1.0560978443186206
0.6704734505525956
0.5472276890163252
1.1307789981737635
1.0
0.49250492011469227
1.0
0.7207738113816706
0.6834742607481172
1.0
0.6414610976551058
1.0
0.5316403485706758
0.30215263840765605
0.17676071590274
0.3648452550626138
0.8614585946332562
0.7462899999999999
1.0
0.909
1.0899999999999999
1.1300000000000001
1.0
1.0
1.0
1.0290000000000001
1.271
1.0
1.0
0.7426609999999999
0.729
0.7941117151475625
1.149451979434974
1.0
0.7206692962925407
0.8703462088109193
1.0951154146169992
0.9400925520308592
1.0
1.0
1.025528835641805
1.0
0.9269373979239273
0.8915860508993827
0.9825148335766638
0.9366821948773039
1.0321279291955117
0.9044435767913193
0.9793454441123757
1.0454403868827802
0.829138143441658
1.1016588404437888
1.200535189024281
0.9917225025723004
1.0
1.0
0.8825430662207703
1.1735047912890861
0.78156257606563
0.5350028902704631
1.1672660718754084
1.1041669130647342
1.00624977824174
0.4815026012434167
1.0
0.5817622857674349
0.8450631266872284
0.9891824316325071
0.9363541744019344
1.0
1.058484256300532
1.0721949926801049
1.0
1.0234742960608711
1.014697265038559
0.9634152006264243
1.0
1.0814863263642813
1.0
0.9453772991677898
1.0
0.970030004217957
1.4138261535593273
1.0
0.7738468115396788
0.7129698007286382
1.0
0.6400859046139482
1.3712867895265948
1.1255251273156492
1.1005949205030783
1.064264596318405
1.0111766411170455
1.0
0.9849294600160725
1.0
1.0030650368363068
0.917040546813567
0.993902433692301
1.0
0.9471010986822179
1.0
1.0544059206949612
0.9518089998332275
0.9544067556721938
1.0
0.914977087284516
1.254772240591496
1.0181881623117572
1.0
0.9740824145848244
0.912987649987115
1.0096520151238693
1.0077172961238707
0.736156362645926
0.5943222689614105
1.0
0.5651820834423704
0.8275689876638559
1.0439725808676865
1.0
0.9288924221775625
0.722715819406428
0.6712910782211656
1.2599913505475024
1.2092731952513303
0.8942932854522851
0.6041619703990495
1.1928540589455086
0.9603854048421683
1.0
0.9537416957279481
0.9605690366096287
1.0026361037210174
0.5437457733591442
1.0
1.034864600374867
0.9864132010267248
0.7213011855137621
0.648233072492542
0.6541223526741295
0.7717073869793909
1.0
1.0
1.2569176725490996
1.0247374860099199
1.0914536633174072
0.7567019317091743
0.7106308431179773
0.2896134461571642
0.665802280598113
0.3876581086845232
0.25418658283289997
1.0
0.8708885857388351
1.2162002728350485
0.8191331079421653
0.9035777963082614
0.9425184189713578
1.0
1.0889768665655435
1.0000000000000009
1.0000000000000009
1.0390719550914902
0.8648163575055205
1.0833203267180709
1.0000000000000009
0.8928231293915285
1.1658997748646778
1.097725701637943
1.1079144065614734
1.0
0.8275775767787739
0.9074718585745707
0.9245617698527573
0.8751419045850852
1.161529221403172
0.9859549383894155
1.0111926110927234
1.0725259776342133
1.0000000000000009
0.8141972934165578
1.0125121961287382
0.9999999999999991
0.8876914863353544
0.8395545267877731
1.1104643495139728
0.9999999999999991
0.9999999999999991
0.930972153411104
1.0800791799089886
1.0
1.0
0.9332248539767551
0.882877790380598
0.7555990741089955
1.0994179145625766
1.0000000000000009
0.680039166698096
1.0914929563994082
0.9999999999999991
1.0000000000000009
0.8994867992123297
0.533352341119075
1.0
1.3004034911527835
0.6220734060330422
1.4279081649149479
1.0
0.5750627793526251
0.7732716569886406
1.0
0.5605183179833935
1.3467106233055004
1.1230321066343922
1.1739493477974854
1.0095690585973456
0.9670736805637814
1.0610469184257525
0.9967579559458528
1.0
1.0
1.0717561524590167
0.9508395692510101
1.0870554488785986
1.0339918228271436
1.0163693460805812
1.0
0.9776393746387289
0.932471083510996
0.9784086322585992
0.9970821603512672
1.0
1.0
1.0080227480814292
1.0026400754977285
0.9566585686725189
0.902376067947956
0.8803318221718897
0.9973739443161405
1.0
0.8609927118052667
0.8931657192223215
1.0
0.7922986399547005
1.2897578649532573
0.9944625878340325
0.9247267355014408
1.041613289005288
0.9523909888139954
1.0
0.9514388146379211
0.964795524860576
1.0441462286087875
1.0285102066353957
1.0
0.8562949331741292
0.8690792201551991
1.0
1.2859203534411403
1.3548493960140302
0.5767485118471436
0.9909212194299677
1.2436402449460857
0.7006976193769505
1.2041587320274667
0.9479685510103657
1.0
1.0736040784288257
1.224208131225775
1.0
1.133861233954967
1.1644863448319853
1.043452086491663
1.2402308065216427
1.0
0.7845468895101284
0.9434029323069062
1.112017877676453
1.0
0.9075117730141464
0.8583921017223632
0.680017107007167
1.0
0.6072785778692076
0.6306278574392552
0.5044664861850539
1.0
0.5592965780941279
0.8919061131288331
0.9585326937859788
1.0979786320300455
0.9650707049310085
1.0
0.9119135844029822
0.9444233183042741
0.9272332306398443
1.014066411589079
0.9706826103141903
1.0623011919414314
1.0
1.0
0.9480593277947857
1.1115368731239919
1.020196397334857
1.052884861050817
0.9522216049586527
0.9596589840583478
1.0
0.9862012418084234
1.0580815952128635
1.0
1.0
0.9679453181544533
1.0
0.99807703119171
0.932293780479335
0.9702886980318448
1.0333340702235878
1.0594602129609214
0.9933892771488679
0.9705048367612976
1.0472415078387538
1.086716994603325
1.0
0.9360932722345865
0.8402670986729506
1.0217670259483977
1.0658587527250951
0.9021962328006445
1.0550391589366903
1.0
0.9711507863390079
1.0
0.936758111398186
1.1622960610194868
0.9790069209161514
1.0056903218047433
0.9928434862557189
1.0
1.0717616362359577
1.0078025304412934
1.0
1.0315830525474698
1.0076419922336592
0.8259733194045209
1.0
0.8432500610381553
1.0
0.8045485194694173
1.0462379164215463
1.3056386132932838
1.312422899773738
1.0
0.5109030171408238
0.7073993664104385
0.5432544281032223
1.0
0.7638739038898086
1.3125134864991725
0.5779144140342023
0.9999999999999996
0.617719862015651
1.0085971028818497
1.0000000000000004
0.6810683689870882
0.9985289174769649
1.0000000000000004
1.0126588670057326
1.0031450517604243
0.9670194233981051
0.9954330594568757
0.8853341285228842
1.0000000000000004
1.0314062480548438
0.9241918277453509
0.9791007543647305
1.0000000000000004
1.0168967673215765
0.9955322258245811
0.9963150483185235
1.0456345132381037
0.9600861898698874
0.9999999999999996
0.9820173697471626
1.006782767191054
1.0014344102766963
1.0209293486757627
0.9753379557664115
0.9626293367691034
1.086069050301027
0.9090999287368016
1.0048011903360967
1.2903492921423911
0.9798806874121961
0.6078138300319909
1.4269725143408092
0.9999999999999996
1.0077373925936643
1.0
0.673444212376864
0.768853802392242
0.9999999999999996
1.0000000000000004
0.6685291034218959
0.3071379508174781
1.0
0.1289889417589163
0.34130103955635227
1.0
0.282429536481
1.0
0.8355670049583521
0.9166353649131436
1.0983188862686601
1.174322226986635
0.8004324937898062
0.8232708026915763
1.0861409441604488
1.1071653982825556
1.0697737072533986
1.1684846049199171
1.0933029630063729
1.2162077258694781
1.0
1.0
0.771711794050213
0.8340287836877769
0.9886754304036742
1.0866863692081932
0.8405546022508439
0.686591118710175
1.1369237450426688
1.1523829189979526
1.070643085397096
1.0
1.0098657648593194
1.1186999164830391
1.0000000000000009
1.0720712619180892
1.0
1.0
0.9485710054998995
1.0120501408032565
1.065273379870792
1.0
0.9348037170486974
1.1586766546561735
0.9100431651559511
0.8953977851754367
1.0348524223691742
1.0000000000000009
1.0179670364308278
1.0
1.06486413572628
1.0
1.0
0.9549189190302343
0.984078677181401
1.0356780203657125
0.93698896447584
1.0005234418271929
1.0
0.926723708595298
1.0
0.8288542187870753
0.6179320068391574
1.0
0.5574379248185055
0.8742844189332644
1.0547576161932222
1.0
1.0312250176759257
1.0603984212178732
0.9033101388706681
0.9731225455259551
0.9370648383857567
1.0095435555280643
1.0
0.9874890026007739
1.0570164577427246
0.9531716959093286
1.0
1.0293064563298682
0.6180117203138353
0.5540198375665479
1.0
0.484400814341023
0.8492093469842388
1.1347353229401698
0.9523953894858463
1.023406764748981
1.0182963030967747
0.9336060080224229
0.8611832612526973
1.0
0.979844468476915
1.0560710727472875
1.0
0.998071136469945
0.9979850342728538
1.0
1.0255377754323058
1.0
0.9512133570644696
1.0582732604448157
0.9636930856525128
1.0
1.0
0.9405831957604924
1.047324927498999
0.9335676726793061
1.058988070285328
0.9524509930584282
0.9839961449278052
1.0770160021109243
1.0
0.945262566832942
1.0
0.9100274571347526
1.0107625849357031
1.0185592999147364
0.97161165332456
1.0
0.9817352125512606
0.9623544176263197
1.0
1.0
0.9485923512532111
1.1877427548709099
1.0
1.0095877153047637
1.0
1.0044700214730762
0.9735598404326851
0.998186530845568
1.0
0.9696665234993551
1.0
0.9444635233421375
1.0234652437064522
0.9934711718856262
0.9894768528388269
1.0504639654725585
1.0
1.012960429383945
1.1088982404768748
1.0488152429655857
0.9673237770872607
1.0
0.991100833110111
0.9577306497907063
1.0
1.0639858697664
1.020380623637819
0.9537669984285548
1.1062383325784042
1.1264274858467607
0.952363695378569
0.9360817210218446
0.9500512492150222
1.1189172301687966
1.0
1.008628943774287
1.0
1.0263603676826945
1.0026583209696707
0.9930717399809463
0.9817683345477022
0.9661189758636874
1.0
1.0675125165364827
0.9669378473103993
1.0
0.9644929809316451
1.0510013300398633
0.989122316621236
0.9631833375102046
1.0
1.089922696364285
0.9705913993785344
1.0
0.937326507870611
1.0704648822184817
1.0107415425091455
1.0
0.858925054934339
1.0
0.7519092677167789
0.5893711960232295
1.0
0.6705040679433045
1.339574472141214
1.0300194604400525
1.0269524062697597
0.618393575782469
1.1190175325806262
0.7245771381568158
0.6086532474266022
0.880417547814436
0.538035932638131
1.0
1.0000000000000004
0.3050998636077571
1.4906996237677919
1.4577634258734937
1.0000000000000004
0.5450731103488007
0.6435763987173715
1.0
0.15022015153865986
1.4286988567914558
0.13519813638479405
0.35298435276781714
0.25418658283289997
0.8027163246799836
0.8495578168384625
1.0
0.9999999999999991
0.9017355926225425
1.0313671801322561
1.0546237007371442
1.0577796921822475
1.03573430981979
0.9860629422683846
1.0
1.176244933805652
1.0
1.0
0.8599830332536804
0.9798344231433056
1.0
1.0
0.9578348948453517
0.9189645969918709
1.1244568650817657
0.9085786271579002
0.7447972627523765
1.1609664407285631
1.0914857936081699
1.0
1.2355469056118284
0.8074004738958305
0.9606077605604737
1.0
1.0000000000000009
0.8562265552017694
1.2899484096746532
1.113126776069036
1.0
1.0300607715692784
0.9994499515115471
0.928366886442423
0.8077619975922836
0.5815630837515169
1.0
0.5891225742299815
0.8044006555936445
0.8563919998432867
1.0
1.1728680456378893
0.947255743353554
0.848874667203984
1.171744676247549
1.0
0.7972838314192803
1.1542223811443204
0.5729895778917689
1.0
0.4821125706336824
0.6657294093703241
1.0
0.9258121955004128
0.9643468643579514
1.0
0.8583675261551535
0.9697559568671164
1.0
1.0
0.943634812972598
1.0
1.049835049850902
1.0538517167107395
1.0595512177782416
0.9993241925042016
1.0464653355648323
1.0
0.836352364067694
1.0276261183222255
1.1571906318403942
1.0029495962855162
1.0
1.1463863076313796
0.9925069771413675
1.0480192956233614
1.0
0.9016108138012262
0.9936557878656087
0.9758120425500394
1.0
1.0273695761788417
0.9746775128089098
0.972780361180404
1.0
1.0
0.9400709229376769
0.9818649679125846
1.0405825696740427
0.9818369279492822
1.0278869638388306
1.0
0.9777201745449879
1.0
1.034993674217393
1.0
0.9252323271818668
1.004745683033132
0.9817042591695673
0.9893814095222249
1.0269725402977752
0.9856968719527783
0.9585356198848913
1.0
1.0
1.0410973308913212
1.0
0.9053065731082617
0.992437026360883
1.0040383068102647
1.0568668568533601
1.0
0.9975937278946114
0.991871413334052
0.9782308382950351
1.0
1.0221003698418487
0.9706971237426956
0.9527515369870034
1.0
1.0156841902871534
0.6304340764209062
1.0
0.9408385783457582
1.0
0.7609464207473247
1.0476331724487302
0.9829068251696516
1.0
0.6745333730055068
1.3751759085242887
1.29318270542597
0.9860965232210308
1.2402579207654894
1.0089775472934361
0.6889289852928995
1.0
0.6182516501825415
1.003441680791795
0.6521194243411346
1.3587742234664066
1.0
1.53531888804158
0.6952811805837706
0.9765835180499325
0.611896549801588
0.6337379210334606
1.0973487016157955
0.9986760257292682
1.116234862864471
1.0117074854812018
0.9995324889241921
1.0399002788808955
0.9958897535111877
1.0
0.9047266502433455
0.9401677719101258
1.0
0.9847924307866158
1.083327048475772
1.0000000000000004
0.9388620232175615
1.0
1.0287254456150876
0.9999999999999996
1.022735204326302
0.9523754618300515
0.981190678928257
1.0
1.0147603131718763
0.9956105080739754
0.969640236183726
1.1273237874346456
1.001246994810482
1.0370796809012823
0.9640775708828992
1.0
0.9999999999999996
0.9808912125088094
1.0084892478032352
0.9999999999999996
0.9897494313651887
1.0062479314996176
1.0152199009677747
0.9999999999999996
0.9903873335274982
1.0
1.0
0.9371671463737425
0.8434504317363682
0.9828987243068346
0.9790753225464077
0.860708846153988
0.9999999999999996
0.993677467962065
0.9740670938666796
1.0658833009959765
1.0039342252895427
0.6919684221530176
1.3217414086766253
0.9006866973316856
0.513092204145007
1.3144923425649742
1.0
0.7272576143939666
0.24309163125523536
0.125770377698061
0.37431095609936094
0.22876792454960992
1.0
0.8172386830061402
1.0
0.9216131059870207
1.1636878560510668
1.0
0.8072677375597701
1.2552839016037138
0.7902443039420284
0.9578138627219523
1.044025333955389
0.8922004907173475
0.7810882581630612
0.9828541628561744
1.0
1.0000000000000009
1.0103923635695198
1.0
1.0548042911716724
1.0
1.0
0.9539478650600017
0.9395138238008593
1.184282246967662
1.1422516548199795
1.0
0.7419944288063194
0.8645469845044262
1.1823372142473518
1.245503872560974
1.0
0.8022791192969034
0.8770519152455734
1.0486982972139103
1.0
0.931092046628696
0.7029794323467549
0.7954241377173608
1.0
1.0
0.5567586279527479
0.6689114898282833
1.2738568835166895
0.9312806223256036
0.9599090961214696
1.0
1.0613386554461757
1.0
1.0420687371418653
0.811891673099896
1.0588895332643649
0.9443127100999877
0.9570748385547594
0.9574173735885516
1.0940969878319464
1.0
1.0691048766603801
0.849693184590544
1.1567828513752163
0.9571090920581389
0.8727655586804053
1.0
1.0
1.0675369495282325
1.1520580461344583
1.0454693675066844
0.9971733590875118
1.0420445624545556
1.0
0.9756496510667105
1.0433929012474623
1.0
0.9581393502930773
1.1578373396426525
0.6020203408454545
0.5413188960207158
1.0
1.4415172392631446
1.2462789567308352
1.0
0.8329776863917839
1.0
0.5248607448757188
0.44481589138604516
0.9008100806012074
1.1270444385547238
0.8662744328736114
1.1615294110917587
0.6876123704579689
1.346810274480851
0.865652890064954
0.9749195506713164
0.9840505978617546
1.0
1.0338763473203807
0.9174805254142493
1.0468679037262785
0.9740357077051067
1.0
0.9593119063603162
0.9698790146227649
0.9856455380755786
1.0
1.0351755029609704
0.9448484526703931
1.0
1.0974923022247403
1.0111959741333871
1.0541861184901444
0.9766321369345956
1.0
1.031849107173632
1.012372087500844
0.9938417864415596
0.8728911131604882
0.9945990810705725
1.0
1.0291889465160882
0.9699572574697379
0.8819881406719103
0.9935591376301467
1.0
1.100967437986613
0.7824137730533911
1.0
1.1165013295947377
0.9999330726339322
1.0018123200913465
0.8937030290218191
0.7563664722101286
1.3192701750108844
0.7036738443774189
0.9679121779221562
1.0
0.9667844053443906
0.9755023250623633
1.0
1.0751451528513636
1.0347080055015665
0.9864419315382378
0.9295586129367797
1.0
0.9876564872010407
1.057201202280833
1.0024415406467755
1.0552041565497268
0.9931405225997798
1.0
1.0228449734632754
0.9829807467459899
0.9626820578964015
1.0
1.0
1.041537873546539
0.9935971544058209
1.0024698734017479
1.0
1.0
0.9361321163230132
0.9970214964385553
0.9905073558301503
0.980950877861031
0.9664138521067613
1.0869230695419043
0.9280654725157769
1.0
0.9462622607861713
0.9554668592312687
1.0
1.0264305755594867
0.8547174098782762
0.9558790447340364
0.9695271242377084
1.1426461731374413
1.0
1.0228861032559005
1.0
1.1566065214107963
1.0503162591052462
0.9574763832883031
1.0
0.9771591789005285
0.6673906687788156
1.0
0.6532461480304796
1.3817869992374217
1.0194195781081383
0.5822031655377957
1.0
0.6834079715772265
0.6263559063595268
1.384275262906729
1.0
0.9790945600663266
1.0686833844134744
0.5905242221470979
1.1116236198671494
0.5279233818966809
1.195458403990528
1.0
0.6788410160800944
0.23135950589951815
0.1443997202532903
0.3431045757743254
0.22876792454960992
0.7542496843761297
0.782037888124492
0.8420360219129677
1.1580126506106652
1.0
1.0
0.8153951384577613
1.2433212101067292
0.9923416450046325
0.9163063975574088
0.8646845199799422
0.6023310308669654
0.6143217350381915
1.4017873181031968
1.325703049730639
1.1422113855495981
0.8107425003473949
0.7882189258319912
1.2300119449103342
0.9999999999999991
0.5566542175265363
0.927861180556846
1.0711650845561929
0.9753782044790871
1.0552047899015573
1.0
1.0110632920814524
0.6484362708505529
0.5090726560129477
1.0
0.5247539024145382
0.6245435931261785
0.707519915762977
1.0223396037603534
0.5879215332274317
1.1724034325779975
1.0
0.9448127627003675
1.0
0.598550336689688
0.9683094551467288
0.6461820739402304
0.9999999999999996
0.6515416218629264
1.3637743552507744
1.6389635124280297
1.1091222034136203
0.5748110852781156
1.426978931649626
0.6605631117195836
0.9685067399886247
1.363434998045368
1.0
0.656371059033309
1.0000000000000004
1.0090541973276657
1.0
0.6193181182423642
1.0027661869661775
1.0104899858255014
0.9546835943183551
1.0000000000000004
1.0
0.97273764497589
0.7549457208053783
1.2796359375421318
0.871092499202959
1.3569045802004625
0.5584109862410318
1.1698204145300681
0.6972896605754708
1.0000000000000004
0.9999999999999996
0.7958115909614603
0.22266352733489514
0.6736342054540754
0.3535160950390348
0.7121316899999999
1.0
1.0
0.7572409999999998
0.729
1.052051184793104
1.1001377028533295
0.7267733478903304
0.9664350098452967
1.075215425244708
0.9999999999999991
0.8386339428110929
1.245229451470017
0.8894260935722498
1.0
1.0
0.8809606462477202
1.0
1.1372108198674917
1.0277396291956613
1.180077674131085
0.7392542162398525
1.0
0.9082807852005006
0.8199022512457761
1.2106322830245944
1.0616027560036319
0.8038827718356751
1.0
1.0
0.8084901428958533
0.5803736304535425
0.5190660916245893
0.9081055155030295
0.8804021512690108
1.136815475443509
0.9486747387203653
0.8854890028123643
1.0
1.0
0.9631477584789874
1.0686147130726598
1.0
1.0406397666647678
0.8979192139757748
1.1041783422670912
1.0
1.0378401062090994
1.0
0.9824239760847853
0.969433701990285
0.9947264685076922
1.0747463253545115
0.9781091492280343
0.9421102409236877
1.0
1.0166391369786663
0.9962331037797512
0.9014933136165411
1.0
1.0
0.9541089276758248
0.9540919924637228
1.0
0.9074004143636563
0.8166603729272905
0.8751242345230468
1.0
0.842763412000318
1.2285125323650181
1.061753241765393
1.0
1.026367711395869
1.0185451268049057
1.0
1.0650826077418634
0.880298234305231
1.098909494107228
0.7352164744255285
1.0
0.4837936663297775
1.0
0.5245052090726032
0.999894783759169
0.9622630378110735
1.0
0.9951391729635146
1.0
1.0232657776114538
0.9729615317227633
1.0
1.0632626912243746
0.5679408720748773
1.0
1.0386486604989518
1.1059612588274614
0.7173985483286325
1.3177010983563857
1.036640208147845
1.0115107177428806
0.7718564686366154
1.2388073056866364
0.97112096012994
1.0
0.9676561973161881
0.9779520925561265
1.0
1.0
0.9836930133537498
1.0298813981052337
0.9807535996780921
0.9801568833005136
1.0
1.0
0.9452010182635666
1.0
0.8953934063462068
1.0
1.0
1.0603184630386755
0.9278812630059381
1.2268652987956807
0.9944844263054131
1.0026873861067012
0.9792304562237515
1.086656959941429
0.9963700823777151
0.9884093326709058
1.0265658756070914
1.0249686182625197
0.882678239710283
0.9994333116975893
1.0
1.007717802237071
1.1278649232144842
0.9596185774854318
1.0394275367975006
1.0
0.969037882532179
0.9740088641169455
1.0
1.0056029193152174
0.936659420473342
1.0
0.9875145870761983
1.0227507333626296
1.0
1.0197325143348124
0.9765437247521689
0.9794971752856041
1.0065302463660526
1.0
0.9135632882126741
0.9790435560314243
0.8648335733638524
1.0309876577200345
1.0315348044329333
0.9953047222855416
1.000341693118406
0.9445958590683361
1.0
1.0074889743469848
1.0145197617057287
1.0
1.080527017590195
1.0
0.907894121391176
0.9922249869645245
0.9807984544810511
1.0
1.0095047504493273
0.9675994734166382
0.9577859912797226
1.0
0.8721340942789615
1.1910360307078678
1.0
0.9133861576420355
1.1824414466099133
0.8245432569466047
1.0144516575274265
1.0
1.0797658357797948
0.9660367340299656
1.0
0.9121341713868452
0.9870809842680206
1.0
0.9231867808769447
1.001238689419421
1.0
1.0427630525505815
1.0923994451472279
1.0
0.9585057477402028
0.9670851923396944
1.0904542726490414
0.9690141318435392
0.948128627766744
0.9356916139779621
1.0572058937525846
1.0
1.0077660493968583
1.0
0.9850709458413114
0.9165085512124502
1.056684719407201
1.0
0.906244102457924
0.9915634165307026
1.0
0.9248747910922592
0.9337189457502326
0.9838864084276189
1.1757665403971718
1.0727298498256577
1.0355740331644245
0.9730147529909834
0.8764167965002656
1.0
1.0
1.0
1.049447429461952
0.9919413994376223
0.9937170643984503
0.9668650037591835
1.0
1.0332150126712056
0.973532259440681
1.0
0.9506403453053984
0.9634183939966334
1.085391036538092
1.0464307203345893
0.978968923241136
1.0
0.9444728177852468
0.9845758272478484
0.9839568218616508
0.991001390984394
0.9503367577783921
0.7966195502723021
0.7234659550372715
1.0
0.5418135376767834
1.0570995095068323
1.3647080475815114
1.059950724194266
0.9410716942500352
0.6355262485353919
1.0021530281980375
1.1098724453677482
0.5481414361751797
0.6913574745464883
0.9798578928120767
0.9965216048051593
0.657662925114745
1.0311039092474692
1.0474014890075418
1.0035570897955677
1.0000000000000004
0.9654597344670108
1.0899727275138078
1.0936719493537388
1.0340050503712472
1.0048302634195618
0.9729248436384443
0.9999999999999996
1.0037029854322883
0.9738374734098638
1.0119792839737491
1.0
0.9702205841558733
1.126801474259714
1.0
0.9913992813786314
0.9592152348865195
1.0
0.9046113765780244
1.0000000000000004
0.9720662490152598
1.3507940894122656
1.0
1.2891939617541261
0.9683827733354686
0.6576318953384872
0.546196974616656
0.5174466434054854
1.5231494452728587
0.9999999999999996
0.4687886826899055
0.5095072923966693
1.0
1.495582830308146
1.0
0.18957004168661218
1.0
0.0850252902307922
1.0
0.31076759220982875
1.651274247052996
1.4022317441144116
0.09567012344827841
1.644811020960562
0.08610311110345048
0.3244050434404824
0.20589113209464893
1.0
1.0
0.7957464481913021
1.0000000000000009
0.8179441297332213
1.0656762394732526
1.071028967603059
0.7860395899904615
1.0422296938252336
1.2518446064847817
1.336034671216189
0.9108954205057778
0.7634913603105495
0.823494494652107
1.0
1.0
0.7642411179199895
0.9845687465705568
1.0
1.0
1.0927993094796244
0.9111442097996623
1.000073196264605
1.0
1.0356027800677552
1.0
1.0
0.9674251848699713
0.8200297888196957
0.9753084266971968
0.5443489197841371
1.0
1.0000000000000009
0.5418683046671084
0.9421915709567807
1.0
1.070251224926631
1.0087552530798254
0.9053351790796276
0.903017691937646
1.0
1.0076426453374099
0.8906376028195568
1.1180014017711946
1.02230333304193
1.052145848444753
1.0
1.0110881729675523
1.050499436235114
1.4686905680371316
0.5433501878668121
0.6093576285572171
1.118661675963212
0.829001125611029
0.5074925341793435
1.4950957481437595
1.4266045325489438
0.9442993253797107
0.9667570556834377
1.0
1.111274239227118
1.0
0.9367738975660327
1.0
0.9984132456798056
0.90510343036543
0.9071866515549889
0.7825034639914703
1.0
0.45903677036074075
1.0
0.5061098755411182
0.887253769618118
1.0
0.9455700197681081
0.9104445977121784
0.9304774111870922
1.0033993381459148
1.0117894311851856
1.0
1.0182353530225852
1.0417133708676136
0.9807639470646139
1.628396695011407
1.0
0.48846545023181687
0.6342837143401523
1.3972259044159374
1.4183409402952218
1.0
0.47112852396472515
1.3765068462656993
1.0
1.4396508214602894
0.5724129929609516
0.4240156715682524
0.8533483723564173
1.1785703803215082
0.5843586215812193
0.6775442403544476
1.0
0.707187713878799
1.0
0.6200103787868603
1.3987052342809791
0.9596428053506427
1.0
0.7005109276413357
0.7301461998072263
0.9009652907356704
1.1225673391346085
0.7478329947431854
1.0
1.3136332866393854
1.0051683248281158
0.841160304857588
0.9595015721891365
1.0399262372964309
1.0008022362931235
1.066867577501486
1.0509258238547985
0.9997595323870065
0.9779110337716901
0.9809754547624272
1.0727235301491378
1.0
0.9124750341188581
0.9757824486401727
0.8726937622000213
1.0083201010954923
1.0883370819940898
0.9976818689371583
1.1882333778701155
0.9300874977969551
1.0029005397971695
1.0136979108709978
1.0
1.0131727536276083
1.0000000000000004
1.018967225640806
0.9589595532897985
1.0360138371960996
0.9675895901652973
1.0
1.0
0.9797563620501473
1.0064423946255379
1.0000000000000004
1.0561315489436351
0.9861552412744925
1.0
0.9333788997651769
1.0000000000000004
0.9672386749071658
0.8855642291169428
0.9287414717093911
1.0384083988432558
0.9958251729800329
0.9572411608767726
1.0
1.0515841978813976
1.0
1.0167370198304542
0.9999999999999996
1.0055975248851885
1.0314983921533383
1.0
0.9505183940492716
0.997574682525475
0.978217475870764
0.8985731548678197
1.0
0.9999999999999996
1.0000000000000004
0.9955364199489756
0.9629117342183946
0.9397081644227776
1.0828375828732044
0.9654735799961571
0.9252953860946174
1.091915678424428
0.9666649816804287
0.975477603586179
1.0000000000000004
1.0216420581145247
0.8831292472954777
0.983722902893776
0.9400410097886587
1.0
0.9109682122419565
1.0
1.0155405382164027
1.0
1.0081876116120037
1.0087056390495128
0.9999999999999996
0.9999999999999996
0.8890169176793297
0.9679050879758915
0.9141502389202216
1.0
0.9900446929181479
0.8361373398183618
0.4918175478292435
0.5891578420191554
0.1013036920027166
1.1258351602623589
0.09117332280244472
0.2796908329888459
0.7753127351699306
1.2455905832720948
0.20589113209464893
0.7601074786239206
0.9911444049475797
1.0429734336892027
1.2123444643730181
0.6889796585848114
1.0
0.9169275754665094
1.1955104961304706
1.0
0.834719021788338
1.1181802070520472
0.7805689526659689
1.2387960812774486
0.8704530779234201
0.9733710254922041
1.0425300298417994
0.7803712954246116
1.2780604388508703
1.1190095622639316
0.9013690437202664
1.0
1.0
0.8961220631359499
1.0
0.7764666094738475
1.0
1.0
0.9322124760058905
0.6283298338456254
1.0
1.0
1.4115768526950596
1.1698597902327634
0.733621470831479
1.1237672776121137
1.0
1.0
1.1150394240463921
1.0
1.192555136662567
0.8990343905174196
1.0
0.7786506031528209
0.8630881499202987
1.0904578385374064
0.9606325767934685
1.0
1.0
0.7862738807850471
1.0861118719135003
1.0
1.0
0.9018242117898652
0.5654968504610629
0.549950931935852
0.6848243166430397
1.0278009150805358
1.374811830384811
0.6338336637872954
0.5558917940285708
1.0
0.46694894164706824
0.7827196990846499
0.7393544263190561
1.0758922242867373
1.3476868009353966
0.9626527796798943
0.980275330440616
0.919628852674963
0.9351025115387728
1.0105190573949159
1.0660619667264166
0.930991971731193
1.0011148204774782
1.0
0.9553272466630185
1.0
1.0
0.959363692200152
0.9794221003706296
1.0
0.9659492673559962
0.9818653986272912
1.0
1.0
0.9525103066676799
0.9702440625793587
1.0
0.9358297579521393
1.0
1.0514853043773256
1.0712756181638525
0.9113991461147517
1.0795292539112928
1.0
0.9326471411011559
0.9693162431374001
0.9589908542536083
1.0
1.0
0.9856423044254496
1.0564166915774749
0.9899162738525549
1.005880398651784
1.0
0.9793279765743952
1.0
0.9250154868711373
0.9793499344870318
1.0
1.0840368616826934
0.9382328437409688
0.9631403468936357
1.0
0.952713253471476
1.0133382018298747
1.025093146267075
0.9921189659337051
0.9910318583345239
0.9343349083952379
0.985913443786953
1.0430371450441545
1.0
0.9915126863324781
0.9493759261575709
1.0
1.0359018404380116
1.0
0.9429518834472477
0.8486566951025232
0.9290622411021916
0.9560599480794174
1.0146701731437417
0.9975535830258622
1.1273905148073293
1.0
0.981395178916955
1.0
0.9161453747890711
1.0
0.9715763285201637
1.0700327956643045
1.0105372762040092
0.9944362847184793
1.0
0.9854435937862149
0.9668263122042715
1.0
1.0
1.0522092391468396
0.9761790334966127
1.0
1.0420472297517565
0.9756156582507796
1.0814950049177412
1.0396845406252444
1.0591490850466645
1.0
1.0964480090616124
0.9845139267092291
0.9846612787739248
1.0779793874350112
1.0
1.0862266402891514
1.0
0.9521919609098157
1.0106104880666669
1.0
1.0205831548070883
1.0356184284873136
1.0375183481951007
0.5929465720900371
1.0
0.7055026781138336
1.0140292074985577
1.246221958509329
1.292204336535887
0.7153687481168927
0.7511193595335444
1.0
1.2508201963119845
0.9766079777052505
1.0
1.0597335240787
0.9821411949704624
0.9880196889563475
0.9429934784260077
1.0
0.9910382017048418
1.0204756600263662
1.0
1.0154136353765484
0.9768390698055125
0.9666181252029471
0.9574331330853969
0.9692368305735632
0.9820511316027334
1.03542134635169
0.6964431435866212
0.9463006555515081
0.6501564236089141
0.914974161322359
1.0
0.6321733658333342
1.0
0.4778181823428054
0.9999999999999996
0.18302154544400828
1.3472205123732315
0.9776310234836325
0.3045796286110829
1.0
0.18530201888518405
0.8306233808544796
0.8565825410776107
1.063346450616863
1.1939893939668789
0.9091309514656771
1.1817821436808913
0.7291389893067013
0.8807448726802978
0.965331790983484
1.12554556369047
0.8894095712532097
1.0261956733099353
1.1258501711869497
1.1409409830978667
1.2229235512792673
0.7570987174243307
1.0
0.906190403449715
1.1367431558842132
0.8408875163802421
0.7711403612589169
0.5639422586085425
0.5670004518537803
0.9465450984100832
0.8900834191950864
0.9142271690876651
1.0
0.9541072341546144
1.131088871946445
1.0
1.025585452936772
1.1046196721501014
1.0
1.0
1.0466041703982008
0.9567429659448736
1.0354370386697598
0.9101494540875477
0.9742271554709481
0.9451002143994129
0.9295505041206225
0.8985480507887855
1.0
1.1180957890389758
1.0478992168313184
1.0
1.0078503233718061
1.0058422950649089
1.0062286469094044
1.0
1.0
1.0684599486012196
1.0439180957834857
1.0
0.982433688424722
1.4377407239801965
1.0
1.0
1.3827958951867645
1.1940597575591712
0.8162576798978929
1.044404616481165
1.1855851583999932
1.0136266858401903
0.9008540323979597
1.0
0.8988199485264623
1.0
0.9245857015178389
0.5642480779330663
0.5187969073245826
0.9010328748610377
1.150291809414301
0.5807594336805426
1.1679459673271415
0.8773340758037396
0.6003026146257131
0.9256282759181245
1.0
0.4845684822917713
1.3300373290002039
1.4382153513098492
1.0
0.5371055623501384
0.4361116340625939
0.6049327940609217
0.6391241114845796
0.9466599004499869
0.9561088799822866
1.483559188528643
1.0
0.9784146247639756
1.1648679547493792
1.0126665579600918
1.0926328382964163
1.0577977946199582
0.975758048550432
0.9426441661243867
1.1064919056837867
1.0595672521015223
0.9380042566058213
1.0010033384297303
1.0
0.9597945219967166
1.0
1.0
1.0478577385254422
0.9814798903335662
1.0
0.9675408804831251
0.9210802054340705
0.9806264881200901
1.008700535448404
0.9832556610252592
1.0
0.95590896297547
0.9558819086523433
1.0
1.0267575735600953
1.1526152586089973
1.032443274081241
1.048764415316679
1.0
1.0476576923861218
0.9920102551737866
0.9962323870054872
1.0387334305397387
1.0
1.1734250367141046
0.9317620117999139
1.0535355080647575
0.9245308373101633
1.0089271770554564
0.9509090888756653
1.0
1.0
0.9835818656280209
1.0261620010257566
0.9243723914359832
0.978561130146951
1.0
0.945274993024424
0.9833319013002093
1.0
0.9740311198429366
0.9853109728881062
1.0004824913589125
1.0348600874857645
1.0
1.0
1.0560825330426944
1.0061560480060896
0.9836660906197032
0.9559062575431572
0.9398368068076604
0.9662163767549918
1.0
1.0
1.0018788862140262
1.0
1.0345978395631885
1.0120173577656653
1.0
0.9286176832236333
0.9320777535791462
1.0
1.0
0.9668058426913975
1.0924807174928484
1.0
1.0
1.053142830262165
1.0683543237483217
1.0031253682374777
0.955818179988098
1.0
1.0
0.9644434191902453
1.0665147416649292
0.9808901073120486
0.8984015232848463
1.0204859014232133
0.9807050171322551
1.0
0.8507474937219817
0.9862035929174757
1.0773139584884914
1.0724662031815342
0.9751571224123552
1.0
0.9372897104962687
0.9845286619156983
0.9939930896400337
0.9701814486915099
0.9470714513248426
1.192401396755538
0.842497619792197
1.0
0.7885881236172203
0.7063631092215275
1.0
0.5407362030206668
0.984409562563461
1.0
1.5303012260376425
1.0
1.0676645121858348
1.1591616528153672
0.644755579924623
0.6477047019709516
0.6051077451504803
1.4101572785960097
0.6856126984950333
1.0850939046954657
0.665192690725656
1.0
0.7162304318653141
1.355392611321217
0.6522806876674934
0.19339509877163463
1.4901626654748328
1.5258255176939728
0.491411423435518
0.17405558889447104
1.0
0.0122619714727219
0.27851620022663526
0.9999999999999999
0.18530201888518405
0.7442995776440604
0.911738001768061
1.1794357984087451
1.0520765460307029
0.7807160772489219
1.0
1.0964488584542984
0.8254424646488623
1.2033499944185255
1.0582140238053501
0.9435906966651118
1.1691854822364736
1.0
0.7813888456818976
1.060209331090487
1.2563725982510814
1.0
0.7610434200564598
0.8485738507717464
0.8068453587871858
0.5577123257208925
1.0
0.5530752257769516
0.9408989304885838
0.9624409278731729
0.9158138849378012
0.9219972575883819
1.0
1.0857969461645034
1.0
1.0836678136774598
0.9815943616069847
1.0431092951481862
1.0
1.0076495205411167
0.964176218839369
0.9250249343397385
1.0
0.9353287565397386
1.1435669573406235
0.8902520146201738
0.861115221825199
1.178430295384171
1.0
1.0757919271003518
0.9704420313383091
1.0
1.0257449581813
1.0056057822184634
1.0
1.0
0.983567779574007
0.9964297783957079
1.0
1.0
0.9809421827919991
0.9259587683163639
1.0933385718409259
0.641210042906887
1.43208849376746
0.8659210978861474
1.018248804684049
1.0675617283193208
0.9877458549611049
1.0117476738047353
1.089427093575738
0.8817645369314215
1.1570946963498976
1.0117295836878126
1.3963897346874186
1.0
0.5851313259485114
0.6175833468502656
0.6215644994201872
1.0
0.4292999635403252
0.9022631146883153
1.0
0.9024277338329281
0.9580338136255007
0.9262995824190776
1.0040327404604987
1.0095494392599997
1.0
1.022086682175111
1.041542937348579
0.9851207304940743
0.9886191170301597
1.030945523001189
0.9849987111701877
1.0
0.9630487862335713
0.9953980867340269
1.1907009718200232
1.0045826531129567
0.9663100371063429
1.0830001590708829
0.9336085996931409
1.0323397913834365
1.032641080570646
0.9388699782212315
1.0
1.0
0.9793733301715424
0.9396731841221122
1.0435594616214514
1.0
1.0546639796107806
0.8813392831944808
1.0618314281972374
0.99839464941254
1.053363317162546
1.0
1.0
0.8913955372487701
1.0159830400667795
0.9587694155458459
1.1065463520503052
1.0039202509715972
1.031374078737188
1.0
1.0
0.9504742797384251
1.0
0.950275188759222
1.0165078129941172
0.9826345154190292
1.0
0.8642931036415318
1.0220680290199002
1.0605004071967512
1.0
0.8789744876260048
1.1196970013870216
0.6083519258032872
0.6648142994127477
0.885247654044421
0.5023286866728522
1.0
0.6113050727945755
1.0
0.6571315798265038
1.3810478050567219
0.9234767451901229
1.1138070206180615
1.077915194846029
1.3555537991686073
0.9535466228823273
1.063678524815578
1.0
0.6430414632002259
0.6462627510506369
0.686258125971039
0.9999999999999996
1.0000000000000004
1.281128528099679
0.971663605665412
1.0000000000000004
0.45967583998141404
1.4683516922662685
0.41370825598327254
0.6242111010537115
0.022154266222110586
0.37412166574997463
0.16677181699666566
0.7270560215772139
0.8206130990032676
1.1071575919338166
0.8734541176699704
0.8912677650143852
1.0194879456919317
1.0
1.0
0.9175688996970326
1.0109621265061701
1.1635912155931756
0.8385517891029401
1.0
1.0
0.8258120097273292
1.0
0.943891235738775
1.0
1.1639552912235596
1.1175391511227382
1.0
1.0
1.0422534347589973
1.0
1.1671314091131713
1.0
0.7377810245330831
0.7864977113892291
1.2455177272056766
0.9373672068382959
0.843630486154467
0.8444010015732903
0.7295953786101137
1.073060223074033
1.0
0.8966345715117443
1.1919845740949837
1.1084050145857667
1.0
0.808864803961777
0.5883891183562859
1.465979295307764
1.2116830882799716
0.9216418526567249
1.0
0.8653874994365083
0.9096290600172363
1.0165928701032003
1.1647409758812852
1.0
1.153089994672273
1.0153559647832218
0.7678114294551737
0.5431021813131736
1.0
1.3365228093027284
1.1263598305200553
1.202402024128972
0.9423227221420305
1.0693111696484632
1.2102670063960375
0.8202669082301135
0.978270292551823
0.9374326542922855
1.1057852360104636
1.0
1.0
1.0380280912830973
0.9073949560639427
0.8494875433253668
1.1047803691387372
0.9451770563448854
1.0
1.0
0.8352066657683466
1.2005118192446087
1.1676002870291278
0.8348351998436829
1.0
1.1119690158975484
0.841127453532545
0.491215046287099
1.0
0.5333444636532638
0.9430531302270424
0.9848289154082677
1.0
1.0033021903709418
0.9602610903894062
0.9274806410074392
0.9617263750290821
0.8331882793374819
1.0
0.5077797159333972
0.4477777713805766
0.8445290970022823
0.7182783730945586
0.9396715743406441
1.0
1.0
0.9583819503278885
0.8839270754734159
1.0
1.0
0.9962886118287928
1.0483330781417877
0.9835170679033132
0.9486941305834069
1.1005447720810029
0.9246189093708415
1.0162166858608028
0.962970798887052
0.8955343679260741
1.0
1.0
0.9454273591454463
1.0434997703276085
1.0
1.0
0.8508846232309013
0.9676905380079726
1.0
1.1686077294302661
1.0
0.9451569854527513
0.9822004823936483
0.9706182964652488
1.0
1.0431921348098045
0.9958084193688279
0.9947671097133988
0.9955135206886849
1.0
0.9867438043444663
0.9672431861862876
1.0383206657748287
1.0184280940237294
1.0
1.0115561788194443
0.9178199968853722
1.0738629667248585
1.0737881627447816
0.9476342812265912
0.958613502834214
0.9705182606764797
1.0640620678909016
0.9743183745209381
0.9576558611018111
1.3937123779122764
0.6123234428946116
1.0
1.2600384724874507
0.8799130250625833
1.354263898595895
0.5527658188747724
0.5983328694714727
0.6450504921292559
0.6331093941391774
1.387220974812732
1.0292427285407664
0.5858704191950945
1.0
0.5921698029423919
0.988767522831064
1.0206739383272434
0.9034679593247619
0.9999999999999996
1.0000000000000004
1.1794127797245126
0.8933093747781098
0.9919667717697074
1.013187958368687
1.0220538151665273
1.0630016336840091
0.9702530437704695
0.993020593799403
1.0
1.0843047544183655
0.946872136098361
1.0000000000000004
0.9745143585191012
1.0793906087500278
0.9675462438710043
0.9779298432275607
1.0
1.0186745294800428
0.9940888904296052
1.084323969975698
1.0261485970182762
0.9645304677803668
1.0
1.0
0.960233152363128
0.9711145791783018
0.9999999999999996
1.0344047055670331
0.9895274766053301
1.0387240217015181
1.008953340426996
1.0023174703045736
0.9725297987733637
0.9937185344194632
1.0000000000000004
0.9521849224885246
1.0
0.960591377238833
1.0514725421197304
0.9850019835421939
1.0077197571300496
0.9719529473895596
0.9999999999999996
1.0
1.0082394143557547
1.027477989033053
0.9705443728371073
1.1371337300339883
0.9685846038066597
0.9801368589048041
1.0
1.0162159655749994
1.0031123983842152
0.9758915729781279
1.0
1.0199867840944847
0.96807742100233
1.0
1.0
0.935076779117562
1.037526226645733
0.9887182892813495
0.9740031212604725
1.0
1.070701249353685
0.7872335767514249
0.6450170694509145
1.0
0.16860102419680123
0.0366719677259022
0.2838927632073063
0.16677181699666566
1.0
0.9363960706871985
1.0
0.7804584608320084
0.9001086441062149
1.0189914268658598
0.9906015112504161
0.7888200071213074
1.0812618899449085
1.1493406492896039
0.9008051414464955
1.0
0.9683488475457747
1.1719421243522277
1.027145454366174
1.0
0.9550215668926736
1.0637149368280507
0.8513516798593148
1.1540155948057524
1.1712669965794458
0.8095549685919217
1.2504182682018534
1.0
0.792423479159428
0.9983234448151901
0.7155800085575521
1.054747911917005
0.9323588938432028
1.095206712409416
1.0
1.0
1.0342252821547877
1.0
0.937698178450777
0.6440220077017962
0.5088161952423444
0.5350420816733594
0.631441777607904
1.160587265845754
1.0
1.0386547657286256
1.0
0.9488725654599222
0.836625676947361
1.3754717541793289
0.8811538685659368
0.9839856525349653
1.0050452039966178
1.0000000000000009
1.0
0.9848539794561768
0.9967868005561371
1.0
0.9430965078094289
1.0
1.0672978922830865
0.8130996886531525
1.0195156157818346
0.9846911680004444
0.9092975528732685
1.1884472249226334
1.0479843439010494
0.9472307087451641
0.9863460238674397
0.9999999999999991
0.9989980803727896
0.953192222060939
1.0000000000000009
1.0257924709555954
1.069660558148394
1.0684833951551544
0.9860916076811304
1.0045406835969555
1.0762762406611497
1.0
0.9860472615661733
0.9944174945416044
0.9578729998548443
1.0
0.9063700704858313
0.8342393328432918
1.0
1.0300333391836123
0.9125727288939052
0.9241004760070295
0.9999999999999991
0.8905102846705581
0.5086300778848285
1.0424398749002473
1.0
0.48745290394274754
0.773794948112748
1.1622511287013078
0.8018151239279909
0.9542981781702418
1.0661633138104714
0.9299446880062812
1.1450236378300298
0.8615762073170208
1.0
1.0241206837845098
1.0009030045867569
1.0
0.9638150697970449
1.084487013702521
1.0
1.034780417136619
1.0319000869904684
0.9776414101711195
1.0
1.0312691280132942
1.000812704128081
1.0
0.9704505463003503
1.0
1.0
0.9384558346622516
0.9656837271149206
1.049603902958114
1.0
1.0515586406172384
1.0
0.8701909073883227
1.0085944953339991
1.0
1.0404385644736367
0.9597114240019948
1.03005777360306
0.9916198996219947
1.0815071186074343
1.0264742193085334
1.0473603370930622
1.0674830679390546
0.8837477499650772
1.0
0.9846690081271783
0.9667460589621015
1.0007108377239229
1.0139764115316225
1.0
1.0601512893717349
1.0
0.9141191522432646
0.9734054916703148
1.0
1.0
1.0432942225866313
0.9864988400531685
1.0
0.9662837162836171
1.0149283752426266
1.0244879833919045
1.0102616776146869
0.9735471091962911
0.9781585170855438
1.0419182100273323
1.1018691515318668
1.1559922267746696
0.9851783718657181
1.038009268655979
0.9896573524285115
1.006665633748157
1.0282366708634685
1.0688285699988365
0.9202585013392266
1.1717673487946962
0.8320084076994227
1.0313212343927605
1.0
0.9953445888321628
0.9726412489093281
1.0082817122881957
1.0004132822543967
1.0
0.9449829803991081
1.0
1.0
0.9962563821969361
1.0554877503187674
1.003891516187541
0.9549000302730324
1.0
1.0
0.9743453077335618
0.9568984511827114
1.0859853433726556
0.9789520722999763
0.9792325861415687
0.9267492768753858
0.9087831766479697
0.8067359157355849
1.0
1.0688463071354555
0.7551537809507574
0.5490124204707385
1.0
1.6005783547157506
1.0
0.8768865370688443
0.7357267982993747
1.0
0.6302253325958942
0.8906139440188818
1.0
0.6453733487008435
1.0583858967344755
0.942509772732917
1.0
0.593408975043392
0.953524990157943
1.1263642345973737
1.4295416763433533
1.0
1.3372235669496515
1.0
0.643993530359996
0.6284609208561154
0.8744972450988708
1.4422894688588093
0.5720136562695295
0.4516186429099962
0.15540811854971137
1.4669097923230887
1.408049212928968
0.4182964594707461
1.397559270154792
1.0
1.0
0.6541180051022857
0.13986730669474046
0.034225813381587145
1.0
0.2713805852721789
1.736329652599557
0.272180668586242
0.15009463529699907
0.8458512454094862
0.9016042147900851
0.8750168259067035
1.0
1.0485840356610225
1.1044891030996418
1.1826199777631903
1.0
0.7539831871898546
0.7662165118733828
1.0
0.8354266173265987
1.1771278637419105
1.0
0.7734751705995766
0.4887888390289117
1.1666982356685338
1.1642751525632917
0.5230223770300304
1.6210259137819678
0.49237981356381066
0.6086391500034996
1.0
1.327921364035289
1.4088949103020907
1.0
0.9021807747947168
1.1880373026847542
0.5040057472077804
0.5956143487279402
0.4577670700963461
1.5701109926070531
1.1700627112861177
1.0613914609512847
1.0
0.8357727323758599
1.0695428418490698
0.9784342363995586
1.1168093780745494
0.8711271371981635
1.0069698020700368
1.0
1.0
1.0
1.0666037802641073
1.0402046283099518
1.0
1.0552911739292927
0.9511422402573935
0.968072555809683
1.1706427243033755
0.9372125200782042
1.06960250243037
0.9042854369886708
1.1020511078087782
0.9316904284063279
1.0000000000000009
0.7707716759763663
0.4538850970742727
0.5160871083597476
0.7358549870265074
1.020259911947674
0.7841714006607878
0.7312793681097727
1.310611555391466
1.0
0.7892125868379418
0.9457044169065796
1.0
1.0
0.9860657828913126
0.9638791947331669
1.0
0.9328279322227484
0.9337786870198377
1.0128150655140873
0.9562271557909545
1.0059809311334655
1.0
1.0
0.8625652147086083
0.9709214842071754
1.0
0.9969559762487163
1.162169796513001
0.9488613351468409
0.9810422638008083
0.9735564668187235
0.9932326793068391
1.0
0.9959621686198163
1.0
0.9847937425286482
0.974350934145142
0.9836765792317221
1.0
0.910500454173298
1.0
1.0
1.0511246002878307
0.9194504087559681
0.9392720777024781
1.1546551300677699
1.0
1.0
0.9460121402590476
1.016585284621356
1.1405067103758872
1.0021825606260375
0.9334242938693205
1.0635688184730903
0.9738293357864576
1.0
1.0134773582751446
1.0
0.9520794280122375
1.0349310177762767
1.0
0.9963659517578343
1.0
0.983749461690298
0.9752834986538002
0.96966107824551
1.0657215233035187
1.0870447768282272
0.9860945830945047
0.9487322033873529
1.005382838020119
1.0
1.0
0.9707837752371109
0.9823583451237896
0.8538589830486174
0.9598039786184405
1.0065871045137342
0.7028003827548348
0.8986894749920733
0.7777459537790872
1.385489330844191
1.0
0.6231012164903307
1.0
1.0
0.6439832173364488
1.420415104397196
0.7216264060425237
1.0
1.0467982843343195
0.9672273771471724
0.5895031353718378
1.0778165301109945
1.3142119775010537
0.6069225738379691
0.708510219076282
1.3376317603661398
1.2032345345809246
1.0486545140927053
1.2706921192469025
1.1015525496169927
1.0493048506421987
0.7031325267934045
1.171700281351436
1.3637788362266647
1.3459337389557762
0.9511339752159209
0.9749795170567301
0.9843353450623615
0.7811841676363764
0.658982673946773
1.3469403977597718
1.0
1.375708921038573
0.6759679573481581
0.6389716951166111
0.623089616184985
0.542853487343467
0.3941546751963667
0.12930315736342513
0.07739928659136552
0.25275284793076014
0.15009463529699907
1.0
0.8873181717882854
1.0
0.8721210860411333
1.067958153077841
1.0
1.269731783361948
0.7376151570060188
0.9054004672849825
0.9239609665458381
0.843411860377147
1.0
1.1453468041934727
1.0
1.085686041168474
1.0
1.0
0.9509966236655689
0.8263834412641309
1.0
0.8453723952699228
0.6066081907945549
1.3961154926244355
1.1559687247618164
1.0
1.1137664010262043
1.0015251588973406
0.7266229978244052
1.1458626498454088
1.0
1.0864475724776899
1.1806790380032766
0.8514829859324617
0.8056673565219654
0.5538398746832627
0.5131666073597962
0.5882138001303554
1.0
0.4284059659690609
1.0
1.0
0.9028778713974726
0.49963731518587373
0.8471666000231162
0.9130598383193975
1.1709875569834391
0.6202991386225971
1.0621244617622976
0.9330506014673814
0.6742688879844776
0.6890732847459766
1.0
0.6328192741140644
0.5923722958965945
0.9052325758446971
1.0
0.3671498344107951
1.0000000000000004
0.12411277028621948
0.07744960413537116
0.24579406000493598
0.7492631770196813
1.0
0.6892949
0.9271
1.0
1.0
0.9029000000000001
0.9971
0.92839
0.987
1.0
1.019
1.1712900000000002
0.8973899999999999
1.177449
0.6560999999999999
0.7303028947169299
1.2895504101980482
1.0
0.7626947251687177
0.9067686835550255
1.1291229458857135
1.2071144436053487
1.0
1.0
0.7239966901461798
1.0
0.8737678362793115
1.1670874294807607
0.8852927954965555
1.117517408079765
0.7968376574149829
1.0972732556715155
1.0
1.1864029992448142
1.0
0.657272605245236
1.2011536576759596
0.7932317315423862
0.7967635159468998
1.0
1.0
0.8924154809494755
1.0
1.177117437051626
1.0
1.0
0.8492937573304786
0.8437450971377167
1.0
0.8768799622907117
0.5497725479509157
0.4817170821990384
0.8337412813660201
1.0356720366747103
1.0000000000000009
0.987397308450471
1.0
1.0
0.9883295726590537
0.9258119511171268
1.1330232044111987
0.9551237194378963
1.058156644671537
0.611237347156079
0.46722843312450113
0.488100164707836
0.7642954795186245
0.9182339207529067
1.0
1.1166788947787296
0.9154440820501941
1.0352495669183064
0.8862021073144604
0.9952098429047416
0.9030888069093477
1.0077350458005991
1.0
1.018542004474039
1.0
1.034404677907161
0.8988473182567152
1.0
1.0660553109383981
1.101738753037961
1.4978662304918737
1.5301061644749598
1.1591955862526335
1.0552523148561557
0.8487642917501832
0.7638878625751646
1.0
1.0604319813041174
0.9743120647674237
0.9476204660455636
0.8000786876443042
1.0
0.4388425260597044
1.0
0.6166542990051118
0.6176084889934224
1.3869241001400745
0.9897225710229449
0.9234206581356492
0.9678460328846761
1.092066306167001
0.9979626048953074
1.0027553526306434
1.0285628310869868
0.9818895422386067
1.0
0.9953729749685687
1.0
0.9575564011181372
1.0
0.9317246102264756
1.0061760061883955
0.9760649425032826
1.0
1.0
1.0418210834366661
0.9399771095536487
1.0
1.0
0.971148182179518
1.015884336057554
1.023065352814183
1.0065902207728472
1.056048523961171
0.9845344863797232
1.0
1.0
0.9942586318264972
0.9904614615447445
1.033174077033232
0.9913581805604759
1.0088227374596883
1.0594622420496265
0.952294728325306
1.0
0.9930742548398799
1.0501988926900792
1.007494869284816
1.0003719540289566
1.0
0.950484682359197
1.0
1.0
0.9972422462824859
1.0
1.0503281269056446
0.9989923675960908
0.9554362141232771
1.0
1.0
0.9504297955380068
0.9473835014082761
1.00241715612934
0.9789801236841349
0.9739842552149511
0.93577651956259
1.0
1.0291926202963193
1.0208489419421163
0.8949200389372782
1.0864465692015273
0.9500996250408216
0.8737206543868696
1.0015581203311594
1.0985976917019569
1.085815181813028
0.898131844050142
0.9783892833067878
0.9275959782922376
1.0
1.020597169658756
1.0
1.0404168979671553
0.7464004066469592
1.1612678172785875
0.5586328376232927
0.6354689551379229
0.9275834827763294
1.0
1.0548283162263523
1.0
0.6127962849100266
1.0811020810598286
0.9913972946552931
1.0899108350810511
0.5828617593417551
1.0
1.439342985773191
1.4122463579837943
1.0
1.337167641069187
1.347203947228362
0.9034186069978958
0.9915321125667331
1.0
1.0082560516416326
0.9121259527686592
0.8476451840959474
1.0
0.7102913281541472
1.3128393168474126
1.1210126381040029
0.9796806891874956
1.0696534811695422
1.0623610249070001
0.983700588014746
1.0
1.0469441426874209
0.9855106193835859
1.0
0.9784584482529537
1.0
1.0
0.9383772486235165
0.9459793985982836
1.0
1.0
0.9756217975673218
1.072564808840415
0.985913515092558
0.9033757492916994
1.0
1.0
0.9726006220784766
1.0171563620870225
1.0289924873859562
0.9538294101050138
1.0
1.0
1.0409671409145522
1.0
1.0451945509746894
0.8990931308364818
1.103493594616694
0.9719348929066882
1.00678257775923
1.0003347586260602
1.0
0.9490606677840585
1.0
0.9108448843881192
0.9814207219153062
1.0
0.892323874491205
0.9668568462270715
1.0253562638871339
1.0138866879186823
1.0487454906771942
0.9570652554927754
1.0
0.9683332198059373
1.0000734528848199
0.9784805368372167
0.9701634816497142
1.0882049497437922
1.0
0.9348363804630138
1.0
0.8440680704953012
0.6967390634618766
0.6757493276606281
0.7201659562713782
1.0
0.5779433582415434
1.1909081368389582
1.2762689275014507
1.306453762581791
0.8560205776943288
1.1875579122156985
1.0
0.9838471240754982
0.9936970761845814
0.9573301679323025
1.0
1.0289774271968088
1.0
0.9953067339503656
0.9938481101465655
0.9922660953317495
0.960735307130073
1.0784543099309198
1.0
0.9241442025302185
0.9896804061324582
1.0207328772486894
0.932211306465474
1.0
0.9008418835418546
0.9513521090548673
1.0
0.9815320824876066
1.0218236497349942
1.0
0.9829028653866478
1.1529948543340396
0.9883428134839978
1.0
1.0059596778112905
1.0568839136520145
1.0836914507555528
1.0
0.9569991568017144
1.0506477728056387
1.0
1.0545947481312536
0.9534069159494951
1.061740817127217
0.9931781219195148
1.0688021209941283
1.086360397726902
0.9848321192864065
1.0349483215253672
1.0
0.9951608715699862
1.086911039311631
0.9764879324816285
1.0
1.0733730107956951
0.9895085321355976
1.0
1.0723368130083424
1.0843780005948904
1.0
0.9562168981493802
1.0
0.9855612392123456
1.1129948847088889
1.0
0.9999120642813875
1.000343179317964
0.9555667354144948
1.0048445542181073
1.0
1.0
1.0043029376734234
1.0
1.1036795100475718
1.0216372489169965
0.9695084089162727
0.9637712947975503
0.962662430721692
0.9759150998572936
1.0630498394542345
0.9747473628851537
0.6568722586294422
1.0
0.7246352540636858
0.9569315704124293
0.5341983320470671
1.038841193615605
0.9837403017039854
1.35243390339547
1.0276536733868973
0.5709802404681632
0.5480067435327252
0.9939007507628475
0.9495329634207801
0.9891674268576658
1.0
1.0970608267836859
0.9993387031514533
1.042281034308278
0.9943466809775163
1.0
0.9569664302396719
1.0
0.9696794937269235
1.0448254862619768
0.9872737609009796
1.0041430761560006
0.9747576526506041
1.0
1.0
1.010163271823484
1.0274818479640393
1.0223945717227831
1.0021906773827327
0.9697398293164738
0.9821231730143234
0.996897690992606
1.0
0.9615410866317573
1.184746836380219
1.014905608855921
1.0003903158436067
1.0541766946568432
1.0
0.9612697872157039
1.0
0.9771940929804286
1.1205253163176145
0.9636069259469542
0.9673545670907053
1.0579991993888225
0.9851080289620429
1.0
0.9772818873855433
1.0
1.0
1.0
1.0118951294375398
0.9190364426170543
1.087422376295068
1.0676191366248213
0.957739996276378
1.0
1.0
0.9734684896577326
1.1877765325321024
1.2971609166779325
0.885366271533587
0.5315024501285883
1.5216477948842702
0.511548344556978
0.34336581700061597
0.11944645367113482
0.8538516301823633
0.23665367743468346
0.730401621
0.7405169
1.27
1.0
0.9999999999999999
0.68036521
1.22040372790292
1.1875111003297807
0.13508517176729917
1.0
0.5915453447207124
1.0
0.9072565172110671
1.0355313687212462
1.180458095030378
1.097452745603979
0.8044465620927976
1.0
1.0
0.7827603576854862
1.140371852285634
1.0
1.1194354836715057
1.0
1.1148687484459785
1.0854494330132862
0.7267202031847777
0.7685469630265054
1.1790703899718746
1.2114690249622733
1.0
0.9029518733039037
0.7008853756165241
0.506542222413195
1.0
0.5169195021157353
1.4576453806360057
0.9686554563009313
1.4754565435271942
0.5251215725881533
1.1469675382373712
0.465227551904162
0.8539343568968905
1.0321048330072387
1.0
0.9907630450729288
1.024546824323111
1.0110172590963709
1.0
0.983542351059187
0.9941414229979451
0.9596301319880842
0.9222493937826366
0.9151632702361665
0.92102803449988
1.1348539671796143
1.0941249827951207
0.6253642227668026
1.3957440503519472
0.8731301391040605
1.0
1.0
0.9283167043639002
1.0809544504626247
1.0760011371966698
0.5781842860822124
0.4870967835773756
0.5286943069531
0.7717603659822627
1.1355473485780578
1.1761359605576835
1.0185374526928799
1.0
1.019327282708515
0.546857538274895
1.0
0.6646804079017636
0.9708231779059364
1.2393313092258555
1.2991277793227134
0.7229513555444758
1.0555679421263244
1.059513418880445
1.0
1.0497172927127938
0.957909528711129
1.0
1.018413554156325
1.0210149071965633
1.0
1.0402532880127726
0.9639876976352522
0.9818080180738962
0.6271830761737389
1.0344974782945142
0.6787071129520603
1.0
0.5711557502028723
1.0
1.288328928248542
0.5030434344188679
0.6550948534250267
0.6399791733936091
0.1105550368234498
1.0
1.0
0.008898886704091336
0.2353926592568243
0.13508517176729917
1.0
0.7722738479773223
1.0
0.9093335625964478
0.9598347832538963
0.8593705874239443
1.0
0.9055049006375935
1.1133693458636795
1.0
0.9207308966671626
0.8286578070004467
0.7457920263004016
0.8185215071455012
1.0242295960473893
1.0
1.2925695138101645
1.1653617984072415
0.6491258742918422
0.9265849532652304
0.7366693564309514
1.1263346670570709
1.0
0.8314072405982955
1.2384582436363338
1.0488714387073088
1.0479188185018646
1.0
1.0
1.0352657114728512
1.2677626993203326
1.0
0.6674782228194562
1.0
0.9422251419111944
1.1608106225793833
0.8535405953270736
1.0
0.7048331205071303
0.5380153272775825
0.504098232403436
0.8466419936435301
0.8731828227746803
1.0
1.0497270833705397
1.0
1.0518199896504488
0.9967523157596307
1.140031343422188
1.043307919835521
0.9280357984399492
0.8200708188798727
0.9999999999999991
0.9086430061820652
1.2075947551594508
1.1262612944753103
0.9876257398830317
1.0051710959533953
1.0
1.0
0.9489426202231916
1.0
0.9805621325591609
1.0
1.0
0.9935769320520222
0.9516147827424941
1.1714389661490445
0.9857141117705215
1.0262194520852246
0.5690755358317281
0.44624859509599624
1.0482176031184247
1.0
0.5021194384092906
1.5010902238901824
1.5501586612951774
0.4968436202462776
1.4260261767414288
1.3884151562352258
0.9790776280620737
1.0448309923687784
0.6064772037827817
0.4471592582216495
0.48861072011772944
0.5769913527216453
0.9457804082026735
1.0553269754131236
0.6714037346072441
0.675955572828582
1.3479353774663547
0.9335250740067309
0.6756858352378723
1.0
0.6189872342165073
0.5182485763194835
0.6025484484486627
1.0000000000000004
1.0909491437320518
0.5870367597365935
0.1827213563103216
0.02457999836659086
0.23233017610064577
0.12157665459056921
0.8594946693430447
0.8009914167306018
0.9532706623504996
0.5335046364253149
1.0
0.5717253061236587
1.4400909319015671
1.0
1.4512258134197253
1.0810139672760624
1.0
1.1074919353043544
1.0313568132213078
0.8222610787960907
1.0
1.098259433386362
0.9604156877686965
0.9868258652939623
1.0
0.872112340902099
1.2270487461522013
1.1875459301043634
1.0
0.9261538080925629
1.0
0.903141136600146
1.0
1.0261490805562108
0.797699418202173
1.130083619854151
0.8441872100125387
1.160399317644634
0.8838497755790957
0.7457881476902486
0.538445684760001
0.6585618687014492
0.9897646458019915
1.10251893178539
1.0
0.8998818449922306
1.0
0.9111369937156741
0.9906902938969591
0.9551834458128932
0.915749746662538
0.9464185821157063
1.0
0.8674662186898976
1.1330144919340945
0.8115039637942063
0.4120452080514463
1.0
1.0
0.5531554449456069
0.8575881062452995
1.0
0.7507504878076228
0.6284667251491243
1.2430341073830915
0.9964490709212912
1.0
1.0
0.941664500075615
1.0043600987962966
1.0
1.0892759358526174
1.0436215944812393
0.9629645487634226
1.0
1.0154202902776346
1.0
0.9351070750840371
1.0042610309405902
0.9641380623346016
0.977454796443495
1.0059724558616248
1.0
0.9999551757850451
0.9571725878097306
0.9788959675091693
1.0597969796087172
0.9635755806607547
1.0468798272065616
0.9031354222633006
0.9421918444859054
1.016424364916924
1.0607405649668848
1.0036785100407348
0.9621185758400159
1.0
0.9542963209103137
1.0
1.1100016997983673
1.0
0.9497951938919904
1.1451843254972083
1.0
1.0684655091217632
1.0189134164769067
1.0
1.0
0.9926086273242509
0.9657697296791161
0.9540848991313684
1.2539010388133631
1.1772268935869672
0.9122299575547803
0.9265489126845567
1.066793590851634
1.0580243464429326
0.9513814587384548
0.9724450761728036
0.9887379225317607
1.0114163909338618
1.0160294585129233
0.9853305292132708
0.9806126034276579
0.8867974762919442
1.0
0.9997227813842722
1.078375302725111
0.9719875766013084
1.0
0.9986430417543346
0.9208281656055872
1.0003488153816358
1.0
1.0596079499525812
0.9601142317664708
0.9413527424167123
1.0
0.9414776354980852
1.0956665190540154
0.5344726491752407
1.3812256522807838
0.7718292956207691
1.0844687256114325
1.0166837074235913
1.0593680650765318
0.9942919450434129
0.9503487463223399
0.9869595574452266
0.8825513430848924
1.0
1.0
0.9594055915420441
1.0275099602803097
1.0473600576724849
1.0404068612053639
1.0
1.0
0.9853160986946312
1.0079373083584322
1.0209685602923226
0.9832786497237755
1.1270238421342897
0.9727067879930784
0.9835454113530364
1.0
0.9083177636213202
1.0
0.9845205508476944
1.0028936216913609
1.0214761796578617
0.9991103640317638
0.8498321185751205
1.0173725681945331
1.039577467158753
0.9613587299434974
1.0
0.957121741733495
1.0
0.9754196613919417
1.0061377958459135
1.0944759837386782
1.0
0.9598925927109487
1.0
1.0
1.0024750421004356
1.0
1.030584408960869
1.0144392439929089
0.9541546010056523
1.0
0.9325642689844269
0.9828050296211126
0.9715072431138259
0.9979141612800593
0.9907297905949921
1.0
1.0
0.9875782196610112
1.0092404335518212
1.0171995692354683
0.9976531689648267
1.0
0.9737906503290743
0.9935086338390526
1.0
1.0
0.9863578579320604
1.0047518774880118
1.0192395980952513
1.0009365844480413
1.0195930580909547
0.981976419141434
1.0
0.965222856949147
1.0
0.9614095675601453
1.0
0.9784914748373392
1.01497161463519
0.9908536843895854
1.0
0.9639033334398537
1.0
1.0
1.0022275378903913
1.0
1.0289698924640733
1.041933787608997
1.0519955678035293
0.9816752509703841
0.9741479349304489
0.9874401783893711
0.9165328967834476
0.9971957242115526
0.9758203598762485
0.9740743608086992
0.9910057693719709
1.0118776976917676
1.033897294690365
1.0
1.0
0.9662160284158707
1.037532133954115
0.8361452527889615
1.0
1.0
1.0075880335183562
1.0
0.9135349784349271
0.9747888189411773
1.0
0.9864943926200942
1.0832267084548413
0.481025384257717
1.0
0.6308266296726943
1.3955036540710513
1.0442295983855123
1.0638673259817741
1.0
0.5881579931932466
1.0
0.6094591743135505
0.55054949861022
0.47974404664285064
1.1067001141267863
0.9082859310317044
0.35030151998104486
0.1669072205159483
0.0265852914454503
1.7385332872116086
0.2253619105078719
0.12157665459056921
0.7735452024087408
1.140986429388299
1.0
1.1055793520623123
0.7007304005375108
1.0
0.7837678147931122
1.1273208882267234
0.7953463733027082
0.5263096043067819
1.0
1.0
0.5927056818313048
0.67306249144678
1.0
0.46541542810067416
0.4971939198132933
0.9195270370523154
0.9287802305831914
1.0003139338434721
1.0
1.1267268435631657
0.9582380828314943
0.9472174681750412
1.0
0.8825575905773597
0.7385221115417728
0.5656200526342117
1.0
1.1161618994558786
1.3515214672067941
0.5996083565555352
0.9077411501298451
0.7134219662597099
1.3692588480692471
1.0
0.7329739992892899
1.2833969444446032
1.2183756037369111
1.043955532542089
1.0
1.0836756998422565
0.9479340599476833
1.0039240889166665
1.0
1.0
0.9786912528186642
0.9666680938870797
1.0
1.0138782612498707
1.0
0.9420224706696922
1.1147671666297123
1.0
1.0053752102754618
1.0
0.9956769169875139
0.959344925779674
0.9869860687191245
1.0659151260068542
1.02085598492192
0.963228492011786
0.9995225166206625
0.9972932050714913
0.958866688819282
1.0
0.9165209798116614
1.0
1.0
1.1307025853413188
1.0170220748292156
1.0
1.0
0.9899247375597371
0.9646012466243414
0.9703457117490775
0.9924086105749526
1.0
1.0
0.9535330628445813
1.0035316800249996
1.0
1.0
0.9774889369255062
0.9700012844983714
1.0707628141077246
1.0124904351248833
1.0
0.9592969402656948
1.003290449966741
0.9532058235514196
1.0774600693960679
1.0
0.9841713311254185
1.0
1.0051210255521026
1.0274304709809758
1.0023289512265627
0.983215201501852
1.0
1.102370187860549
1.0
1.0800137629575985
0.9908848838610815
0.9758116475375962
1.0517006950211991
1.015093235630907
0.9668578944726738
0.9116282991309861
0.9992995854657449
0.9934505534462712
1.0309509376180017
1.0153198673462933
1.0
1.0332608561588739
0.9651756931368158
0.9585329245626228
1.0031785120224992
1.0
0.9767401716827928
0.9800774374593066
1.0
0.9358334647290452
1.011241391612395
1.0
0.9636962912357996
0.9982819873252087
0.9656312481358844
1.0
1.0
0.9857541980128763
1.0
1.00735197009499
1.0249203190055347
1.0004175762540921
0.9566816826268676
0.9402439199499621
1.0
1.123412222585828
1.0
0.9302307345286165
0.9834005522859561
1.0480399490821704
1.0102697015150834
0.9701020635719804
0.998714682263798
1.0403763030659388
1.0
1.0
0.980583872163991
0.8686581238231339
0.8733111405741694
0.6601220285530705
1.124560089004877
1.2065183212117745
1.0
1.1324790145483163
1.020952143188886
1.0
0.9359336009092187
1.064922101948162
0.9897279097753895
0.9540098274346285
0.9882636017007034
0.9942962087764027
1.0
1.0
0.8695944255742836
1.0294949700195275
1.0466647380257728
0.9522026267440715
1.0
1.0
0.9897444410500915
1.0100363471201863
0.8930242981116896
1.0
0.9675130000958676
1.0
1.0
0.9504194580438874
0.998568110317283
1.0152449292084045
0.9978878520683434
1.0
0.9757624486800722
0.9941577704551472
1.0
1.011807206166921
1.0028022318123329
1.0158313941960024
0.9947419934096322
1.0
0.9386018653284278
1.0
1.0725921910458753
1.0094169577136372
0.9719972172500881
0.9825518811683098
1.0
1.073792778495469
0.8791591782749064
1.0936561614829916
0.9517838397683605
0.9906029214875129
0.9328936274327511
1.1603957353105239
0.9837787772272906
1.0
0.9687005712542316
1.0
1.0144414703316071
1.0
0.9809225193663904
1.0249046662965942
0.900793836694656
0.97076170008628
1.0
1.0
0.9792676816999979
1.1201447215817524
1.0
1.0
0.9447416787955847
1.0
1.0632597401112873
1.0067304500591048
0.8993679633788672
1.0
1.0
1.0543294184734124
0.8851352141368034
1.013509221494398
0.9980990668615091
1.0
0.9286733286982054
0.9756457599694937
0.9757675016650262
0.993092962203951
1.0241557139219788
0.9276778796019665
1.0
0.9524957213575371
1.0
0.9807688869065156
0.75384490613789
1.041301162316656
1.1154210072170088
0.9931677495174567
1.0
1.0
0.8519922293720601
0.594109825697763
1.0158437265288942
0.5659800458542774
1.3362281844387782
1.0
0.5093820412688501
1.0107593894317377
1.0055554916566258
1.0
0.5434689534134831
0.453179074365579
1.0
0.33196209003453525
0.1528750276088986
0.762460049512514
0.22125482394963814
0.10941898913151227
0.9321985284122469
1.0
0.7183764846012739
0.8481100359302651
0.9479427260597078
1.0
1.0630123048167501
0.7429615002649737
1.2890659841915237
0.6686653502384772
1.0941918661282646
1.1687913370939267
1.0
0.9039944117325458
0.8551489503779948
0.8747509421521524
1.0
1.1967427417739191
1.0
0.8199630810122382
1.0
0.8653373158571096
1.1729125705484549
1.0
1.0
1.09434824406169
0.9766206984610459
1.1223276389663042
1.0
1.2843566571947882
0.7435942942866944
0.8838889099874248
1.0026662427584707
1.1303053689895606
1.0
0.939105457656634
0.8535633850158586
1.0676336431903586
1.0
1.0321763245108428
1.1304590524868185
1.2268877864494687
0.9389786755710219
1.0
0.716362833406631
0.7974316392964358
1.2175553670311068
0.9173749972197847
1.1100948750696737
0.8346577945255511
0.6365221767775573
0.5510720096317119
1.4546079098868105
1.2258773840783626
0.823549897366286
0.5019897099434267
0.45396108566801274
1.4831466193213316
1.0
1.3860350948715237
1.103905158673756
0.9188331177918414
0.48130769130866824
1.0
0.40856497710121076
0.8031825766795828
1.0683018626548568
0.598563769434489
0.9446471574056012
1.402189019360887
0.9534725156078938
0.8522908145252623
1.085024851088635
1.2822928927475266
1.0121648930902714
1.104390087493135
0.9366192294217139
0.8352322185959542
1.0447543750334853
1.0
1.0463132222613671
1.0661664102097141
0.9893802754900696
1.004653986358055
1.0
1.0
1.0
1.0642543813062417
0.9871396090885529
1.0326950182514842
0.9999999999999991
0.9188166302078544
0.9517767239041355
1.0
1.3466121214109013
1.0553518457560997
0.98425532737292
1.0
1.0
1.0401804544454816
1.1540636034727738
1.4045028306966163
0.48151968348213536
0.5458998653586535
1.124188480244035
1.040278937530136
1.0
1.0
0.9137410472122394
1.0482985410562007
1.0289961162793615
0.9095377387936212
1.0
0.9554957351022422
0.8626038959277551
0.565313471046478
1.0
1.0
1.658343022618542
0.41206193016728854
1.3665897668130436
1.0
0.37085573715055986
0.4481205084697164
1.596691542377255
0.4491515993985544
0.6329228458319447
1.0
0.630421635912966
0.9536161942944439
1.0
0.5634776551591845
1.4965519426931726
1.0217955625883164
0.5503788933722538
0.5046383299802146
1.0
0.469664140702057
0.314053383791971
0.14924917269758842
1.0
1.0
0.027278078922303273
0.21498338491614155
0.10941898913151227
0.7526422868234146
0.913288463713803
1.0914522960385238
1.0
0.8957666432645297
1.0154301553815799
1.0172748320906049
1.0
1.0
0.9305512503925577
0.8199232013341256
1.0
1.0
0.8499112919815008
1.2130150407205598
1.1232697026174545
1.0
0.8148442327507528
0.9513388136397314
1.0
0.9606462747659883
0.726306900188181
0.5202417027877235
1.161457666231442
1.0
0.4696113785466416
1.4558393405509786
0.42265024069197743
0.9417088549040971
1.0973677243789375
0.9078253741114919
0.9559722087975278
0.9909076465768676
1.0041885877222487
0.8952555627666623
1.0
1.0387366194418162
1.0000000000000009
0.9916951500048468
0.9348548179784659
1.0037697289500231
1.0
0.9220215037062776
0.9930744300044774
1.0898478400801768
1.0000000000000009
0.9921919975157598
0.9218370813387482
0.9237211039916406
1.1386245285160879
1.0900307214109404
1.0
0.9860111168022074
0.8413693361806196
1.1953665301150993
0.9221126395774819
1.0072736407128229
1.0362510437771224
1.0
1.0463682985785177
1.1265412313429977
0.9944548665440882
0.9306287396910164
0.9558716874424391
1.0
0.8297399241490746
1.265122936773543
1.0326259393994102
1.0
1.0
1.0131932549709868
0.9976627495650243
1.0979321568606215
1.002751771012047
1.0127476988564927
0.9792697438401143
0.624336307891264
1.3887972484588076
0.9109484037812443
1.1383516706578103
0.7577617230937825
0.38947603059980107
1.0
1.0
0.42210748992720415
0.845197324055234
1.0
0.9344993600095108
0.9938509745657109
1.0
0.9167162768824593
1.0888178460084017
0.6479730648389417
0.5071298896432657
1.374193832914954
0.5870793039332804
1.167444825010139
1.3041838014499083
0.5293550018793516
1.064625400421149
1.0138852749070733
0.4904669431819011
0.9894639720286413
1.0018859708793286
0.6638038136590518
1.0
0.9033644394141032
1.3852204350171657
0.9020893962756515
1.5608965760225901
0.4501553318844804
1.308752618809602
0.8905175748257772
0.953496409764468
1.0924901413441779
1.0
0.9989455925761073
0.9709781636862589
1.06865769209311
0.9712696789020967
1.0
1.0
1.0306311689131107
1.0036329362671355
0.996785191413883
1.0134540795546894
1.0057689537249308
0.9639816900613294
0.9764190303205176
1.0507100823461446
0.8886434123657772
0.9619659966487397
1.0
1.0
0.9673957829224387
1.0064412588391907
1.0785746979231723
1.0407300416929015
0.9125922524199686
1.0
0.9398191802486631
1.0
1.0531295351525651
0.9456390741115301
0.9865972260658378
1.0
0.9795536986469884
1.0
0.9629298811351452
0.9728847462146293
1.0
0.9838616616066034
1.0
1.0644986203737279
0.9698664869627693
0.9933349006149159
0.9651428084941331
0.934898095967057
0.9903775161489925
1.0126855669717134
0.9172065488721417
1.0
1.052247994098562
1.0026092607554915
1.0126749043554248
1.0
0.9017748295526031
0.9961488496871223
1.0999377858837134
0.9879375034592535
1.0
0.9815983287822894
1.0036158251154852
1.101584896875142
0.9628471035352346
0.9657693969838652
1.0
1.0
1.154469774818784
0.5856517351847721
0.5924019686825748
1.0
0.19618080463727106
0.008696227668605783
0.21007124046782533
0.09847709021836104
0.724469713995612
0.7383799582068296
1.0
1.0581619692600306
1.2930981030314737
1.0
0.7687069045124542
0.9311048469462744
1.072124440042149
0.87131632825667
1.1388662981358522
1.0
1.2491452105853185
0.7147364572834078
1.0
0.679130761790196
1.0
0.8790461180257783
1.1452307976262333
1.0
0.8421136162241449
1.0633949509389105
1.0
1.112804319284276
1.029570961485291
1.175614434770175
1.2187074847144075
1.0
0.7821971338752984
0.8233766188374574
0.7057003804481354
0.5752665360884439
0.47455610211319055
0.9572747418515819
1.0000000000000009
1.0
0.9056045659623937
0.9220254836040365
0.8833536946074743
1.1337651478055735
1.0810276492698456
1.0
0.9715469387400484
0.8767690555740657
0.995828631469144
0.9999999999999991
1.0
1.0037513637964928
1.0093999033548542
0.9855711661842985
1.2617329596545162
1.0
1.0
0.4555043262628047
0.8831134598694028
0.9173373498284105
0.9999999999999991
1.085103635256397
0.8259876165466364
0.813346782001279
0.4267605201550708
0.4074892717576484
0.9211383438668674
1.000294815537261
1.085003792377508
0.9961676242035686
1.0862988606183226
0.6696305612487503
1.404805749020305
0.8099595466340626
1.2014756829538253
1.5479162044568548
1.348640018922282
0.40785237552431397
1.2310314084247915
1.2091289979691249
1.0985471087034266
1.1002926759014082
0.6155610635837352
0.3670671379718824
1.0
1.1409032797949115
1.4083360038152755
1.1840821105304293
1.410734778931504
1.3244596799247805
0.6792383930345842
1.0243682227697182
1.001523887355848
0.9379308812007121
1.0
0.913713267620059
1.0155473488815439
1.0961930375518047
1.0
1.0847356074612406
0.9727491185079504
1.1046782396359482
0.9452068062558627
0.8590808443276376
1.0
0.8535074408605379
0.8020103052329919
1.0906494827854303
1.0
1.0
0.8611708598399037
0.6107459253171985
0.8957287203369635
0.9615472676664236
1.0
1.0442536908432913
0.9072466577265565
0.9550445425836651
1.142335901078857
1.0
0.9620691504234502
0.8598270540470292
0.9331530344661587
0.9602845186981952
1.0
1.029363345459469
1.0
1.0
1.0118739294738894
1.0000000000000009
1.024693684744812
0.9896538223225555
0.9962457683222308
1.0
1.0
0.867159652088942
0.9263983013069588
1.0024402283481741
0.9052526121006785
1.0281023109709722
1.0070170296377992
0.9753253955528081
0.9210341975059162
0.8247235330921017
0.8521801071662773
0.3446479118388863
1.0
0.45153210399828225
0.7078102680476848
0.9489163699464376
1.2570103051100299
1.0665375366567043
1.0188569288699973
1.0
0.9488324510131134
1.057402682730885
1.0
1.0624652100449081
0.9569823640696642
1.0
1.0
0.9917736316571011
1.0260308677879202
1.0794689293115285
0.9556657479402757
1.1376901098728833
0.9854008995045609
1.0
0.9718305141288077
1.0
1.0468454453802192
0.9853207340594112
1.023765121816374
1.011968206031109
0.9974811113310533
0.9333705718253338
0.975657934139047
1.0595681377491744
1.0134116216052718
1.0908557585329213
1.0523855935016027
0.957246149221783
1.0
0.9115481821964302
1.0
0.6891405957548153
1.0513192640361373
0.6063391946270711
1.0
0.5044818867479135
1.3568938516348643
1.3414035328487577
1.0
0.6021071722884068
0.9582545748649993
1.0
0.8306107335938933
0.9897610003457737
1.0544525451547635
0.546316632163732
0.5987192868768414
0.8268800976817241
0.48082733037532055
1.525964357472446
1.1342983287208543
0.25804127546008626
1.4404630944609749
0.2322371479140779
1.40971228981708
1.0
0.5538862450716788
0.17569310140668337
0.0021823097715985007
1.3099702938024866
0.0019640787944386062
0.20290403555603964
1.0
0.09847709021836104
1.0
0.7223001688674131
0.7966288862071256
1.1192072210508233
1.0
0.8361283663876318
0.5625515057584654
1.0
1.0967894527669326
0.41591853433151016
0.6204294444260299
1.0838542792357622
0.358029863181649
0.41370096856874206
0.9290539910339062
0.9852691263610431
0.9574352048612358
0.8894372415306329
1.0
1.0
1.0809703437804954
1.0145079304899776
1.0804695636153907
1.0096526884015562
1.0722469336258804
1.0051807478450439
1.0977634275107313
0.8491111602660384
1.1685384697093637
0.6221407849685114
0.9098725913891039
0.6736654655558141
1.0251020843415022
0.7384975527440396
1.0
0.5376452303770778
1.5161192926606297
1.2669159808314134
1.0
0.9605413825954514
0.5107752106110448
1.0
1.254338074548544
1.0
0.49385811460170626
0.528250378517158
0.9581628603790344
1.0
0.5061981071975481
0.2376497779119804
1.342751445151189
1.0
0.21388480012078226
0.1577091524094114
0.013595158001641128
0.19426516405940397
1.0
0.08862938119652497
1.0
0.7270284140546242
1.0
1.2679343521418698
0.7694325903472343
1.0
0.8892582257541619
1.1402241900187473
0.8288867196914964
1.0
1.0
1.2035263311086144
1.3075106686874882
1.0
0.7136122409660519
0.8333975811307965
1.1706610465140326
1.0101856515451946
1.2280382064504067
0.864112391833654
1.0
1.0
1.0
1.0
1.0522908017854142
1.0
0.7961930761889047
0.7203795020096688
1.2129127174818901
0.8067702292726793
1.3319755014367285
1.1674554283786236
1.2074102435178826
1.0
0.6940895356336014
1.0
0.9143548221806217
1.1090904429860213
0.8459980477223468
1.1847739023188417
1.0
0.9095791349536277
0.8350539235295056
1.0535949418626291
1.0
0.7914742820698883
1.0
0.8525576207948422
0.5958922799171322
1.4636969480745812
0.5467071271909045
1.135965619541972
1.0
0.43636962534096213
1.2790729676639803
0.3927326628068659
0.589345066421977
1.117697743299276
1.0
0.8372298739517028
1.066426591032049
0.9752453111089237
1.0446291325716546
1.0987216654232235
1.119760368531824
0.9653925408997814
1.0
1.0
1.0146041385802036
1.0
1.0263791689270008
1.0
1.0
0.780443686880048
0.987047882693961
1.0
1.0
1.0106865365265003
1.0
1.021189698502587
0.9893932283596953
0.9416243078771327
1.0500383858568112
1.0
0.7535068865565329
0.3600926466726406
1.0000000000000009
0.4652362708152582
0.8891238412881268
1.0
0.948242877197571
1.1465814105221863
0.9396615826170489
0.9973121770999995
1.064577621306733
0.9562186890404174
0.9781108956265996
1.053776868300555
1.0
1.0
0.9900856936319631
1.0
1.0004935173775689
1.0
0.9888505991889769
1.049713190143529
1.0333208974109027
0.961521534299604
1.0
1.0526276832979526
0.9809343531872807
0.9510283259426018
1.0822882574641328
1.0144390158116128
1.0678507932319112
0.5696723998222559
1.0
1.430232244808285
0.7725680906448051
1.1018090663381077
0.916670821953729
0.725358462582947
1.0670319743240713
0.6539307796344742
0.47527141612156143
0.5441382622610957
1.0074071654238557
1.0
0.5427054954109103
0.6388582587746683
1.0
0.5318378459461206
0.14329775296863456
1.5187117754333737
0.12896797767177093
0.017163216840445195
0.19398425080391068
0.08862938119652497
1.0
0.7435948396751879
0.9150859307059402
0.9400218693502964
1.122593352594052
1.0
1.09679228081505
1.0470617216068732
1.0
0.7886117187709818
0.8059652500245225
1.3183305071522664
1.0
0.8423535981082502
0.5932311957804579
0.37629370509242577
0.9114031310645334
0.9865428665503426
1.0289024798026292
1.0
1.0
1.0096178828738491
1.0
1.0009521864800508
1.0608209289012578
0.5760112621070679
0.33837086966956775
1.0
0.4568474618595868
1.588837284326372
0.4619402816765863
0.9002114571593136
1.0
0.9599962547295782
1.0
1.0418309164709774
0.923497335686065
1.0
1.0029834165167184
0.9310483733960364
0.9612841276626973
1.0
0.9478718464942029
1.1469153381552175
0.9951993552701834
1.031374673940281
1.0123914829904859
0.9738681841335364
1.0308059981458078
0.9725393516332437
1.0
1.0
0.974647462715927
1.0
0.9591399192329471
1.0
1.0508271404725225
1.0
0.9678035450842559
0.9736855300776517
1.0
1.0
0.9933553856881732
1.0081302494235773
0.9977943169467123
1.093731590786434
0.9728843961045284
0.9963088682642249
1.0979482560786433
0.9114179638289777
1.0117775959085025
0.9289432622632567
1.0
1.0945682821127578
1.0091255165537971
1.0
1.1378467139618893
1.0
1.000444165639812
1.0
0.994936858284432
1.084759995067282
1.059942899545848
0.9919319878769803
1.0554232699151997
1.0
1.0
0.9502675109160261
1.1364032621584803
1.0182958296401239
0.9330047214112831
1.0
0.9909842220561718
0.989165172835107
1.0874956379978817
1.0105194965611037
0.9910700573804814
1.089703479880984
1.0294763548453014
1.0119653596337956
1.0070966561758903
0.9926011523871887
0.9752854164699185
1.0
0.9380021191472503
0.9521346273680953
1.0
0.975226843320498
1.0390770972473922
1.0
0.9982811160808023
0.9639333289321979
1.0
1.0
1.0410827659455801
1.0
0.9201049148428009
1.0
1.0
1.0461037937166262
0.9380852463097415
1.011478489288005
1.0056471057970207
0.9551491495908238
0.9278502469592205
0.9773970759893142
1.223625781304416
1.066393463020395
0.8920783327437878
1.0
0.9771827164443341
1.071242467529994
0.9632259273096517
1.0
0.968391743583596
1.0659787810443246
0.9397042492701546
1.1009148477899533
0.9908023171340652
1.0583423673116013
1.014887816094169
1.0085745526430419
0.9994340433042037
1.0
1.0
0.9808734173639095
0.9669033345786859
1.0
0.9661530473034077
0.9979800534791758
1.0140173465470852
0.9697190989654532
0.9558253091221349
1.0
0.9655080866966852
1.092703484595118
0.9525081305804415
1.0
0.983896638890716
0.9722259297516693
0.956921164631285
1.0921433809048189
0.8777041589884478
1.0592091623114444
1.0034941625439773
0.9360489360369311
1.0
0.9762839955605536
1.0220383400054613
1.0
0.9755010809349933
1.0454583502868857
1.0176014028564486
1.0197801935536424
1.0180329538909456
0.5939467256283457
0.8862518788057745
0.7088091274343835
1.016434248407645
1.4771299332327743
0.6201014799720754
1.0
1.2595501862406042
1.0
0.5740546952859757
0.4381020557020383
1.3316867858822068
1.0060238424563854
1.0
0.5183995412252624
0.4853952498572376
1.0768914902361946
0.9935550366118902
0.9713003305141141
1.0136546027475886
0.8408801184664876
1.0
1.0065277433067807
0.9655360759464937
0.9107598780866866
0.9514705505696952
1.0
1.0758742789765288
0.985475495445943
1.0
1.007512029223176
0.9458372622237965
1.0
1.013877617375253
1.008675585236091
0.9722133283279835
0.9905156914028375
0.9686285276447197
1.0
0.9807673116158915
1.0
1.059072422700063
0.9563234955127253
1.0
1.0
0.9830542486059111
1.0942136529704252
0.9964820185267014
1.0
1.0067608263008578
1.0
0.9263579369356387
0.9409927273109364
1.0050293595452802
0.8521089169486915
0.7668980252538224
0.974043564635469
0.988326975027026
0.9717656748802472
1.0
0.9247241174595038
1.0
0.9397432161111263
1.0
0.9834384959040596
1.0
1.0110662229081298
0.9605999557271199
0.9895477016976555
1.0485286396528863
1.0628132692936516
0.9285236669681689
0.9631393328800977
0.9691924572854784
1.0
1.0
0.9750817770713676
0.5953487057577656
1.4195953409111866
0.8852821044821733
1.5280388688216462
0.9749452034209458
0.6118556423230626
0.5714784711830889
0.5058806344155498
0.11778750158863804
0.029945836923372937
0.18834824715659093
0.07976644307687253
0.7508693047446844
0.7640663202490785
1.0
1.0954473746346167
1.2660856693742168
1.0
0.7607439487782628
0.9175795245703746
0.8791705729598434
1.0
1.0
0.7796396207875986
1.0
1.0
0.8984989578069964
1.2793744762955068
0.7253687250220704
1.1219314004927465
1.0
1.0
1.2580661314453003
1.03888840251747
1.1714509098925507
1.2317500271800128
1.0
0.8405515650911344
0.8503229919082109
1.1591878354845626
0.7693114545332183
0.817441357875472
0.5456027874035279
1.0
1.0992929305555617
1.4858813643046123
0.5169771679713016
0.418267189526496
0.9505008693085699
1.0610365888545719
0.9011968210764856
0.98461633631144
0.9524657156750997
0.9450345472711295
1.1258083417443174
1.0139413516797884
0.9958539908548527
0.9769771498954736
1.0
1.0943267944497794
1.012339962221839
0.5257051463662847
1.5268653682703421
0.49766578041747067
1.0
0.3902462950384198
1.0
1.0
0.441905717226887
0.7175137118952195
1.0
0.6710212371851707
1.3464488288302636
1.230260613780339
0.6569326063422025
1.4283275113899085
0.9101903114433822
1.0
0.889125636660304
0.9167047581003294
1.1581662344959867
1.0
1.0299975583924859
0.9311476021174583
1.0
0.9957899122046499
1.0518022921894508
0.8573325885317562
1.0
1.0082129648984175
1.0380275241262114
0.977292452872577
1.0
1.000024635613662
0.9964878421514207
0.9634623472542314
1.0349679091747
1.0171926516802783
1.021803343291328
1.025112841698907
0.927784973669266
1.0
0.9824968078701826
1.042672655543842
1.0160585373196147
1.0
1.0196054695873729
1.013318006327978
0.9191712802990439
1.0
0.914522363678179
0.891883548804306
0.8370558059713806
1.0
0.6723134006919791
0.6731487700381038
1.3469615193084588
1.1113821069848022
0.9280766948894934
0.9191577472511083
1.0
0.9629974833086106
1.0028606608202493
0.9765208125126028
0.9025745947382244
1.0
1.0
0.9770738982604446
0.9203706598297865
0.8447176196435064
1.0
0.9591260053539798
0.9371037059289424
1.1566066646639515
1.0
1.0932573082357333
1.0096871489247823
0.9671548608447402
0.9410191252899844
1.0682556306861608
1.0224700447303912
0.9323402360220356
1.0
1.0
1.0409459981975564
1.0
0.9852749396382858
1.0
1.0839530109138433
0.9808920523887119
0.9898644919655775
1.0442629243254622
1.066696468201381
1.0
0.9358418520774929
1.0418819418045775
1.0
1.0
1.102095243696965
1.0680877361676524
1.0054339201167775
0.9645412872892649
0.994625371470172
0.9753577527294013
1.0877908488927979
1.1053408484834915
1.0184802819809402
1.0268970613126296
0.9651384150655149
1.0
0.9867474456744567
1.0
0.9837376966377844
0.9655878668517124
0.9500146882377933
0.9889289996727548
1.0427235760832305
1.034534165500908
0.9172380746004283
1.0363386727593449
0.943271346308646
1.0
0.9208705886493913
1.0
1.0
0.9475775003941331
0.972891362865437
1.003771485081093
0.966427212511964
0.9387060467894761
1.0622982416949531
1.0
0.9815868843797313
1.0705369245305798
0.9926986095960944
0.9866010623457413
1.0
1.094806763635142
0.9896625817508076
1.0
1.0207211966879184
0.9686245735589631
1.0
0.927826843427856
1.0
1.0
0.9783064350919277
1.057593434396905
0.981922713659177
0.9640305489903209
1.1232174208358305
0.8565308433919272
1.0395478809091152
1.0327048054834096
1.0
1.0
0.9716663334084883
0.9569746088667888
0.9866175658444032
1.325520575696566
1.0
0.6723969376265915
0.611850816897209
0.49729734099325196
1.2289042670936894
1.0
0.4475676068939265
0.5712416267033458
0.9623465743411304
1.1419635252010911
0.4521922292953455
0.2472725585725497
0.10900333512211136
0.031850736544454694
1.1880323513737854
0.02866566289000927
0.1834487638431721
0.07976644307687253
1.0450808080139193
0.7325304697072088
1.0
0.8140029423593962
1.0128877781529209
1.1103340173346457
1.0
1.0
0.8794427785686878
0.8663519948722183
0.9572930187609909
1.1403809341485527
1.0
1.0
0.8102476022575651
1.1097382604434713
1.0
1.0
0.8408572077797469
1.2239739011681632
0.7967326079369812
0.5071061701268196
0.4714905575047048
0.873803199878946
1.0
1.0398283217589626
0.90050148113035
0.9131437247221825
1.1099515251147576
1.0450526120767627
0.9095387725999817
0.9966806983161245
1.0
0.8989340920693412
1.0
1.0
1.0630423519688268
1.027233909010258
1.035594800181153
1.0
0.953762384686069
1.0923068658089115
0.9939663067589137
0.9320353201630383
1.0112051312190573
1.0
0.9517166325501858
1.0
0.9185911193214
1.005792532884982
1.0039813613593118
1.0
1.0
1.0824728099039103
0.8945696760830231
0.7901908649057621
0.787027179038942
0.4373189657401273
0.4694665166937195
0.8495574404742117
1.142349611046388
1.0
0.8626596570029479
1.1551235551877959
1.534240855578532
1.276945154771834
0.40748976896056455
1.0
1.0
0.45051945039527563
0.5876172266429744
1.0
0.5489673553163588
1.025356522487872
0.9861355535233516
0.4901878492878371
0.6361197187969401
1.4846588322169119
1.1959165106088703
0.9363098502156726
1.3850986837876826
1.0551357416167315
0.4967063631383013
1.4355778687150353
0.44703572682447135
0.4317002622230657
1.4845671495839348
0.38853023600075876
0.22947528085341862
0.9999999999999996
1.530605398325397
0.21049810814216396
1.146182868018716
0.18944829732794766
1.0407974740016588
1.0
0.1705034675951529
0.9511128836596532
1.068557844873764
0.9913295660021122
1.1170440884145654
1.012289142472829
1.0
1.0024285765707521
0.9319852335593621
0.9637446453206353
0.9722732115569306
0.9373249207334702
0.9722674907968756
1.01046329488626
0.9606911459614524
1.0
1.0682868510788754
1.0521124304874325
1.0
0.9976185153243629
1.0366180096695086
0.954831207669355
1.3057900239152316
1.0489730676248188
1.0999657673596728
1.0889055391341271
1.0
0.9021857189136773
0.9923451698704584
1.063460554332818
1.0019307800542991
0.9754719056746248
0.9866708450123483
0.9834112779920128
1.0
0.9627200479610334
1.0573075769049662
0.8750458904012373
0.9408191777398107
0.9527303535372758
0.9828624261839618
1.0
0.9271281833188549
1.1188191762658244
1.0243929173224968
0.9618702686620928
0.9333635766876318
1.0
0.9902181687083518
1.0
1.0060195961900282
1.0476960452321595
1.0284393294694931
0.9899270892939427
1.0
0.9845809309284359
0.9899691906237056
1.0405067270755772
0.9992848926163322
0.9765917996083973
0.8880037605111131
1.0467116106983694
0.9646220313653071
1.0
1.0
0.9699179463223846
1.0
0.928324172219237
0.9451118064693
1.0
1.0
0.9094439165817372
1.0101872410942407
1.0024142665294962
0.9845761835655651
1.0748110496886936
1.0462972826135513
1.0
1.003050009000841
0.9551461895147746
1.0
1.065682660533251
1.0073886908755645
0.9590195994646464
1.1328596362407923
0.9681598282287762
1.0
1.0
0.9850701501928114
1.0
1.0080903929097236
1.0245881054519383
0.932312918887594
0.9631721831232811
0.7875413013611139
1.0
1.0
0.9415146196297695
1.4154594534476992
1.0
0.5946074646321495
0.9026476818926827
1.3409746195011971
1.0
0.990290651193491
1.3912817852312767
0.6103521214671241
1.0142971081515464
0.4296697277925512
0.15345312083563734
0.8837140340265872
0.13810780875207396
0.8091534114991363
0.12429702787686647
0.5975835206717113
0.03973443800324805
0.177490066748619
0.07178979876918523
0.7212979245717399
1.2845579104507134
1.0
0.7031744593867515
0.9137474139035504
1.1248627496080825
0.8338914259387487
0.950835510112821
1.0521446532549792
0.9609664244270366
0.8929160193071777
1.1224013647490665
1.0993006156011802
1.0
0.9033092378069902
1.0
0.9469301879294818
1.1774808216212964
1.2680022972494829
0.8126198176125019
1.0
0.9159468129987562
1.0871130527335442
1.095765617241149
0.7585472556234318
1.1187905237341536
0.9004299890048415
0.9054264264915819
0.8257488572908969
1.0
1.0
0.8791688771185893
0.48863417485336313
1.0
1.0
1.0
0.44572697684509954
0.5478992023757225
1.0
0.4448366889789579
0.462423664032241
0.8311930584438878
0.7366450200874795
1.2929685181269086
1.0
1.0433779732285497
1.0201125627649832
0.959839481157128
1.0013911502031299
1.0323553218236814
0.8567107835800618
1.0275543306851693
0.950040899866524
1.0
1.0466275709270247
0.9675399960389779
1.0
1.0
0.9647728094457131
1.0
0.9280944233585204
1.0
1.0
1.0353019389759384
1.0227526380641692
1.0841331741400158
0.9365323517282222
0.8992471842951568
0.9947902072148356
0.9794764090853869
0.9702130011208174
1.0
0.9693357479209848
0.999583782785967
1.009587521788922
1.0519619488825747
1.0
1.0
0.9879666749897487
1.000597310176401
0.9524192593276632
1.0360880795570289
1.0381289604538955
1.0
1.0144997408363352
0.9602427782099214
1.0
1.0
0.978227626486528
1.0
0.9572573175223971
1.0
0.8953111864933518
1.0161513902103998
0.9885490415485476
1.0
1.0
0.9334923474114243
0.9663517560628261
0.9993514502382173
0.9320273436306579
1.0
1.0
0.9869375798771367
0.9707859964350796
1.0
0.9325027754016757
1.0
0.9871422528811662
0.987340116374579
1.023204927190175
1.0315566087401278
0.9994158433137379
1.00531971559285
1.0071421859111576
1.1130652125096443
0.988175475332846
0.9759599046548297
1.1216360858106533
0.989694137393692
1.0
1.0
0.9785500682889294
0.9731917010087354
1.0
0.9867696725920334
1.0427900318153087
1.0096687208270776
0.9804048638378751
1.0790436781869088
0.9058500639872156
1.0468471152519907
1.0
1.020551626530679
0.8528465275458306
0.9696517254803654
0.8994163052143955
0.9030218654697064
1.0
0.9003972855144644
1.0
1.0
1.0980521889242896
0.909631227715991
1.2010004550975708
1.0
1.0
1.045419192534787
1.1193737162627304
0.8767390124265217
1.0
1.0
0.874536259578031
0.9350064763023394
1.0
0.9885143926375486
0.97883216322092
0.9987475137304065
0.5873743585753202
0.9585188545966439
0.5457891269146344
1.0
0.5720727288128389
0.9478237029146346
1.1990759329112661
0.5209702210215807
0.5554893452028926
0.5483571787458494
0.5271159490892714
1.0
1.0
0.5246299668614105
1.5278330298247305
0.9590919689893598
0.8631827720904237
0.776864494881381
0.4852670100261003
0.048369733286500516
0.040170529185000525
0.1705334712180142
0.6843368593177129
0.9999999999999999
0.68456541
0.9342510000000002
0.9322
1.120959627209708
1.0
1.0
0.612328689
0.6560999999999999
1.0
0.672935202782158
0.8637217252238312
1.0
1.0
0.8265684196449836
1.1820041004856474
1.1477096881188569
1.0
0.8216882929494975
1.110140631209493
0.810386990104357
0.7963255578197881
1.289588722369917
1.1814462916847859
1.0
0.7575398261116568
1.1888801309595927
1.1200193818258644
1.0466909500518593
0.8954028130032281
0.8058625317029051
1.0869497779652963
0.9312307526347592
0.9561550465682647
0.7370008258593224
0.4992538890637821
0.45594419939816255
0.5212646702773718
1.6611743502493272
0.9786793824829498
0.9380518440619312
1.0315012281290858
0.9103814858129038
1.1203594459433397
0.4819683870585205
1.1601987110200005
1.0788007385877272
0.9527260746221788
0.8372890035030132
0.4222571231666121
1.0
1.0
0.4767242974743544
0.6659699535808086
0.9041998928732173
0.6520901374692603
0.9785655744085799
0.9638393268701666
1.0
0.8958914985402258
1.4294470530762071
1.4570038625225186
1.5528274630857863
0.45162817372597086
0.8025090779613722
1.348318031535448
0.9309648708277489
0.9048405113585813
1.0400112437214197
0.9678998871572366
0.9823462791586168
1.0642065172717992
1.0
1.0542298146447102
0.9639946480617283
1.0040222736282223
1.0
1.0147908679993192
0.9340497032514952
1.006652501567718
1.0
0.9580348575275108
1.099003452242644
0.912719678922735
1.10945210411057
1.0801338471791713
1.0338000104404887
0.9497724808267023
0.9304200093964399
1.0803750749106538
0.971410920089288
0.9574891822365199
0.9111352234683077
0.5954263648964169
1.1434749099055352
0.5572098409145507
0.5174511310123657
1.0
0.6632763454740207
0.4282885507597536
0.17646265048500087
0.047549812876350295
0.049492947959285605
0.1636524999429425
0.8606825388
0.6071958200999998
0.9999999999999999
1.0342289999999998
1.0
1.0
0.8637509999999999
1.3169773429604659
1.2551328582703487
0.07178979876918523
1.0
0.7103304028814215
1.3155293921931133
1.0
0.7076979950365612
1.041751068318117
1.2817747947370624
0.9405727272125279
1.0
0.8511159724923552
0.6460400555584869
1.0
0.842187540953514
1.0
0.9028314868980178
0.9153168773548757
1.0973281876166183
1.0
1.0801652670989803
0.8220068307283412
1.1255633489954526
0.8431739715618072
1.0
0.7912519894067298
1.273908311479465
1.2197525583586994
1.0413283425699973
1.2821863491016714
0.6637946548734011
0.9114651844324246
1.0
1.0
1.0620437810793781
0.79537580331246
1.2670482352012353
1.0
0.9110209651768919
0.9286221245677577
1.0806755762445324
1.0
1.0
1.0353769833026867
0.7757081008367468
0.7132261321797699
0.46150963192432215
0.8610279009626804
0.7749251108664126
1.5846413312681094
0.4436944052692162
1.0
0.5106730851919359
0.587058799568716
1.0
0.7232910025947357
1.2432595917447848
1.3644831854075763
1.0832654387641423
1.112258745905013
1.018132157963592
1.0
1.0
1.0023518593895808
1.0
0.9571017970899867
0.9411823675102617
0.8681149157288459
0.42198979825466765
1.2223076900309744
1.4216907576054485
0.8885549416427541
1.0
0.9387733546283279
1.1054912435019588
1.0193892538974687
0.8235221981442997
0.9086601565458157
1.0
1.0939995905856765
0.9866788545979777
1.1212735301436503
0.9565357034686421
0.927311260677758
1.0056114157324156
1.0949497258408254
1.0
1.0881389411745612
1.0171832106102325
1.0
0.9749978106198789
0.9282269712643139
0.7967485118987998
1.0
0.3797908184292016
1.0
1.1705370717892682
1.3294780046276102
0.598813070373236
1.219940039001088
1.458278508534148
0.5540583746063668
0.8435304822356731
0.9309013208547885
1.0
0.9133305031534071
1.0467852363784313
1.0
0.9415017068541598
1.0631041785456645
1.0713536747483783
1.0053582576232998
1.154125391393297
1.3563057975259678
1.0
0.5018049905505446
0.8996994474784792
1.0
0.9450193627373551
0.9542105474332718
0.9703207266843226
0.8249714437648024
1.0
0.9104328303730806
1.1763576490723864
0.9151477196592488
0.985454753256743
1.0372087158533176
1.075882006215613
0.9215124367113177
0.9258724812416439
1.0
1.0
0.9194003028365838
1.1084573639964912
0.3446977593597964
0.45048604571240336
0.5566154852082281
0.836764810838333
0.9942217300722742
1.0
0.9590825720956238
1.012317135264401
1.0
1.0
1.0663105086952465
0.9893657798054196
1.0324186149646613
1.0294343249350684
1.0
1.0
0.9701971609543181
0.9599389045645506
1.0154141860427197
0.6141359495284924
1.437751069066647
1.2636716663142176
1.0
0.6502312193973285
1.0848484030064371
0.5354892301317156
1.0
0.5420308774591129
1.4874254605541637
0.9126145088122541
0.5022382295776611
1.0
1.1103240109987382
0.48403873069258374
1.0
0.4031059607322778
0.16357136672413652
0.04774412638464387
1.4765411986502097
0.772319693682955
1.0
0.15198864269018664
0.042969713746179306
0.04825752859237342
0.16320616452165915
0.06461081889226672
0.8306083807989673
0.7218773439884316
0.8617814034913778
1.139105645092826
0.852331961491668
0.9335180083810499
1.112563654378464
1.0
1.0326872330753005
1.1218853869085734
1.0010745701619594
1.1880056251376967
1.253597315263356
1.0
0.8477457818602971
0.9118183383702991
0.7214858077170163
1.0875953688549558
1.0
1.1180409637331223
1.048896046907272
0.8604505661806066
0.646717856410012
1.350662773054685
0.6602753419094451
0.5294533613317807
1.5234919748013969
0.508110825279573
0.47260662715124724
0.5395307763368855
1.1883705849357522
1.3206752177733705
1.0
0.47929904206981
0.48557769870319767
1.2518560035512838
1.0639291281659364
1.064754133035871
1.004263921713818
0.9536132591895541
0.9437747755657782
1.0950873722027765
1.0
1.156496029191219
1.0475453366831164
1.0
1.0841555965457186
0.8800865529272794
1.1286827970018152
1.288607695996033
0.446403869321232
0.9501699202113141
0.8672465790890058
1.0
0.9444846702119776
1.0093698504835995
1.0050515145339016
1.0
1.0
0.9973473299817552
1.042790803014805
1.079155232453422
1.0
1.0180324252321569
0.47089069176788456
1.1638075632642142
0.834994131971067
0.87054289466864
1.1502366561310726
0.9679843022604295
0.9219484411643499
0.9332852331174788
1.0
1.0
0.9383060089525728
0.705430674170799
0.355276587995057
0.5122438612789537
0.8198042412137587
1.0237768526188935
1.0
1.0328001080650013
1.0176626948719285
1.0
1.0134284931700028
1.0798687420938018
0.5437114097019045
1.0
0.553888134657071
0.5036996253758712
0.9085902671434605
0.5110153454476052
1.1202469011772438
0.5382823570116715
1.4580958482706006
1.0056747964123023
1.0077318822307761
0.48445412131050425
1.0085704410918206
1.0
1.0
0.9528164500042653
0.5679139272458729
1.456428785457553
1.3401286133935928
1.0
1.4198392879199115
0.6059482418446454
0.46830212065139953
0.9031709754398047
0.14108674979578595
0.04349849523079863
0.056083150298414264
0.15055478995638127
0.06461081889226672
0.7358677499387252
0.8895138276515233
1.1368956191778175
1.2963305452761613
1.0
0.689949258691346
1.0
0.9127810811159787
0.8580013735140781
0.8703900198756145
0.919846498664695
1.1013072889406175
1.081618940358613
1.0
0.8622275053727986
0.5698002097640629
1.0
1.4423256035294187
1.2577608099378974
1.1945647941502635
1.2432166166866647
0.7446839795576494
1.0
0.7769736827807368
1.0
1.0
0.753720625370681
1.1911181037496306
1.0
1.117674850202894
0.8348494514553284
0.7549842473560417
0.5385885251047533
1.0
1.3534863718157606
1.072795500405169
1.1098043052339133
1.139224155074558
0.9550458280495047
1.0726080186200786
1.0
0.9215982525398108
1.0
1.100591928893122
0.8919526098322681
0.7333446751309118
0.4862918231189646
0.4823755899778135
1.2095466359188976
0.4341380309800318
0.9512003908371369
1.0
1.0632044935952898
0.9418775860990838
0.8805219211801045
1.0
0.9922598406883303
1.106966143380502
0.9509731882391392
1.0027500784510952
1.0326768585290989
1.178553235862374
0.8385490082408253
0.8275041568111057
1.0640116286529295
1.064893050341201
1.004546363080511
1.0
1.0
1.0000805536319106
1.0
1.0464272459586663
1.0
1.0
1.058438290969443
0.3642092423068881
0.3709733153234467
0.41026027282789634
0.9256099015541821
1.0
0.9732962114322801
1.0007162807850154
1.0213991673570035
0.8355526995496447
1.2134862283819032
1.5398215113762905
1.0
0.9999999999999991
0.42321971722149243
0.5301875080679324
0.940847239336219
1.4779904449995387
1.468346372716252
0.38907569856681334
0.7840726811201089
0.5905191453751959
0.9278197995187689
1.0
1.0
0.9644060284125011
0.9350600937363716
0.991041045406547
1.04389619839794
0.9569484755227817
1.0
1.041051026372922
0.9887836385790161
0.9638165150565898
0.9431300757473737
0.9555196191111959
0.9261609275173006
0.9879409561111672
1.0
1.0853260872716275
0.9866187485786222
0.9989027333560285
1.024179990051258
1.0
0.93504415908507
1.0
1.0043586872455554
1.0
0.9884405975480925
0.9791641809201543
1.0
1.0155115343750225
0.9936435506978585
1.1210230723119405
1.032120185961702
0.989013645776252
0.9943468012200514
1.0431304454452581
1.0
0.9258884511346688
1.0465220210013957
0.9540455672022343
1.0
0.9505644798548607
1.0660969568784164
0.9884649514770496
1.0608992784358016
1.0
1.0
0.9920344487178632
1.0
0.9163298431455216
0.9229154958984269
1.0
0.9017856008557175
1.0
1.0
0.9511165034596907
0.9369459237356299
0.9372472028957315
0.9643770661823234
1.0912113993185146
0.8919882265981922
1.17463046666946
0.6208504663563552
0.5520144066198949
1.2664964087000419
1.0084671340100861
1.0
0.495730120276205
0.6330275797960434
1.125577108479706
0.8087006511657187
1.0
0.45975349717593694
0.04475696073756019
0.05414407715546066
0.15334662995871984
0.05814973700304005
0.7171724084034246
0.9073031103557891
0.9690907047435804
0.9126666995292272
1.0
0.9221525795095129
1.2352505042951947
1.1528391117876513
1.2561449216539557
0.7514971062694542
0.8244697176823728
1.0
0.7808365976559841
0.510332153965285
1.0
0.49931687092436405
0.9357420196071846
0.9327268527729373
0.9741377953492947
1.4558412979970612
0.9259798768822645
0.8394218691218285
1.0
1.0000000000000009
0.38056569412169416
0.8589624032733836
0.967997410618378
1.0036200462653992
1.0
1.0067167515245368
0.8776347348969056
1.1916150231190956
1.0
0.9521493947508093
1.0
1.0461621433398633
0.9834066070507088
1.0264420516968
1.0039536572823877
1.0
1.0
1.0524400668830767
1.0
1.0
0.8865590526461249
1.0
0.9566789836703462
0.9388246092675914
1.0
1.0
0.9910488291322004
1.0323929214415175
1.0
1.0241932122553594
0.9802847685747267
1.0652172910033544
0.9700187463040111
0.9749692345017174
1.0
1.086688011213658
0.9488496879219879
1.0
1.0179499567947916
0.8766747053908812
0.9613935883541727
0.9036982468786121
1.031286366745694
0.8871024863636832
0.9999999999999991
0.9780192100922926
0.81440108205984
0.9971009337868288
1.0547952327440306
1.0028703636825504
0.9332053856670397
1.0047598075057325
1.0
1.0
0.9516904485874198
1.0
1.0000000000000009
0.9979031473815105
0.9999999999999991
1.0198023678872952
0.9887780208175894
0.9336801469363838
0.9312277062355863
0.9853224215329313
1.0062101721932466
1.0
0.9052748649131717
0.9695813032130252
1.0
0.9338350069390335
1.0
1.1492140514533586
1.0339843530232438
1.0200813984638115
0.9983326052364596
1.0007444416061997
1.0190113343424416
0.9907247236543224
1.0
0.9143214579208614
1.0
0.9780142315609099
1.1378878271595152
1.0
0.9742155557075645
0.9999937694583512
1.0181623833484448
0.9632719909991181
0.9632516283062209
1.0
1.000803520785194
0.956846874244957
1.0
0.9472324835789276
1.017734488571005
0.9832905313738483
1.003059468021089
0.9768430381043185
0.9951832383631309
1.081588081549632
0.9493157094696274
0.9999999999999991
0.9161549611153124
1.2867057804737279
1.0274366109327069
0.928157730071125
1.263997388600811
0.907118682803441
0.9999999999999991
1.0500210822778762
1.0318981476081692
1.13759764974073
1.0000000000000009
0.8266620262713715
1.079271759661406
0.4772405259942545
0.9188110778374723
0.5633824821338491
1.0
0.5306932285491817
1.3311470531093272
1.3920689900294594
1.0020175771131692
1.0
0.9614714349448885
1.1394176169481147
1.0
1.0
1.133669892098867
1.02021351487923
1.0
0.9996197116717562
0.9657633470356926
1.0145304140977345
1.0133247360073057
1.045190649407779
0.9830569326564689
0.9637587071920759
0.9513611830909907
1.0
0.9088111681750304
1.0
0.9966524439332858
0.9994985695881455
1.034519360408921
1.007828897708019
0.9432513313620667
1.0
1.0
1.0588643867526404
1.0181921633913067
1.0
0.9656739987785938
1.0
0.9706400537418967
0.9242681055445745
1.0652734402390305
1.0
0.9609568398334334
0.986511772761081
0.9567815796672852
1.085301299184672
0.5265514936528364
1.0
0.5441886895526302
0.9294275991583394
0.5840688065272825
0.9783110789707399
1.0
1.5010281741702602
0.5094598662281893
0.3451572826004563
0.13580362041304372
0.04421305655400243
1.0
1.3464309014120435
0.04127436672394991
0.06011590654866472
0.14196039284996975
0.05814973700304005
1.0
1.0
1.0
0.6492370919818686
1.2685130636007091
0.8429401606944982
0.794319859884494
0.8469577657225607
1.1020863697523158
1.0
1.1770646157082805
1.0
0.9262147573661696
0.8269458263549936
0.9175024312909557
1.0785413724030324
0.7322159564909452
1.0544785002382682
1.0
1.0596441039048283
1.0
0.9214000295763043
1.0
0.8942907680798733
0.48506727488585355
1.0
0.5067740525857101
0.7852177989756335
0.9645143953461339
0.9399567098057311
1.0
1.0
0.8932433718086443
1.0
0.7262024441738397
1.304071430016526
1.1616040963522618
1.0314785823342376
0.9561508772603347
1.0057427564588952
1.0292618324604987
0.8511549039952886
1.0640997708217572
1.158409675968505
1.0040917267724598
1.0
1.0
1.00007249826872
1.0
1.0417845213627999
1.0
1.0
0.9368679470305743
0.9731754553489775
0.9449808354518581
1.0
0.9459610388251569
1.0
1.0
0.8983143827109163
0.6630646124748054
1.0
0.4102459351527088
0.3905188274099727
0.7370486907843619
1.0
0.6541060541268067
0.6070442339204636
1.0
0.5360307863469913
0.623493033771628
0.4900355412234969
1.0077133969826377
1.0
1.0
0.9721946152512455
0.840542914916707
0.1307720006995341
0.041710657591503164
1.0
0.8931044597003477
1.1962059862696872
0.03125770418911511
0.14382694066315205
0.05233476330273601
0.6156338849864884
1.0
0.816829342734426
0.9748065968202901
1.0
0.8022928807754983
0.5107922110801724
1.0
0.49228198053407546
0.9403587322081606
1.0816133737914129
0.3972544423477711
0.7144550886943755
0.3656245268957141
0.5213975811785758
0.9439726416591565
0.5913806165445523
0.9787652506819411
1.0334507230404029
0.5039170853671466
1.0076204206090775
1.0
0.925067405603401
1.4682184957242326
0.5464614462808424
0.46268528499629547
1.0213943653146726
0.9383937199661965
0.33729911645166855
1.246595693150617
2.128667226516293
0.12517213049839393
0.017884320372328233
0.2041039855480129
0.05233476330273601
1.0
0.6287995963579842
0.7552295822605011
1.174088086900392
0.8581058751081923
0.8750518039774668
1.1575070420120515
1.0
0.9395786602535292
1.091614936882344
0.9134818697945697
0.9190794479560704
1.0
0.9597960801401868
1.0
1.1146360170677987
1.1007966686824329
1.284850092800026
1.3481315628161443
0.5916919070470641
1.0
1.225575909075154
0.5902787456993401
0.8503662378659342
1.4563366982670871
0.8480197885988403
1.0
0.9426255457006985
0.8922218231772732
1.119934919038439
1.0955050565773181
1.0
0.7815822055891353
0.7456226135853594
1.3112652242852487
0.9382470077641134
1.0
0.8332804186046534
1.0
0.8828528924604129
1.1490306502144403
1.0
1.0
1.1132520822292626
1.0083914253021167
0.7080126418914379
1.2303192412178152
0.7731428138059648
0.48548132628925167
1.0
0.7181569341705742
0.8394365529197465
1.023945811826847
0.9611100651801916
1.0080946640590547
1.0114511396139783
0.7785973868781255
1.0
0.6967581512273249
1.0
1.2898246966500988
1.2068005341885826
0.9357994301518424
0.988165764340394
0.7945896519901225
1.073530761336432
1.0434265866955261
1.0036825540952137
1.0
1.0
1.0000652484418477
1.0671922712466806
1.0376060692265199
1.0
1.0
0.9404986978624148
0.9952199880033206
1.0968515667417993
0.42897450698243134
0.33830468102155997
1.0
1.0
0.35279102960629505
1.5093693131046741
0.31751192664566563
0.9499684866345746
0.8944183537615702
0.9164068145230981
1.0000000000000009
0.8599036876187629
0.9848245742658364
0.9892824223845595
1.0042838267551586
1.0
1.0
0.9565214037286776
0.9832682334294685
0.9334349028663045
0.8518193777172733
1.0
1.1613988858497697
0.9874111965989627
0.9663366571124143
1.0
0.9726231728917227
1.0000000000000009
0.9404515062451297
1.0
1.0
1.0325940575673016
1.0179065191410759
0.9985737888734327
1.0025711308798249
0.9915031045260774
1.0325627800668506
0.9981893691526391
0.918758103341327
1.0000000000000009
1.133126551200899
1.0072760345359466
1.0532079247382615
0.9852674250385736
0.9870938671022538
1.0059737092097514
1.0000000000000009
0.9940015911207691
1.024099044443564
1.0912885146603433
1.0626764034626035
1.0
0.9920666758476955
0.9622113511497163
0.979158734293887
1.0000000000000009
1.0000000000000009
0.9853037426503075
0.9697029914011726
1.0
1.0
0.9089678260323293
0.9712788353457773
1.0189374281686066
0.960524135552804
0.9268822930071936
1.0
0.877964696923426
0.9669447918992056
1.0
1.0
1.0097457759467074
0.9445126128037549
1.0
1.0
0.9087711983520368
1.0
1.015973246114311
0.9989735230740742
1.0014643282444498
0.9954971198109073
1.0
1.0308179914652413
0.9999999999999991
0.9850671577810282
0.9494295497200449
0.9192567371210432
1.0
0.9341940637064736
1.0
0.8764118557238056
1.011869223556178
1.0074960428813213
0.9854500692449406
0.9669611896511601
1.0687770326332808
0.9532436290285622
0.9823702662580027
1.0282921941775696
1.0633321548374735
1.0038237226817825
1.0683608443416306
0.9992871942772528
1.042468097821426
1.0238378847666567
0.9501488750620295
1.0000000000000009
0.9242880426337443
1.0
1.0
1.045478855842589
1.040947955287578
0.8446890779397931
0.9568498272292469
0.8733460524328702
1.248246436421014
0.4710174589716969
0.5738963442875527
0.9728488709978835
1.0
0.46639849680157575
1.0
0.4905874928062133
1.0
0.48578709960164357
0.5215106821625941
0.44349086466888465
0.11086648541132149
0.011960807666655082
0.13467772292711055
0.04710128697246241
0.5911905368520411
1.0
0.9040296180343148
1.1354306945847217
1.0
0.9209343889353026
0.7596234502349315
1.0
1.0
1.2160173235313803
1.3062698423015338
1.0
1.0
0.6365933942285587
0.8632178097389556
1.0
0.9149931327633904
1.1174919327923263
1.0859545509195865
1.0
0.832805063347136
1.1956643963804048
0.87689602876506
1.0
1.0
0.9290844867246939
0.9352430127662839
1.0
0.8687737195117435
0.8647104832513719
0.4989919852644711
1.5431720598467358
1.2686143895337931
0.7339817503394439
1.1341275851929957
1.0
1.0
0.8281386334526815
0.4612656588167834
1.1421443339059145
1.1163759975888183
0.4652739622844262
0.9544841963664847
1.056074931345293
0.41783702679391865
1.0
0.6091791117227814
1.0
0.3215790654326449
0.7564230638798621
0.6590403630881889
1.0018158194018518
1.0
0.9792660531452118
1.0036376506695106
1.0
1.0
0.996014141978093
1.0817898582872072
1.023264231704566
0.9891988525858944
0.9596953335308758
1.0
0.9402398444708231
1.0
1.0
1.0438317319961898
0.9462158600237407
1.0
1.0
0.9394485587965713
1.0852734716720978
1.0
1.0
0.9635123331261974
0.986248500680392
0.9577811785186814
0.9686371666468245
0.9661577306249631
1.0
1.0574766764217065
0.9047553680109273
0.991258402650077
1.0547971644165068
0.9561270893730214
1.0
1.017930051357527
1.0
0.9517290087795356
0.913405671474842
0.9498003579608518
1.0
1.0
0.9390099523026896
0.9676081448796543
0.9817032128976413
1.0510858064684276
1.0449301569121578
0.9207602381148741
1.0161370462217736
1.0
0.8565561079015822
1.05824802811233
1.0573985929865604
0.9625189547819675
1.0164709224610453
0.9438426281091505
1.0071252587218513
1.0
1.0
0.9106907183787349
0.9736108724584867
0.9566835638777231
0.8286842143033866
1.0
0.9087695081661762
0.7951513841459192
0.987367910863906
0.9515942740213665
1.0
1.0767934785444648
0.8945029747667999
1.2184201227219198
1.0163515548230855
1.0
1.0423721936521444
0.8708473303916886
1.0
1.051094948920892
1.3373044996827952
1.0
1.1192592506213037
1.0000000000000009
0.9902670263167934
1.1183101403097195
0.5165533413294643
1.0035222134986164
1.0835128507036007
1.5414820549019428
1.3981062631668566
1.0
0.3485996761012924
0.8808264004553408
1.0
1.0203086152625422
1.0030713377160865
1.0424272155034053
0.7466847938006937
0.642633897451808
0.5974385805897313
1.4532454306780158
1.1181099493326787
1.0
1.0
0.9550453008200295
0.5703752218993179
0.942426196926629
1.0
1.4784517339614016
0.5478895135182604
0.5280664358851164
1.0062997725530174
0.49173488337710314
1.519108483680876
0.9928742546562743
0.4804909910109538
0.34525262227177844
1.0
1.1460405309645667
0.4845918281229249
1.0
0.41022842674312887
0.7563098247066438
0.004575926054952273
1.070017511814413
0.004118333449457001
1.0
0.12592007933164573
0.957608841724784
0.04239115827521611
0.92164053243315
0.6830141323512304
0.8632222069680999
1.0162974399396116
1.0476500787816452
1.1187843590850441
0.7567640093950647
0.8153984015233693
1.2114986942930042
1.0
1.0
0.9319686814742241
0.7588625893100822
1.1494425397063992
0.843222783833534
1.1976133158682742
0.8449491482058935
0.9229392501900726
0.5023013219225891
0.5998138445250731
1.427238359878034
1.0
0.9231915026853876
1.0
1.4929467053512404
0.512052574182837
0.39100941036526216
0.857887478810456
1.071847563445255
0.42596052406283924
1.1926328394937453
1.0
0.790070744869297
0.4126899587027246
0.682609177704518
0.43178535111114247
1.0
1.4626834186072264
0.4412604296110487
0.5459072057549461
0.5333262856649705
0.44079823137216145
1.0
0.9261689227648757
0.4669539196840482
0.09644114113530478
0.022083347682418708
1.037396072711974
0.9727789840110281
1.6484204378305587
1.0
0.0973595903343849
0.1184024050407495
0.04710128697246241
0.7098355023495682
1.0
0.8690909966504634
1.1637875596188696
0.8855309678658365
1.1418180613176325
1.2326935058055177
0.7284641993530379
1.2756428580713806
1.0
0.7299924318168607
0.7855766616714419
1.1102988673504477
1.0
0.8006533291019711
1.0
0.8417187114896549
1.2180136526277696
1.0
1.1328754355652588
0.7070189955042974
0.935635977449758
0.8762657019593441
1.1308908835846392
1.0
1.0392806391358338
1.139669026035227
1.1822705751602705
0.7831820652248709
1.008177913664447
1.2001932093925163
0.7451235094746913
1.1845750160021247
1.0
1.0025414314499823
1.5867124882881445
0.8512261981954481
0.4999482578010799
0.41460312336440275
0.43345727170824233
1.0
0.40228730587685213
1.0
1.0
0.3335614307662471
0.8927437604098065
0.8954153050085587
1.0
0.9247661330707881
1.0
0.9898710683538487
1.0281476126669276
0.8612479241001756
0.9050092340503619
1.0
1.281140107280808
1.4190078831425588
0.30325491620023115
0.7362797041658062
0.6559444067428668
1.0806000057306893
1.1949781072534682
0.5071270379314763
1.0
0.5384354224496137
1.4837524752113778
0.9298523218534465
0.5197586471214182
1.0
0.47077747215961185
0.6154620309740366
0.9900870442832383
0.942010295319557
1.0542011791585013
0.9237806022652295
0.9950229442688929
1.0268055484129421
1.0087871712250012
1.0
1.0
0.9590294452177917
0.9038695069235825
0.08703675377863185
1.5239364433503368
0.8480647619013224
1.5247149030780829
0.5062723602752435
0.7942455490645166
0.4470449013077218
0.11387866115193557
0.07783916896143195
0.1175671872260029
0.038152042447694545
1.0
1.0
0.7658527089329255
1.0
0.8311552927454962
1.0
0.9493220398844588
0.875448434597077
1.0
0.9262797855247964
0.8336518069723162
1.1178017952261747
1.0
1.1962122873649932
1.0
1.0
0.8418364592640142
0.8503231873337374
1.0
0.842627408234744
0.4914137443574127
0.3736523478671572
0.8933916234629109
1.0
1.0
0.9017246810004522
0.8786526505421826
0.9658085250680788
0.9228263977318498
1.0
0.9487458348339608
1.039452183435495
1.0033142986856927
1.0
1.0
1.0067779507223307
1.0
1.1050971087053227
1.0579412871418175
0.772098730929411
1.0506045866778368
0.43459767976008123
0.4620585752891664
1.0
0.3012727681806471
0.4779456504741608
1.4058257465237514
0.6782164507770183
1.107333325559173
0.9095540307271479
0.8489896252299811
0.9393206550561848
0.9399489966309273
0.9666374399455462
1.0
1.0
0.9837436675253928
0.9727326922610553
1.0
0.9782329720679721
1.0
0.922976852389402
1.0142732738102884
0.9992226035911118
0.9014346553220021
1.0
1.0
1.0
0.9996575559257268
1.014173409424206
0.9894438087641992
1.0
1.0277361923187183
1.0000000000000009
0.9815033969749285
0.9464122684601453
0.8904994278877796
0.9341805019185774
1.0
1.095947407829816
1.0
0.9538184253691568
1.0
1.0
0.799221520848624
1.038833798812556
0.9708740519203181
1.0
0.9916407156655174
1.0215065925573201
0.966366932828028
1.0
0.9974275238361852
0.983601181285561
0.9905227589736887
1.0842499995341992
1.006109460171679
1.1224869418596368
1.0180209840387944
0.9919746149327242
1.0
0.9737866467282856
1.0
0.9355269269475697
0.9749149420450243
0.9597003697479121
0.9494833301550649
1.0038554440796421
1.0
1.0
0.9608692633558098
1.0
1.0
0.9915444082059359
0.9076596961283085
1.012138197855073
1.0225979522598987
0.9782849003731515
1.0219370943459571
0.937111476223123
1.0
1.044385857632805
0.8860749326300379
1.0
0.8976225330886214
1.0
1.084257465913093
0.987547705513018
0.9699736959509915
0.9826425699989612
0.9754594230349491
1.0
1.0
1.0
1.0048138546316068
1.2007625304535683
1.0159926265843922
0.9697302395452247
1.0
0.9960448895811238
0.984293339054374
0.9795078389944258
1.034349356708839
1.0154163471281876
0.9927771534394516
1.0
0.9211362925587867
0.9764079820554565
1.0
1.011918805053515
1.0
0.9953487612739451
1.0771470086949932
1.0
1.02149678531089
0.9987143117095547
1.0
1.0592738690970496
0.9256507930946913
0.8789396084059584
1.0
1.0
0.9549205415475219
1.0034698996716775
1.0
1.0
0.9647823370202282
1.0
1.0
0.8944105062385086
1.0
1.0439678511301498
1.0066356873508395
0.8656240550951928
0.9033494195475482
0.6075848413832619
1.403574049714515
1.0
1.229164005200582
0.4301510854267443
0.9251425980467385
0.5704203686250571
1.0
0.5410795729947333
1.3901514925592515
1.0802612975102575
1.49069893628573
0.5477799521977618
0.4687135987404485
1.0019210308513866
0.5473944961915196
1.69128533561992
0.9857157514289581
0.426427270789822
1.290500450564796
1.0
0.5268996736001519
1.4705113616391046
0.9496533967281078
1.5546307363279173
1.0
1.3962847395992926
1.0
1.0277648322407682
1.4197318825434815
0.9898232425283986
1.0
0.9886414722547201
1.0504702415128007
1.131701022560681
1.0
0.9541077962925808
1.0654750388131529
1.0004720333458188
1.2004104744631068
1.118482543860738
0.9610962751553815
1.0
0.9588667773314956
1.0032869099072563
0.924799143497351
1.0
1.0647396500085557
1.0104731320497073
1.0
1.0147163993407764
1.0
1.0
0.9467694279754983
0.983762597352519
1.0
0.9736203297904638
0.573750491729518
0.5136748251098027
1.0
1.3139763925263335
1.0
0.4903435828034315
0.48319644578191756
1.386536064443833
0.4348768012037256
0.4742097062401367
0.4855054092831077
1.0
0.4137282772921429
0.09470687814059886
0.06799947390072791
0.11127229323392074
0.04239115827521611
0.6046988823674511
1.0
1.1320155960590892
1.1834001154824918
0.7743968535837276
1.029797169992424
1.0204751950417954
0.7150372905864604
1.1778976939245283
1.1060216157035576
1.0
1.1003849502940657
1.0902897915591634
0.8288533181379165
1.0650601039342433
0.7860219593350095
1.232680553293772
1.0
1.3461936224148676
1.0113579830898018
1.0
0.7041286774354241
0.7336060711864256
0.8090355692579969
0.451973439184691
1.0
0.42258307138807893
0.4158222604590982
1.1622589964545735
1.1303060727142853
0.9920471000247151
0.9040524611166187
1.0
0.8581055618222884
0.9150195865034956
1.1142430896689888
0.9615103123344557
1.0061001556500972
1.0
1.100381526548972
1.0293570315205773
0.7442832089070919
0.9569028088914866
1.0
0.8538712513505651
1.0140875963566884
1.101920048181631
0.9873264238185371
1.0
1.0
1.0498220314372535
0.9688081531053676
0.8306633819315774
0.838767254369241
0.4205576165636291
1.721672358151892
1.0
0.38383542761417644
1.1668336631082799
0.3290268952925146
1.1253869151951932
1.1320059905236626
0.466406132648272
0.6364905424189207
0.4660013051956655
0.4269399958892439
1.470142447149108
0.3842459963003195
1.3364672396011494
1.3414933740924084
0.47543421143197584
1.014180059879079
1.227764833801718
1.0401574474829394
1.0
1.4031698154028405
1.0
0.9014808576024675
1.1489240925989517
0.6802608894214588
0.443576968667843
1.0
0.34582139667028766
0.364031968076195
1.0562265596394482
0.10116024034140647
0.07843624293646645
1.055254187161534
0.10962567274817214
0.0343368382029251
0.7781113333174972
0.9702953377387118
1.040860766983423
1.0
1.273244480147019
0.6738161263871625
1.0
0.941374351094808
0.9992963950945573
0.8652908686003631
1.0
0.8966299791567227
0.8180245474815102
1.1954238918323146
1.0821037808196508
0.9577152121190231
0.8619436909071201
0.8581929071499275
1.3054001506827433
0.7086978145768441
0.5067760952662219
1.5898684458953394
0.4252261333227523
1.0
0.5223715007618797
0.4762008476848596
0.5122855479610386
0.3513490737271763
0.7211281382552333
1.096599993003255
1.0
1.070298206330806
1.0
0.9042882835422787
0.9550486099131446
0.9485177533902247
0.968914547310634
1.0
0.9612019220502077
1.0
1.018166647071224
0.9826501197704323
0.9859990598627899
1.0688025207637333
1.005532775702787
0.8974674393670341
1.0
0.9375422002742839
1.0241769587943743
0.8693965915404283
0.9833780858025447
0.752543891763219
0.61677728334789
0.49902090701676727
1.0454876422510289
0.3476424538108782
0.33906873664389714
1.0934723103100197
0.1073942347795751
1.0
1.0
0.15559771590341676
0.10438417973805025
0.038152042447694545
0.8447361263091686
0.8396412374356004
0.6904535494625819
1.1707100861024315
1.0780351783810396
1.0710646670120951
0.9463196087400672
1.0
0.8707677786985464
0.855764481916589
1.156055391102349
1.0
1.2426727883877557
0.8269683117085744
0.7807102883945714
0.41357587240732485
1.0
0.4160144068552807
0.7318848459126599
1.0650580631799542
0.966109769430517
0.8314737691753447
0.8495949197238826
1.509628566785885
0.44284584929016013
1.1570813782142224
0.9873834409636721
1.0145988849026502
1.1623600974026278
0.9472288915256009
0.9834398785180731
1.0224793617998706
1.0632245678652659
1.1921213415410783
1.0
0.9214109530489178
1.0
0.7792390442083494
1.3629118494432166
0.913647215004957
1.0
0.8977087130459882
0.8849022714000601
1.0
1.0
0.9282958217786774
1.0
1.0303316496955137
1.039259077755272
1.041695155002273
0.9526461694049999
0.8537410342922822
0.9906589325745827
1.0
1.0
1.0
1.0292001796685977
0.9491758905533985
0.9508499902248477
1.0046388809653148
1.0
1.0
1.0337116837937987
1.0420466369707118
1.0
1.046409752320443
0.4131648808179982
1.2752189508611877
1.571467089999837
0.4476014507610184
0.858385674278626
0.7798828692695423
1.0
1.222895478763018
1.0646025698088
0.3718483927361991
1.0
0.38342594168909905
0.34055818131553117
1.4063563770256255
1.0
0.9267218378211162
1.0
0.30650236318397894
0.5231577091841633
0.8608650515552849
1.363216644743063
1.086939993702929
1.0
0.9606438343518819
0.8902854435654994
0.9729763263558917
1.0
1.0
0.9597754773599378
1.0031229097045093
0.9942794059528834
0.9750122016226417
1.0461468735802466
0.908563444684094
1.0
0.9277827784372565
1.0
1.0
1.0613803370259367
0.9396813571819411
1.0336348305491025
0.9720230925795699
1.0
1.038643953979495
0.9415321862222221
0.9544066114457133
0.9819242553025589
1.0985902476875111
1.0
0.9722259746369559
1.0000000000000009
0.9521827475768472
0.9505121542158106
1.050137090135994
1.0130710547250716
0.9973261266816209
1.022058874344081
0.9987371644349796
0.9838147890483793
0.9961423462857848
0.991045647565362
1.0
1.060850645165809
0.9641102205943959
0.9854225429722145
0.9218367164974168
0.9122316872576102
1.0
1.0
1.068304103318205
0.9210085185318491
1.0
1.0
0.9614736929863845
1.0
1.0
0.9988314219120635
1.0870178705734155
0.9007581063510184
0.9077206954303305
1.0186803719109419
0.9761107002244076
0.9748207833216123
1.0
1.0289327772037664
0.8583765411881119
1.0729918858514047
0.9800857665640113
0.9963967855124807
0.8646927693838515
1.0185986276544323
1.2237855680174636
1.0984158133306572
0.9463082479505527
0.9421257888271093
0.825835560110316
1.0
0.6382405241715485
0.9908409182755582
1.0
0.915339859096485
0.9948243491805284
1.0039327684501789
1.0
1.0758279445235237
0.7692221422025947
1.0459450397395358
1.0479106291661013
0.9679141515498753
0.9545779725357857
1.0
1.2730959474607149
0.9645120949267803
1.0
0.9889130645204105
0.9602030650182023
0.8450204163304287
1.1027439169902022
1.0649866476398424
0.9633087905890712
1.0132447594066987
1.0
0.9504687449132003
0.9853863376172667
1.0
0.8537128856609328
0.995311074319158
0.5918601172927298
1.4157899969573222
1.077145406623071
1.0
0.5048153992348832
0.9798022684886725
1.3257468947408109
1.0448247715423822
0.4962178822740526
0.4779650409331895
0.34678508209418
0.3421346030941521
1.1307250042421266
0.8770888499073557
1.665636065162433
0.990204883726725
1.0
0.4305761801861383
0.9852793693868698
0.9234458074608884
0.9389856120715407
1.0
1.0463108210390715
0.9031170221083844
0.9510356483914544
1.0661454018882566
0.8726294308595239
1.0008663401620774
1.06575856891207
1.0071478118817465
1.0094099436377668
1.0006304582331031
0.9917448577175572
1.0416675543521956
1.0
0.9505057068365481
1.0
0.959631570563297
1.0
0.9408856055200747
1.0
1.0025517817344731
0.9764036031422609
0.9921419446603448
0.9713438454058982
1.0
1.0
0.9865631351735296
1.0
0.9595308616994309
1.0
1.0
0.9416797389351643
0.9961383605576852
1.0389132762301667
1.007355563037077
0.9591827120208629
1.0
0.9869147816605848
1.067703184928841
1.0085319950973002
0.9997418981815489
0.9944251844061212
1.0
0.9023119429749
1.0375007989169758
1.0
0.9991722134249095
0.9504146262765341
1.0017987953167022
0.9299863701772564
1.0
1.0
0.9300309732844267
1.0016009454126138
0.9900621347349006
0.9742094608653078
1.0
1.0
0.9879068216561766
1.0
1.0316529531351541
1.0949370892348025
0.9369877331595307
1.0
1.0752110215237085
0.893185580765044
1.0025382779354564
0.9632644408187758
1.0
0.9949936219874109
1.0
1.0076529854057243
0.9518418495296892
1.0631353764353788
1.0659384005923487
1.0
1.0
0.9848980895416997
0.9202401053569407
1.0839779445919184
0.8355928004607298
0.9309048364655954
1.0523405974338047
1.0
0.9999369638752515
1.0441450690539753
1.0010446888321063
1.033750719025278
0.96028976005993
1.0
0.9516950042693946
1.0
0.9060428958121278
0.957124853862763
0.8610192681964817
1.007908454102501
1.0
1.0
1.127378634294562
0.49317190117939447
0.40040918514859314
0.14981884229067388
0.13050166580361067
0.1020967892936473
0.03090315438263258
1.0
1.0992508484596062
0.641218852324867
1.3852169892258495
0.7128561211287003
1.2672305555782604
1.0
0.6423126285159597
1.0
0.8082983679483728
1.193213727763819
0.8827028680063176
1.0
1.2584512566246229
1.2848625959461302
1.0
0.9331183064700053
0.6415705090158301
0.840442933143354
1.0
0.9298920794545236
1.0771198601528091
1.0
0.8863709682295475
1.005466026671641
1.1853020780118797
1.0
0.8247224686382992
0.6852247279815877
1.3506253589043098
0.9516876478660592
1.0
0.7916850038704712
1.0
0.819882292925298
0.48523819812118774
1.0
1.0
1.0
0.42653920006226365
0.9222824935044613
1.0
0.896428068881395
1.0378419732736397
1.0
1.0202701044438172
0.39536599959695273
0.4097894019701389
0.3236209257300313
0.7563278746475248
1.2482190974064427
0.5569284434212767
0.8916745734258082
0.5351395425255365
1.0
0.46337089361680217
1.0
1.2090040951698402
1.0361417027346453
1.0
0.9245347305563474
0.4371545953165823
0.9468576960960569
0.4580916829118866
0.9690631049189395
1.3185066940200993
1.0
1.3553413585793592
0.9388352224614529
0.4826865374494842
0.43605854143479306
0.4716421101224446
0.9559435714328632
1.0
0.015261917276935044
0.12178679148124516
0.1165493597589089
0.09776096600901463
0.0343368382029251
0.6733562283412287
0.8467899039299169
1.1579352333932178
1.0
0.7340722225765415
0.7791355616498823
1.1614425953302927
1.1355820165389492
1.0588405775838066
1.0
1.0
1.1066924126511513
0.9415803015438158
1.0158271968609718
0.8107726945726288
0.6833418352864893
0.4367143783090697
1.580673081788678
1.240449851992114
1.0
1.0
0.7582785482738839
0.43119815603011524
0.44602595310655246
0.783289507987055
1.034863752061236
0.3951269535028832
1.0
1.197580338847919
0.8029965261189016
0.49753550796255297
0.8841999508364573
1.6680180919972454
0.35141900354987143
0.6379700305112515
0.5904030564217306
1.0
1.480810418239355
1.3924425771441786
1.0
0.3030946175706575
0.7125158537873348
1.19868205013697
1.3168921765825203
0.27698420287397774
0.9167949432073543
1.1226533443057756
0.48449506981565804
1.4039809617941517
0.6412642684086016
0.6735005635819498
1.0065791204625398
0.9318936621496778
0.9302625678928003
1.0139487329030272
0.9604216917606303
0.9788315925688451
1.0610428654379147
1.067974228893366
0.9991818931437448
1.0300028346877186
0.9386311843938238
0.9125538596127241
0.974220317175555
1.0
1.0234728000120397
0.9457874776908595
1.0
0.8941502482557828
0.9873207159292114
1.0
0.9665805336484663
0.9591201752822069
1.0
0.9680608854341015
1.0
0.9767982854579991
1.0
0.9245474095611081
1.0
1.012947280144247
1.0068528416304998
0.9885886443362901
1.0
0.9658344978118416
0.9507636101792123
1.0
1.0
0.9712547968906904
0.9999999999999991
1.0110514034806632
0.9921707671658311
1.0246207886510268
1.0
0.9539605041836063
0.9868477038555401
1.0
0.9743916160647697
0.9899640826155496
0.5121314723284192
1.5347362086354792
0.821932753531482
0.9421808215868381
0.4868949104387825
0.42113158551763075
0.3463200341941768
0.38182182542878795
0.02591440469736561
0.09795317635722967
0.09558688431799345
0.09497742580254576
0.027812838944369367
1.0
0.6915400290625104
1.0
1.28226736013141
0.9377737930776231
0.6883803734827474
0.7630652758843386
1.2392539465330117
0.8002582965986864
1.3550014833829476
1.1893843606714842
0.6864617786767138
0.8474222713894335
0.898280474073756
1.0532123233043365
0.9565188830794522
0.9537288956282062
0.6834306075452101
1.3586150365793763
1.1421417100538953
1.0
1.3457020999651625
0.9022365536588843
1.0
0.6958488637229063
0.7347164514282802
1.0
0.7255705090495077
0.4326809357377588
0.4315109340958294
0.9234449946758847
1.0013005117241303
0.9719465723188598
0.9337243002285422
1.083992903691767
1.0168198125949974
1.1006059308867169
1.039502685479972
1.0
0.9665345541044097
1.0506566994794575
1.0
1.0041749928687835
0.9420938095779547
1.0
0.8571849744027507
1.0
0.9151378313354979
1.0858309035907947
1.1211718699788324
1.0035526892368143
0.8018945823425874
1.1403141940687043
0.8075923246582537
0.43808198829047384
0.337183577081273
1.2215091017715078
1.0
1.549781345669878
1.296687837671275
0.45561425815259504
1.0
1.2453674559641783
1.5505593175756331
1.0
0.4366012151850214
0.808910825736346
0.9702727136659064
0.8992173870281661
1.0
1.0
1.1062884872059353
1.0
0.9749467686419138
0.9515807086378274
1.0037574935819045
1.0
1.0
0.9402602770573445
0.8714664769624747
1.0
1.0
0.9322071385610275
1.0830099489580434
1.0
1.0298026233287843
1.0
0.9027284681860674
1.0909266746845923
0.8498650805248538
0.7611188099591573
1.3363035291167193
1.0
1.1379806818229667
0.9048287061342233
0.6945294100255612
0.4279921471695527
0.3034652193731464
0.5110298690250676
1.0
0.4803185779466679
1.6139212221828556
0.7397394781783335
1.3268949802687562
1.2015473827838044
0.6511652455433241
0.7533138404807165
1.0
0.4590618374335653
1.0450136350358497
0.3269170775365424
1.2670736218365377
0.9323283615832771
1.0
0.409315711219536
1.0
0.43443463763151424
0.8603492142895766
0.033118281863352195
1.0233043811047482
1.5329304433113204
1.0
1.1406966509490575
0.31717850556398286
0.3495429115419819
0.02980645367701662
0.07859917028970731
0.08555963875031702
0.09141855322840553
0.03090315438263258
0.6245388655868567
0.866372669398535
0.7509490504486269
1.051252287537757
1.0
1.0740577346412028
1.1909629155094663
0.8157530644524424
1.0
0.9164772304525819
0.4627627659299307
1.0
1.5466507588090206
1.2264072467242197
1.089997620068683
0.8302953746800181
0.42994778049907545
0.4042572423905604
0.48323708336596916
0.5320125378684768
1.0
0.27690039726187266
0.9373807833171952
1.0000000000000009
0.919893480869618
1.0
0.911150720581551
1.0920236145900715
1.139117321690736
1.0
0.9592658060952397
1.0497090354709773
1.102118687521278
0.7086145452120958
1.0
0.6416918947156764
0.9991105746312545
1.0024640142069012
0.8993543185263588
1.0
1.0
0.9428025580601744
1.0000000000000009
1.0652445205446375
1.0
1.0208656696583285
0.9360234519157133
1.0164003339148078
0.9791184569121985
1.0
0.932092668604998
1.0000000000000009
1.0123378362928728
1.0050264219010803
0.9897297799026603
1.0
0.9643274090485772
0.95568724916129
0.9999999999999991
0.9999999999999991
0.9333418051398708
0.9580104738864978
1.0872772096814458
0.9741293172016228
0.9601185242451624
1.0000000000000009
0.8861086900085438
1.051315199850574
0.9960371907242953
1.0
1.0637163042277917
1.0
0.985998369136734
1.0759624204334637
0.8767163854814601
1.0000000000000009
1.00916333984918
0.9945795157408259
0.9881629334699857
1.0
0.9863721553106632
0.6779824564326447
0.4730491252266127
0.578283268323557
0.9452932681241224
0.5624551740845183
0.034685725338285955
0.06218328938570483
2.4471465785747446
0.05596496044713417
0.06797448943090778
0.08826096711672826
0.025031555049932486
0.6323025018394013
1.311131889968646
0.9120128982929963
1.1791883915363037
1.0
0.591285961729902
1.0
0.7774983825356934
1.0
1.0
0.8720337710524024
1.152956519825425
1.0
1.0
1.0819590135719892
0.8012064253578028
1.0879072217782308
1.0208835003995915
0.9482638131787233
0.8309411970381806
1.0
1.0
0.8990546198449358
1.2806075409821727
1.0191368168706827
1.0
0.7372124978063788
0.6910770505713586
1.1461270587839802
1.0
1.0
1.0857482527280293
1.0
1.0998739540702953
0.9014711940559632
0.9714319259846871
1.1372103212960845
0.9582556582507049
1.231271721872396
1.0
0.899748544282124
1.0
1.0
0.859929428090279
1.0
0.9880097655158284
0.8241951000657313
1.1960851004980189
0.9792911679532992
0.7971825788512152
0.9235234095517821
0.4043640637038788
1.0
0.39661849439627694
0.8377097446864266
1.0935208016942841
1.0
1.16050424817076
0.4617291240007386
1.205694167169069
0.8250470145293018
1.039672535330027
0.9726101626415051
0.9507882275914117
0.8940469824476196
1.0
1.0064296895717533
1.0738697491608136
0.8853345157459067
1.1022102604505388
1.0
0.8718982908492592
1.0644879280171846
0.7847084617643336
1.0
0.9580391352154667
1.0
1.0853794332355342
0.9321435905911581
1.0
1.0
0.8032589368318508
0.9737844219762746
1.2062728011703427
1.0
0.8764059797786476
1.0203016739220896
1.0092956483253488
0.9202254242893186
1.0184686531214204
0.7952653249487653
0.6946914327113269
1.0
0.39002824032925076
0.296531644612152
0.6644688913064094
0.43228672015200065
0.7026638589880463
1.0
0.327670022934031
1.201083523580027
0.3909911738683629
0.927607337191751
0.04303197778774148
0.9317263586745783
1.4796373989801879
1.0
0.6541733965740857
1.161446277192879
0.04357101545932984
0.06106437060935388
0.08536701334382801
0.027812838944369367
0.709092568925735
1.0
0.6634912480257409
1.3771609894646595
0.7586668201382256
1.0451737988454397
1.0850302822640945
1.0538837547505704
0.8542985235409404
1.2081445496851568
1.0
1.2606745852036827
0.7487000378980913
0.9097736898539104
1.0
1.0
0.9424764073485186
1.2274237760305127
0.6389841530242624
0.48967995434785827
0.47624930401440047
0.8314688666768184
1.1109481187573298
0.9380290618572467
1.2523513983501928
1.1816920630633394
0.8665987812653011
1.0988295394482837
0.9691295713187955
0.9704279691364963
0.9761020762564225
1.0
0.8183627040482211
1.0
1.0
0.993629471093131
1.0
1.0083660834928132
1.0
1.0
0.9361903671615668
1.0047778639785996
1.0
1.0
0.972216614186916
1.0
1.0075294751435315
1.0
1.0
0.9430491168432695
0.9976478861725084
1.0433613410210185
0.963290850387212
1.0
1.0
0.9704461557106683
0.9566507831517068
1.047898013905849
1.0911162812576158
0.9180495280071579
0.9765687169203368
0.9300497471725286
1.0277165996850108
1.023007119191007
1.5646310334012217
1.0
1.0
1.0
0.4648442652328324
0.38714163426334736
0.4398084600487042
1.0
0.31329527140619007
0.8524617774727155
1.5206916019888475
0.694699430353781
1.069043632873628
1.0
0.9374507370592493
0.6204807127399992
1.3957528650256847
1.2842615156511155
0.4934799929919196
1.0
0.40541265209241484
0.9407545149434364
1.113157266999754
0.6323974730892417
0.9088881612960469
0.22619431244601262
1.1153181273299637
0.47926162015595075
1.525186030306502
0.9790960131942716
0.9604986390131307
1.1869849682306244
0.8569464857427684
0.9931470244715879
1.204431783008359
1.0071176086922504
1.0
1.0
0.9863673734865595
0.4359694675607191
0.42135599120483747
0.03310747685246129
0.0464212322140356
0.1228330459338145
0.025031555049932486
0.7558362847017914
1.2979375401254103
1.0
0.8630138695170473
0.680274140895099
1.0107351826044848
0.9806195251200354
1.0
0.7519029081843112
1.0
1.0
1.1319923173928839
1.0819156295127428
1.1109384525016104
1.0
0.9926353514219812
1.0738390305534615
1.0
0.956420329564942
0.93947678469425
0.5793920996702351
1.3218418678451194
1.1280777257246388
1.0
1.0
1.265141777830367
0.7401765736404258
1.0
0.7228197656412689
0.5840873094818555
1.5730503268382812
1.1550577223843153
0.8895887228125172
0.4133368002992146
0.44294734753929
1.6220976121761428
1.0
0.39865261278536046
1.4768305212603323
0.35878735150682495
0.9646457080423616
1.0494809465542314
1.2982751167174502
1.0
0.907696952948692
0.337035270952736
0.3830391419886059
1.4224728502565824
0.36802726189328894
0.7565119199920218
1.2537285326389984
1.0
1.6409751121454956
0.38709464729033805
1.0
0.2756926494409466
0.472182591636634
0.8429834768561362
0.5369888894142596
0.4703521046711332
1.0661064241480736
0.9390955254249489
1.0
0.5204549414912014
1.0
1.7585777277633339
0.37135408735011666
0.428091615875668
0.6643860489496962
1.0
0.0697479984791407
0.02515460594581187
1.1830703692265763
0.02263914535123046
1.0659939418194746
1.0
0.020375230816107592
0.04160238349380574
0.08193802591004862
0.022528399544939237
0.6625996835629824
1.0
0.8420009524939633
1.2113903921050877
0.8933718162797835
0.7840468115899046
1.0
0.7767126173658792
1.0
1.0
1.1269846486048696
1.08481791181163
1.0239049046398954
0.802396260577849
0.6536370764877226
1.261939657624735
0.7502802000552489
0.4982745806187925
0.8231599868201762
1.531251066392885
1.1285108224271347
0.8854400397206348
1.320258422016897
1.0669398184640997
1.0397541633823106
0.6503206845808123
0.4653897928587174
1.0
0.7901519149103304
0.8643671547650058
1.068373578773416
0.42446327578579535
1.1870354156710423
1.2028763530673032
0.810103655211833
0.39573552791822486
0.2639914650695463
0.7672155997254437
0.9555934852091639
1.1225391813469026
0.9184968241327631
0.9194730868414176
0.9939951929891109
0.9571583758313977
0.9377077931944395
0.9988428805385992
1.0
0.9857417210296653
1.0448259711448404
0.9671002010938237
1.0167924658823422
0.9727572155907023
1.0
1.0092849978527818
1.0122765288598394
0.9787671838499108
1.0
1.0107269245481634
1.0
0.990708102182019
0.9850778334948718
1.0178305820043931
0.9680544559627027
1.0
1.0
0.9107262070973281
1.0222373401716878
1.0622577060082685
0.9446474283944628
0.9787299275838999
1.0025822361603582
1.0075514116773334
1.0200842393823537
0.9919410828088253
1.0
1.0
0.9749983871200962
0.9061827164918785
0.9428208289437885
1.007650066778199
1.0
0.9612953339573176
1.0
1.0118771536022022
0.8798380756544404
0.995511430148917
1.0
0.9042729562133918
1.0
0.9653263236877461
1.0
1.0
0.997097510452412
0.8777625481524094
0.9817168684588591
0.9393377030647665
0.9999999999999991
1.0008961844278232
1.0530075145721547
0.9903115112733403
0.9098465277370682
0.948538746049409
1.0
1.0
0.9114119165339503
0.8202707248805554
0.9334708718468141
0.8260694057768116
1.25653753480087
1.3004160264545446
1.0068850601003785
1.0
0.9278825741029664
0.9102957354103154
1.207019160874892
1.0
0.9278082151116323
0.8785465966135835
1.1098187960705364
0.615385691433235
1.028454025491139
0.4306069073434253
1.0
0.893863067899316
1.0
0.5257182319533253
0.3721714969430847
0.9781273704419604
1.0267289728176268
0.3852824542881015
1.6532457911407086
0.36207775823681665
0.5514332902717376
1.0
0.38934803798091444
0.014177469385116215
0.029248342553420237
0.19203350703646116
0.020275559590445358
0.7224954554373646
1.285193708573404
1.0
0.6378405505377067
0.7599645469106608
1.0
1.093805630634277
1.2684138721798917
1.3327041676458364
0.7170104021338553
1.0
0.8294220382862516
1.119294018388283
1.0
1.2348733693482856
1.0
0.8865828639518671
1.1476474541598094
0.7070642405375835
1.304245277050443
1.0
0.5457504416757519
0.8789398964550745
1.2534331827809897
0.7696102067982924
0.6318275954086037
0.5083941326909951
0.7111367234192976
0.7247617504677475
0.36318197081412507
1.0
0.23843893087865808
0.7321338506057655
1.0621392695862646
1.0
0.9499143832801122
1.0000000000000009
1.1431705559256669
0.9731112168989915
1.0061593870718912
0.9517464759142626
0.8912803601460064
0.9552133175677016
0.9438213019288568
0.981996667265669
1.0934740099774212
1.0
0.9866290465935377
0.9617265627228582
1.0
1.0032788455296622
1.0002005985521336
0.9183882265607766
0.9451095973844419
1.149401362354002
0.8767380506279885
1.0
0.9551863341753339
0.9121759257226305
1.0089094967713832
0.9754814940316319
1.0
1.0659731073347753
0.9923227136480062
1.0999876810075202
1.1221350311814007
0.9331496739633751
1.1595155620485942
0.888449922429575
0.9619806385139666
1.0000000000000009
1.0453880483381495
0.9229575791494655
1.0826091173479426
1.0096542320933466
1.0
1.0052129169655801
1.0088046944478375
1.0172699237250002
0.9927469745279422
1.0
1.0
1.084428155426238
0.9931444015368438
1.0
1.0
0.9841387982064678
0.9655539064505723
1.0
0.9106707494027848
1.051784589430893
1.0356581997028176
0.9495318230536656
0.9557862627718965
1.1324089980866923
1.0000000000000009
1.008925594358847
1.0634995828128622
0.9779333446284681
1.0
1.0030892103839575
1.0011881896533579
1.0
1.089264838705759
0.9724792844962433
1.0
0.990090165762993
0.9999999999999991
0.9828014189184273
1.0
1.0086888088840116
1.0
0.8886343517135771
0.7997709165422195
0.9635931100709332
1.0
1.003647946957802
1.0077615593054423
1.009651217375552
1.0148176288052957
0.9585917971200129
0.9770496914229785
1.0623218177536593
0.9774789519194496
1.0454039327582905
1.0
0.9630216493968833
1.0
0.9986732458074252
0.960235336400225
0.9890008632358196
1.0
1.0
0.9855769040560451
1.0196548150521378
1.0
0.9387520886735157
1.0
1.0966613194630028
0.9842714500033329
0.985457777467281
0.9055434483647025
1.1021349456254885
1.0106726224017546
0.4966945523682611
0.438962225400946
1.447987090780721
1.0
1.5412540750727608
0.6838154697519938
0.5538471222899117
0.9680931314143644
1.0
0.931352787174454
0.9357554634987384
0.9560259040107546
1.0
1.0081571129804772
1.0
1.017341535696942
1.0
1.0144830588644318
1.0094188866737221
1.059390422103883
1.0
1.086526766256032
1.020848030824217
1.108718911199703
0.9812066112209781
1.0
1.0169219736561104
1.0116066948536933
1.0034967577012388
0.9907568019123936
1.0
0.9887852707892204
1.0
0.9823586587849418
0.9542126010620535
1.0711336975913497
0.9915604081413427
0.9604233136096791
1.0
1.007341401682429
1.0
1.0156073821272473
1.0
0.9546172116113549
0.9893466401229869
1.0
1.0092320743642889
0.5847970696402189
1.0650812876087032
0.43208801641658834
1.0
0.33885170080348104
1.0
0.2902285756289995
0.05453855348140024
0.00983488819126288
0.022410731794528793
0.06983144681549391
0.7779649429558979
1.1813167625191627
0.022528399544939237
1.0
0.9069678458001125
0.6707236959634582
0.8375795071536896
1.0992636002370286
1.0
1.0
1.0974541167874587
1.0
0.6985392572020714
0.9758635907616213
0.9930714355013315
0.5862525066024826
1.2107737118677857
0.8176289093041156
1.1031574984244354
1.0
0.9006253772059729
0.4680114003037463
0.8577866584399612
1.0
1.6012927918387536
1.3778355200761716
1.37615656576439
0.7839680922195953
1.0
1.0
0.9067751924880678
0.48186725173345124
0.23554079623214363
0.870497194544253
1.0
1.0
0.9201167553900174
1.104535288963488
1.0
1.4313530229516758
0.7779304392885056
0.9784918686307797
1.0
0.9389292315320414
1.0
0.8644876647383644
1.1645562620172267
0.8662183012462066
0.7864592089446667
1.0
0.37008681763981244
0.29046998544726854
0.8604763887222422
0.9971623627070247
1.0136543630544574
1.1737301439731205
0.9228820532618274
0.9005107330227613
1.3020710777856834
0.4595932249217576
0.8537319672043306
1.3857668136247447
0.9999999999999991
0.5952717232023552
0.9962121517972546
0.9995193869563446
0.9678674201102329
1.0148149645098057
1.0
1.0566154218318218
1.0
1.0000000000000009
1.0058135743408858
0.9725621745501893
0.9052322169067972
0.9528482281531723
0.9978470200797327
0.9641066718206455
1.0
1.0
0.9899225205084834
1.0560378169382636
0.9618086177653993
0.9830859500988796
0.9899067437102982
1.0
0.9635429437532554
0.9892042988615515
1.0267968103978449
0.9659047107149838
1.0631763686463476
0.9884466986881764
0.964380982248711
1.0
0.9988249661719699
1.1140293621409363
0.9580167112164792
0.9676960046385803
1.0
1.0
0.9458579595317103
1.0
1.0075588144390748
1.0931970670048337
1.0466148970209774
0.9639363509987486
0.8847773550889917
0.8951143982176202
0.9709264041747216
1.0
1.0
0.9224822996124971
0.9915723933869298
1.0273723433766149
1.0
0.9661090792640845
0.9110846275784148
1.0
1.0140466439145221
1.0
0.9580901544625187
1.0608573177609992
1.0
1.0
0.9667885738918818
0.49800561488393225
1.5517949466044607
0.4746167656828648
0.47594702058170935
1.3389018603765432
1.1268677468681814
0.4283523185235385
1.0
1.0534053342757606
1.2661273134667956
1.2756515253495113
1.0017819604894918
0.45888604234930597
0.3361791035317898
0.25575186271795936
0.04810120931413486
0.0066103261926837575
0.013186513933526545
0.06510114208843842
0.020275559590445358
0.5790693871536838
0.9163892250876664
1.2207264460401497
0.8530851566753483
0.8056421304309129
1.0
0.8022779165983085
1.0
0.8984084681377951
1.1813479738551358
1.240197134106408
0.8055712829976347
1.0
1.0
0.9194454274718975
0.7450054856910757
1.1872328898802635
1.1202833214517174
1.0
0.8250141546978718
1.0
0.9020014332938153
0.6705049371219687
0.4572346061833201
0.28287521722550224
0.42759452257324426
0.33548475092409014
1.0
0.3116803832499677
0.44496199717935525
0.44364999406898775
1.209484583849072
0.9930066595149691
0.9474923686754728
0.442990610539999
1.0
0.32813637945040686
0.22536655551474993
1.0625404256010587
0.004630642180063038
0.005357748331329848
0.06061858383863905
0.018248003631400778
1.0
0.6997099745925226
1.3294211829238272
0.6128013709470821
0.8259268040398524
1.0697489599730137
1.1687919492149366
0.8190841414104355
0.6139532066860376
1.092841748581991
1.0
1.0
1.2252195044702727
0.8997631942358861
0.8614333184936491
0.4273000744816944
1.0
0.27074891434080506
1.0292148147342903
1.0
0.8770549429157715
0.9619810620948464
0.8108594940144194
1.0
0.9473828980016332
0.7639975925876978
1.2430375494561243
0.8596797502452915
1.1385169100723989
1.1440247934417425
0.909119655937145
1.0
1.0
1.058962522672541
1.094081760067139
0.8855475548336784
0.8769813821869104
1.0269500051768254
1.2021424265652225
0.9398164324237772
1.0976320125596182
0.8123622623735489
1.0610773412622656
1.0373155550319932
1.0
1.0201086770620815
1.0
1.1207827492454872
0.7204965162670369
0.337964027610397
1.6729529849139961
1.0
0.32251021411528313
1.0
0.2959749329568435
1.3613912534476071
0.26637743966115934
0.7667141194688369
1.0559253426276376
1.0
1.0916376873336429
0.9161893358228257
1.0121182273764475
0.9206449212379217
0.9042984553562396
0.635365766061847
0.9647978818106475
1.0
1.0227917557864838
0.9901438374507787
1.0044217404741618
0.9565461623118381
0.9860401270442294
0.9679428840238398
1.0
0.9886036873337547
1.0906491046622682
0.9841853103898286
0.7962996195800924
1.0
1.1371912043788859
1.0
0.88027818550706
0.9056029583958578
1.0
0.9606066340955168
0.9613718031657204
1.0126419795230692
1.0
0.9683668707923658
0.9914424602548504
0.9673719545593729
0.5175850230251031
0.8970421928619245
0.43512992535859585
0.3178593970568411
0.489001926285904
1.1061435663788464
0.9772362757761579
1.1059590365651575
0.9208578463727246
0.9563303889969976
0.9901151497610634
0.9755801501327266
1.0
0.8921296609327012
0.9336367369819687
0.9627155114313206
1.0
1.066483665082
1.0043577743931245
1.078882681505699
0.9887571697636384
0.9593445605331139
1.1365898955201974
1.0
0.8611748471401777
1.0457691091078924
0.9904297261961545
0.9180150794835473
1.0604124802159713
0.8852450096947875
1.0009947902751986
1.0
1.0058832591411164
1.0064058478230251
1.0
1.0
0.9274796466398314
0.986470911921149
0.41829959469604905
0.3539385667777353
0.0036318031289237496
0.003024658188493845
0.05882126852893599
0.018248003631400778
0.6375595708111117
1.0
0.7262716905580273
0.9634905078851652
1.113064386630727
1.0
1.1528959295883645
0.848340854050905
0.8250779173878211
1.0
0.8288372445458716
1.102697554023246
0.9523895426114475
0.7269390512284986
1.1805379330374102
1.1722336497828323
0.8343596088000567
0.654245146105648
1.3510784195186787
0.9784478957597216
1.1017579479676538
1.0
1.0
0.8425701256490381
1.0
0.7459535200912839
1.0
1.0
0.8180199940924524
0.4241435512734508
0.24672897827148255
0.9006815827404147
0.9506347226035281
1.0163121909868753
1.0
1.0
0.9542219604088249
1.0
0.901376030028537
1.0243198082569887
1.1192181757787552
0.6095261231636471
0.33588885165911186
1.0
0.2600673501879669
0.9771392683627305
1.0745207783539161
1.0497303376085156
0.4448307968683185
0.6087695785111613
0.8937059935634721
0.41993362454177685
0.5699146616890944
1.0
1.4870768044798153
0.3575552455919455
0.42284327090991347
0.3991412809684114
1.0
0.31890789041285394
0.0029661569971821677
0.00124312926384329
1.0
0.05638152581791522
0.016423203268260744
1.0
0.7389272029950078
1.0519127542934434
0.7606043250870407
1.0
0.6618420608756335
1.1835575737237907
1.0
1.0
0.7786323498105521
0.4701477193102157
0.30655197081541274
0.4488360050994675
1.2325854855177507
1.1390676984093329
1.029622314097569
1.0
0.9838236832652552
0.9071179554832742
0.8430254406726299
1.0
1.0
1.1079022599809907
0.9802969648100124
1.0624744464120006
0.9846735840604257
1.0
1.0
1.0639082989045097
0.859042173285939
0.8372337702624204
1.083305338616956
0.9238305183833528
0.7480831739788112
0.34235036059526536
0.287249652049141
0.41002781974524893
0.9069354518463717
1.3471901322622717
1.0000000000000009
1.309957292478046
0.8210384367697579
0.6230514889988106
1.0688884958371716
1.0
0.4593564951958804
1.0
0.3922482663138691
1.6469765603175182
0.9466018365047919
0.3841780458970332
0.29469279606653664
1.0170124693204725
0.9950437773322198
1.0
0.22167743923641492
1.0
0.14776123809294095
0.0025452283710794
1.0372616548801292
1.0664645106078843
0.9669050271833353
0.10601687102198509
1.040181940452904
0.05474414742461553
1.949276421378443
0.052385693562949864
0.014780882941434648
1.0
0.6738036137299996
1.0
0.7745406646452881
1.2438966172385566
1.3316519220256549
0.6436571548368644
0.8163481625306144
0.6956110390717658
0.3900425191237744
0.29126740947146246
0.9805259936163981
1.0
1.0
0.8846909375690011
0.9870417167462548
0.986692219843901
0.9136704078513826
1.0255100359627178
1.0266600826878118
1.0
0.919825322016905
1.1429127988400012
1.0
1.0546943601768426
0.9390090055378302
1.0
1.0
0.9007087040022093
0.8587228966053662
1.0
0.9724986936116995
1.0
1.0951417304638937
1.0939841489878948
0.949224924159159
1.0383643951892978
0.9968288016210423
0.4234643451064102
1.0
0.32243527147831763
1.0
0.29952746881875214
0.4299703121118963
1.5735517958698804
0.868049992866732
0.8245704022405427
1.0177733629082226
1.0717306712875043
0.9636168452228588
1.0288708343262325
0.9938299613831587
0.9563095511941491
0.9890642455651886
1.0
1.0462978086881733
0.9108336925450367
1.0
1.0135353997034091
1.1010693706880215
1.0
0.9056440072403689
0.9416680278193557
0.9179166830808931
1.0101985736812766
1.1217274762123406
0.9808640546212324
1.0
0.9504569457879919
0.9566628171025808
0.9489077801665529
0.9527133662017224
0.9848477241513898
1.002224081223134
1.1390034646076783
1.0
1.0438971486400428
1.0263199058676236
0.9379028756011847
1.0
1.0078199279956097
1.0
0.9672337990638393
1.0
1.0647062566171197
0.9666664808431946
0.9976130973631454
1.0
1.0
0.9889846951556551
1.0176893335469241
1.0
0.9175434132559621
0.9736485951057334
1.0536848714444673
1.0
0.9277438422237649
1.142545336999862
1.0
0.9948294548667063
1.0248776404236235
1.019084236712751
1.0211955909590769
0.9869951875167029
1.0000000000000009
0.9843900827497283
0.9423177617357332
1.0
1.0530718810707382
0.9651930424619293
0.975045832967032
1.0
1.0528729314661867
0.9857623596052925
0.9480859855621588
1.0
0.9614122963501206
1.0
0.9592761157668637
1.0
0.956985809563708
0.9701422441331964
0.9350063757792917
0.8944469652448426
0.9888465450077373
0.9797432734574096
0.9821747733171318
0.9892184960019685
0.8839572959854181
0.8960354546078957
1.0000000000000009
1.0
1.0
1.0012033901192474
1.0
1.1815268343432566
1.0
0.8371824091840185
1.06287848569509
0.92467116019046
1.0671943616661803
1.0662396637048523
1.0
1.0593757966012962
1.0010830511073223
1.019902372788188
0.8821355591497078
1.092665852907249
0.9519654039465477
1.1081994993746784
0.9492883387700699
0.8961644422288533
1.0
0.9726205602071989
0.9624777602652923
0.805002268720358
1.0
1.0
1.131978260298303
0.9928600191510268
0.8464058818497175
0.8902966464017723
0.912679188492282
0.9218337240749346
1.0367784409483152
1.0596156973343671
1.0
1.00097474599659
0.9179121355093685
1.0
0.9031885885254614
1.0
0.9118413948013941
1.0
0.9016399698496453
0.9134545255378841
0.863432904717131
1.048967381041079
0.9978517876268302
1.0
1.0
0.9918551589947828
1.0159204001922308
1.0
0.9531225384805673
0.9882956687650317
1.0
0.9744683204101214
0.977521966225618
1.0282908032998765
1.002970896762596
0.9145317991577144
1.1183995003237621
1.0
0.9404100025535023
0.9661783215124391
0.9413402590194835
0.8858681822859724
1.1503328083648734
1.0
1.0461618742800969
0.9842003480580832
0.9666286572978056
0.9695874126840849
1.0197503232905323
1.0
0.8597520168351238
1.067589967506768
1.0
0.9716062802130097
0.94101944466472
0.9859690443655271
0.821411269643054
1.2046834681387146
1.0
1.0
0.9675672554161885
1.0974053097960308
1.0923083833142169
0.9862970558269044
1.0390621665869197
1.0536541276009306
1.0
0.9081582872856142
0.9094207093694244
1.0
0.8791649666036676
0.881986352349525
0.9440706429369712
0.9245020418483207
1.0
1.0
0.8846188099897336
0.8002577649352975
0.7963260362983196
1.0
0.7826667102207665
0.8507949583049239
1.0371107493541274
0.9457951125782671
1.0
1.0087714487537394
0.7801058858627883
1.084215121324843
1.0142259245155785
1.0574502833662525
0.8702425188600689
1.0649291394537297
0.9746037037447284
1.0177752909614792
1.0
0.8805358119022895
0.7924822307120607
1.06083097075609
1.0
0.9685475966581798
0.9450784708291593
0.9320518376634883
1.0
1.0923854757786717
0.8920891798551995
1.0968956171478492
1.1053065585962987
0.985275933285358
0.9374462298700816
0.9106171034481108
0.8912484699433012
1.0
1.0772162016439157
1.0192962460093948
0.8915736949187725
1.1643229009640557
1.119088481613284
0.9942616831145283
1.0143283601730069
1.0
0.8578102846325102
1.170408292287231
1.0
0.990997397613139
1.03654214600156
1.0
0.9455003340356303
1.0632376544328341
1.0
1.0
0.9097458280063719
1.0
1.0263519157187257
1.0278669409581056
1.0102813520480591
0.987078022002164
0.9775446171635345
0.9532773870059419
1.0
1.033977266370675
0.9894831920690805
1.0732401967202119
0.5443284604876943
0.8438177235300897
0.48998339700382587
1.0
1.6029788271726817
0.9683180936295823
1.0
1.0420934844619376
0.9851819983091019
1.0
0.9713916011063279
0.4588215434763878
0.44352372421700714
1.0
1.0746775321948645
0.9457367701344701
0.3640840481237424
0.3921434259099721
0.9901085518550579
0.97156288325447
1.02354236018149
0.8917457176815917
1.0
0.9741749026420248
1.0
1.0
0.9859910949424151
0.9576947087840422
0.9706660186431701
0.9543407227239449
1.0
0.9736653161107007
1.066443960288188
1.0
1.0059355180093075
0.9589066504515502
0.9053419662083764
1.005765263040722
1.0
1.0720292615952687
0.4592271528715699
1.6097439153216113
1.59374003677625
1.2344645814502906
0.4271814446119233
0.35791743756150485
0.2981699270105933
0.11049810228712387
1.0
0.9999999999999996
0.1989856973812083
0.04928952729672087
0.016423203268260744
1.0
0.6564445622417434
0.877559577965382
1.1565574213451004
0.7703842954021844
0.9669871513265473
1.0648301119908936
0.795936983165701
1.3495346786904285
1.131566013190648
1.3873180715774858
1.0
0.6487983076602308
0.7822635110840572
1.0
1.0
0.8236445597795843
0.35244840358414287
1.668803444885457
1.1611970995804732
1.1047629928764877
1.0
1.0915821531708882
1.0
1.0
0.886196668896428
0.8713581680821552
1.0
1.0
0.8220329790313095
0.32089184770436674
1.0
0.3340000678073114
0.43631577061721316
0.3345495094746962
0.3138305042133158
0.6788948396029273
1.087685355106137
1.0210831804044762
1.0
0.6567487410488004
0.4572917615504499
0.4627432852063773
0.4031160664857154
0.9459317507831573
0.22323988216185509
1.9108213034451298
0.20091589394566967
0.11107909411562922
1.4147137310660831
1.719739173100617
1.0213076639994885
0.511028201684125
0.9882539849949996
0.9440794411792606
0.3328314146348106
1.0
0.2794027445382463
0.168484997998243
0.17530240422619547
0.04862521250079821
0.013302794647291227
0.6407787961328264
1.061176738735444
0.9311352820426073
1.0
1.1150500868324702
1.3077134388504508
1.0572989278128997
0.5890674575816988
1.0
0.9069789672585173
0.8235491513697184
1.2623858297333346
0.7138205348999858
1.2985553807009467
1.3485862644197368
1.0
0.6378776552549876
0.7444378303643955
1.3005031047737052
1.0
0.8127358293885969
1.1574227401565196
0.8940165786655694
0.9767714473929807
1.037940799108375
0.6527945138892477
0.31679467033796627
1.5796847440899597
0.2851152033041693
1.0
0.3048465112375496
0.8402745442511996
1.1816722056164757
1.5872329354628008
0.2963086099814696
1.0343144439517769
1.0518410496970194
1.0
1.0212051126269728
0.9254261986570835
0.8354545676343683
0.7647811249977696
1.221763470737974
1.0
0.9014702360689348
1.2145901261559295
0.9905740014557818
1.0256250406352265
1.023994074419031
1.0
1.0342108358324733
0.9831239330312993
0.41771189876497417
1.6240592911115233
0.3843679546264642
0.302366452338374
0.9456296589553581
1.0
1.8482891807646737
1.0
0.30224096371471987
1.569942320920351
0.2720168673432486
0.32851877878399627
0.8840735221555551
0.9349185692743198
1.1677616554646733
1.0612021051732885
0.9429868344493961
0.9636945152631426
0.9834072237683813
1.0
1.0399657216578966
0.982443178982054
1.016494292343257
1.0
1.0
0.996268350820376
0.962735473976581
0.9789208624664045
1.0159977618653304
1.0
0.8193171047164647
0.7373853942448179
0.9873464970998214
1.028608144855827
0.8386828440822072
1.0
1.0109912524618458
1.0
1.0
1.26383226923096
0.9862210151750705
1.0
1.0831469282008044
1.268656657287229
1.0
0.9966375860465106
1.003271524297082
0.9926030680766917
1.0761265078645472
0.9430654065131119
0.9120771504581207
1.0314861429219082
1.0
1.0
0.9220539009443538
1.0
0.9274169280876716
1.0
1.0
0.9539180830345568
0.9728021045629589
0.9759501551974665
1.0388466538971386
1.0
1.0
0.9800823452765162
1.0
0.997300979871568
0.9558064851873969
0.9731169096264107
0.8913309180536366
1.0387295069156348
0.9788685504113133
1.0188486155233
1.0
1.0
0.8966415157383381
0.9437793054764896
0.9751178941477754
0.964354012825563
0.9826285524062985
0.9783904917406527
1.0476604729023062
1.0349619885074244
1.0
0.9251677646192764
1.0
0.9820741107488651
1.0
0.8975708818844108
0.9464765854856694
0.8834767940440234
1.1275841481016062
1.085523788700554
0.9060707769398366
1.0106541438889263
0.9514575352511567
0.9955901910919991
1.0
0.9932646206104749
0.9466457209029322
0.9828665569225112
1.0169637539709697
1.0
0.8212409456187597
0.9579496483053465
1.0
0.9618733400780393
1.0
0.9687984707866146
1.0
1.0265034182426636
0.9628468918444106
1.0
0.9822047463397343
0.91655893650473
0.7374459740528501
0.6637013766475643
1.0
0.9560132239704977
1.0
0.9250376349614768
0.9558708008352426
1.0
1.080550331916248
0.8624632664833065
1.0709667313655071
0.6660897923348941
1.046390624462818
1.0566335542759582
1.0
1.065188666971654
0.8078137936959688
1.0782521534605376
0.9346752352789043
1.0
1.0
0.9939384824381907
1.0007228550073233
1.0
1.0298485108499182
1.09361786152766
0.9541397690783437
0.941207711751014
0.9714422479527869
1.0
0.9078875294497823
1.1187094068390824
0.833963664162674
0.9700353474314394
1.1269681873117054
0.8377717230561696
0.9281209515488538
0.7539945507505532
0.8353088563939686
0.936829236639154
1.087819905846775
1.0068384661551733
0.8475708324895521
0.8892727418842128
1.1423722337702813
0.8666730825885374
0.8959588864820649
1.0
0.9723360093092364
1.0764105246074056
0.896704557618504
1.0
0.9951115048768688
1.3692777402506824
1.0464508047939969
0.9687694721466649
1.0
1.0844859861711367
1.1374978196750103
1.0
0.8696293178350896
0.8413603460026078
1.3759732679458114
1.0798721406664846
1.1107109694910182
1.0
1.0
1.0
0.9718849265998362
1.134739004698936
0.8696016629778907
0.9063629978338579
1.0
1.0
0.9070341018566541
1.0
0.8673518691460274
0.8003454676957915
1.0152673785738724
1.0
0.913875124440608
0.7438048742802366
0.9834663704373909
1.0210529172528986
0.9886705247226324
0.9247603740755963
0.9189748623640277
1.3142395018907367
0.3687276653177065
1.524819774537848
0.6951976673528169
0.6019603155777666
1.0568542934103498
0.49844048677078767
0.4793032911245305
0.3700876919074867
0.16971639513953996
0.08619426932448082
1.7323903474040168
1.1051169364819051
0.2683109698842454
0.8677387836991342
0.07450325797179413
0.13410625777579943
0.1566279344907966
0.04600289489387488
0.014780882941434648
0.6194945942190166
0.8667926847532534
1.1657612624979716
0.7214508728964084
0.7346639580447434
1.3555523122966768
0.6477060498645368
0.32861167556971616
1.0
0.32875845354076816
1.4685886713203065
1.1931685270148673
0.295882608186691
0.856379335321904
0.9521217730175291
1.0673578565935973
0.9827338964426744
0.7843926865756146
0.5598502244373602
0.3396424374288749
0.3370002516290409
1.4281951998019649
0.30330022646613664
1.0
0.4490258417461739
1.071076999014851
1.0
0.4528970232746685
1.3438861859335045
0.40760732094720176
1.0
0.42039934388339795
0.3898991179949505
0.6944999687626181
0.05364230639703482
1.0778748526266826
0.13724684910441676
0.04509297071544749
0.011972515182562149
0.9626040475356579
1.1336563572179088
0.7019712116961951
1.3178171373678271
1.0
0.6442244032724407
0.7845652782347923
1.2704527942963342
1.0
0.7314622464497376
1.0
0.8696934461944892
1.0
0.8842223512739391
1.0
1.0
1.1101404185654733
1.1824239378537982
1.0
1.0
0.8759049526905454
1.0171116174354804
1.0195711205102054
1.0
0.6605100191960123
1.0
1.0
1.3035584690728257
1.3618856072401488
0.6677382094628665
0.7238762848309239
0.9897075314490138
1.0
0.9034416077479062
0.8047616105557704
0.8354676368584979
1.3321862920028487
0.6743024703360643
1.236705500587334
1.0
1.097719618505721
0.6068722233024584
1.2415903644884398
1.1173687704943056
1.164181544068418
1.1148266907858417
0.8515730552794345
1.145082923013307
0.8790513751094675
0.8078322131860443
1.0088100524316648
0.37575845318388623
0.30186000513279687
0.45727834819490454
1.0
1.2225163723487054
1.1331309769706586
1.166936429450006
0.984226054829282
1.0
1.0
0.8853481240897381
0.9935215473358898
0.903650611702826
0.9453493005565292
1.0
0.9178342925318681
0.9411045394214952
1.0969950815095242
0.8762971694774038
1.0
1.0184190762310124
1.0
1.0
0.9869386169334238
1.0240405601469504
0.7898190786920427
1.0639392421626699
1.1263075553830912
0.8755655462503462
1.0
1.0698794334287296
0.7619384403617886
0.25564627978647714
0.3501100093782643
0.8983463946789918
1.1045841788090147
0.6414855889073525
1.0
0.5431405376959955
1.5009482199477402
1.1144676414537305
1.0959035952622465
1.0
0.9450576025307704
0.9656657861136662
0.9850665013915432
1.0246827999879802
0.8746928577403992
1.0
0.9614223542014955
0.9558857537847452
1.0
1.0
1.018771245205734
1.0
0.9992794022884386
0.8494013749288403
1.0
1.0411453506567074
0.9598745183675277
1.0
0.9734010695635327
0.9505199062448675
1.056719789191689
0.9872250251189403
1.0178146779998727
0.9822795096579284
1.0777854800108173
1.0
1.045848244620256
1.0
1.0381115692188967
0.9676058576414537
0.9329514831069936
0.8300639788948576
1.283718366042951
0.34576766370712164
0.9000456213801469
0.5238525816993906
1.476505139196564
0.9714862842666241
1.0622922233390408
0.8871218837019095
0.9866637984781912
1.0656460540453452
1.0824921196479576
0.49150209016829205
0.3810635683413297
0.9730370617094257
1.0
0.340270993921826
1.4146084611073944
0.3062438945296435
1.4206084904737013
0.13131077225625631
0.007699178211455937
0.7673804310711931
1.3093576120359263
1.0
0.9700873673640142
0.12264016664188748
0.04288069369863079
0.013302794647291227
0.6582584907686773
0.7664274934409008
0.6533724577534432
0.35817466269435627
1.0
0.31740183943900746
0.559725105718968
1.5501624332304331
0.8673749629581238
1.0206738805513158
1.065619420194997
0.9608278805140422
0.9611529448413236
1.1461580498234358
0.413442892534448
0.23315437357635638
1.0
0.3692740069283893
1.4867795199258733
1.5450148633426597
0.2587722431588979
1.0
0.33234660623555
0.32799471745740405
0.40721033828876063
1.6031883817026475
1.311324093712095
0.41090314920266735
1.5056715655579973
0.8808837610619671
1.1277268456701535
0.36981283428240097
0.41835199089599495
0.9699230389703093
0.3960972822544244
1.0
0.9238568700551726
0.2050001202835583
1.2940701001449195
0.3734309164851828
0.9186896704722107
0.39546939621927635
1.0
0.8002240117170301
1.0
0.021687094597195866
0.7393870385362433
0.01951838513747628
1.6144700334701625
1.0
0.42013978105054317
0.12575208502455926
1.114346160869931
0.11317687652210306
0.10674885045824167
0.04178092516215881
0.010775263664305923
1.0
0.9186713854551058
0.6733520169996723
0.7504594094927324
0.9856287911631672
1.0278228596047114
0.623852678247534
0.36429132605324455
0.5643280735874363
0.9307727873768012
1.101829297130541
0.9390911953930026
0.7779276878465708
1.0
0.7534443345733255
1.0
0.9070575514044581
0.2839617119028297
1.0
0.3120160795027864
0.6760394270541763
0.6197993070942083
0.9805668781738666
1.0000000000000009
1.0463565273242832
0.9187010223047345
1.228759301964267
0.9915716277531166
1.0700015580305795
0.9594955587850782
0.7969794106236874
1.0
0.9501979982047315
1.0
1.0
0.9944588425108689
1.0383470424187538
1.035650413365782
0.7475555269320653
1.0
1.0
1.114415916843991
1.0415819808264066
0.98423040274219
1.046592943459446
1.0
0.9042307917433412
1.1029664271492479
1.1904720141591323
1.0
1.0
1.1982216472027787
1.0120304922565975
1.0
1.0113777815707623
1.1242902733991649
1.011782279655253
0.926830920074261
1.0
1.0
0.9852894343553977
0.9603323262020824
0.9871794607585116
0.9738337637572494
1.0
1.0
0.9590239336172885
1.0
1.0205487241262645
0.9988476625016567
1.0777061751807135
0.9929052087203187
0.976450387381524
1.0
1.0
0.9631215402555595
1.0295972828674183
0.8936146878482871
1.0
0.941914104928876
1.0
1.0059294740165736
0.9810589845103639
1.1170469139406736
1.0
0.9930253302607177
1.0
1.0
0.9333573909117439
1.0154709895101597
0.9904666568139158
0.9810167357337765
1.0413653679032162
1.0207297734420324
1.0032871436971522
0.9341478280668349
0.9827937235400661
1.0233480551288654
1.0834899297965368
1.0
0.9844752417377531
0.9415687507715855
0.9708407434455886
1.0053422225466058
0.996518864342498
0.9172814695613178
0.9550488889447522
1.0
1.0
0.8668093862300035
0.9653227281390366
0.9602445169358766
1.0737253817230759
0.7801284476070034
0.8630117272363726
1.0
1.0
0.9082287673698701
1.04436568831147
0.7021156028463027
1.0
0.9531233259716316
1.0
1.0
1.0017621591701085
1.0610157088621808
0.9895216647059026
0.94694946081722
1.0983894570581443
1.0
0.9934312166583643
1.0
0.9797673105061504
1.056105087428013
1.0189855104675436
0.9663520670821031
0.9945620240349058
1.0
0.9591500267203505
0.4478382596139916
1.4451252525305307
1.36237629704127
1.0
0.6066323202103359
0.4030544336525921
1.0
0.4142734346917729
0.3777395930691112
0.4007885450509727
0.4120033971981689
1.6051625183257388
0.8894285864954998
0.976760830947172
1.0496819708519016
0.9536586072017537
1.0587024966112626
0.8382540152835833
0.9854549403057868
0.7544286137552252
1.0094610084102165
1.0
1.0
0.9906263305363883
1.0
0.954371232194374
1.0
1.0
1.0050669513231059
1.0085149075691948
1.0
1.0
1.0966438539904715
1.0128020526952426
1.0
0.9915636974827491
1.0
0.9589341089749359
0.9870703983953693
1.1116366414441679
1.0
1.0
0.9995270227002493
1.005188736736649
1.0
1.0
0.9840529449376456
0.9053944988463094
0.9025711459134325
1.0
1.078698100919211
1.0
1.0
1.1203493779398759
1.0132449757356357
1.0
1.0314998877543182
1.0
0.9688876022858999
1.0
0.9736564944727233
1.0
1.0704080191284362
1.0
0.9198603014967421
0.9833259412565685
0.9713051800459711
0.9196556918310455
1.0244052960736028
1.0649241540964018
0.9095705739301287
0.9955219791533318
0.8880533192445332
1.005411746947714
0.9376604289793029
0.9917302533899344
0.9854532741613458
1.0436146217858298
1.0
0.9172363442510196
1.007166472734868
0.8518132253696011
1.0
0.8849933471309113
0.9584750666858053
1.0
1.0
1.0061061882159015
1.009929679440896
1.0123140313220889
1.0
0.962627560017224
1.0
1.0
1.0064885373384014
0.9456940856062799
0.8807833439776429
1.0462052508412878
1.0
0.9924073277344743
1.0
0.9389550937073201
0.9889022665681146
1.0046698630629836
0.9761871003285121
0.9647790570047672
0.967430500411071
1.0741340092693923
1.0110826281898797
1.0
0.966140231224478
0.953802707311306
0.9744346859805706
1.0
1.1309767940323479
1.006449825461381
1.0
0.9886042750881234
0.9649064788331607
1.00754297918186
0.9903249137174823
0.8762387563720768
0.9630406980774415
1.0
1.0
1.0094910973370714
1.0415847257571587
1.0
0.9931665949610267
1.0
1.0271227967775864
1.0
1.0
1.0127004601790794
1.0435400871648062
1.0
1.0784067489156532
1.0155330514115253
1.0992312432090117
0.9938499354649233
1.0
0.9244105170998278
0.9804420403538279
1.0186135165371155
1.0
0.9847751131624518
1.051234179137433
0.9223782931130842
1.0713956175382044
1.0
1.0
0.9398683881940775
0.7457310366556333
0.006579954678091582
0.11253407391571812
0.09541319556201211
0.039922903793496944
0.011972515182562149
0.6206184761176718
0.7644537771781206
1.2435886064275739
0.7083932711376804
0.6686353241060843
1.351494222453507
1.3097455900639616
1.0
1.364255909731705
1.0
0.6790749161754928
0.7731587162768196
1.0
0.8577427419638948
1.1545063561869036
1.0735251760455906
1.0
1.0904891673086876
0.8757145896674654
0.5892185136614128
1.1249230699445185
1.0
1.0
0.7903656960839296
0.33323692392511894
1.0
0.32654564796170327
0.6049394686905174
0.8447479674542944
0.5552132274854351
0.30070980940745784
1.4381015679332858
1.0
0.27063882846671206
0.41398787788904556
0.3746667499437599
0.38712425074782697
0.31903016263952644
0.22438297387906392
0.005331448181289389
0.11082198608034677
0.08235455334000097
0.9563042884719102
0.0741190980060007
0.8532619498241196
0.06670718820540067
0.038680359012373655
0.009697737297875375
0.5665990121115989
0.6471743124448288
1.0
1.0
0.9451908206448394
0.6454822267696532
0.3526043714270841
1.0
1.6614955312967208
0.3483654360676134
0.3481314148142669
0.947878438352177
1.0583751768681413
0.40191435902457506
0.7729940404576805
1.2067859172287339
1.0594184195798402
1.0941815140674205
1.08215348873399
1.0
0.977666318881921
0.9947235311677556
1.0
1.0157778300447635
0.986363702599661
1.0841328075219074
1.0
1.0
0.9314705753811143
1.0
0.9056411555936883
0.9385461629645473
1.0
1.0
1.0615238520886958
0.9648435208099109
1.1605607910522338
0.8420816399102176
0.8001349190619127
1.2574838981552077
0.9077473182654909
0.9550412451290278
1.0
0.9070966591602048
1.0
0.769074946459277
0.2904810301873919
0.24643511485424874
1.3453581041997786
1.506980787584947
0.7451677817334801
1.5888039315563152
0.4335714791405856
0.2709961149452642
1.0
0.22179160336882475
0.9189701730919939
1.1195684454627042
0.39532758728537587
1.0
0.35497165030128297
1.4431927851083932
1.4307905454353023
0.7096569523682685
1.1150842278723978
1.0
0.8555938773264415
1.0521179691386031
0.7700344895937974
1.0
1.303654314072551
0.3755528173174394
0.9055680695227863
1.124899284555883
0.3194744852711544
0.9639692991133657
1.0381341398886672
1.0
0.34905797245221315
1.0
1.6840804593975252
0.3454090446917757
0.3095654437634803
1.3666315650899206
0.7700315914190714
0.2014115316730285
0.015880501971195393
0.12205787142745184
0.05956150167132046
0.03712786493240339
0.010775263664305923
0.5099391109004383
1.0
0.8402332182205932
0.9568748893098835
0.9069665667189994
1.0
1.0
0.925985940453673
1.16187993545765
1.1864445937870602
0.8117983553734387
1.0277637787940659
1.0
1.0
1.015102175380557
0.7226007795354867
0.6423953648039458
0.3298162507831357
1.5631641468521238
0.2968346257048218
1.0
0.4031204723696735
0.41731394272105327
0.2811559874964331
1.427488155227758
1.1920491674638445
1.1383677576052982
1.0
1.0737884074158792
1.0855244253193739
1.0
1.0968749358386152
1.0731478025498635
1.0
0.9595371206161243
1.0
0.8995374843943633
0.7764307650762579
0.2530403887467898
0.2915094603411408
0.8615328432459339
1.0
0.8872235719663593
1.0
0.9608686941598208
0.9602971784062699
1.0
1.0
1.0168941206851603
1.0811220237126449
0.9842915995524795
0.8644612374359557
1.1902182782011224
1.0
1.0330182674277886
1.013792675671672
1.0
1.0
0.9816537235895311
1.0
1.0
0.9659531870057538
1.0142611611656775
0.991830106693218
0.9185538071021995
1.0353006218474565
1.0388601054604507
0.9671026928503235
1.0
0.9932599919026703
0.7143766004024332
0.5862745315545617
0.4367963121281129
0.6702080002618152
1.3557446778974036
1.1666418940713417
1.3795474162679033
0.9825101903564795
1.0
0.9717420196438731
1.0609037989696883
1.0
1.0
0.9396143957707537
1.3482409648005564
1.057810993374468
1.0593929474862591
1.0
0.9868491566989448
0.9690312271244919
1.1869500438203389
1.0
0.8999832042924725
1.0
1.0
0.9974838027574018
0.9885951248643785
0.9936264409737472
1.013318547435678
1.0116000708552715
0.9372283577982419
0.9852644443170329
0.962093460441312
1.0
1.0
0.9940880949925273
1.0
0.9957460661840303
1.0
1.0
0.9444959500389851
1.0667085470436382
0.9610147749878672
1.0
1.01142284152328
1.015057929305808
1.0131466997776375
0.9582092066152335
1.013722166129
0.969173062777382
0.9658841143971806
1.0
1.0
0.994679285493274
1.085442164137186
0.9875748618556734
1.0540169660691259
1.009267255793839
0.8722557564996443
0.9692957029574618
0.7850301808496791
1.0559971249690419
1.2172779615313178
1.0363147238091432
0.9789712597431528
1.0
0.8767105545127354
1.0
1.0
0.975970528997042
0.9525596683306548
1.0
0.9999999999999991
0.916969680378676
0.918980595145177
0.9970276056604304
1.0099848838632246
1.0
0.9492919659697403
1.1456372306272335
0.9331004533840392
1.0
0.923616756355413
1.0066942380939041
0.9784112621941778
1.11942986402524
1.0649132974890794
1.0
0.8368369619127876
0.9852062955087586
1.0669962416399157
1.0
1.0942212719112394
0.9255406357448575
0.9736294429304024
1.10612447748065
1.015446055208793
0.8880982898536436
0.962561873804237
1.032683251428229
1.0
1.0
0.9954657446231447
0.9675524777077715
1.0000613072454065
1.0999448234791345
0.9983233334807107
1.0057914943738613
1.0057809277229808
1.051065710373198
0.9640765882104372
1.0038659405039319
0.9997586564274172
0.7992884608682793
0.9695740115666371
1.0294149262854049
1.0
1.0
0.9140075546140007
0.9820302492290551
1.020197750734928
0.9808655503338084
0.7193596147814514
0.9920039245877854
0.46013748094148355
0.3202920885229892
1.0
1.0614720537149136
0.950314422605631
0.38004448826729753
0.3808566152111199
1.6572290463099923
0.3638243687445799
0.3764484028438302
1.6841564559438593
0.11580823445183874
0.0502122833164913
0.035782096840923705
0.008727963568087804
0.7729868015517241
1.0
0.9505478562320722
0.9647396493810589
1.3278303187585347
1.0
1.0
0.5247477762723793
1.505012240935109
0.6695185092789941
1.0
0.6613974320221399
1.3491538482349679
0.8554930706088655
0.7306185198360939
1.0
1.105839290923667
0.9518840570507958
0.8162699100470991
0.8151434041032974
1.3082659179644516
1.0958351550143863
1.1456919419118847
1.0249874009146591
1.001048716318806
0.8225912695696014
1.0
1.0
0.7575566678524837
1.2995403253623365
1.0000033002231632
0.5922985062861361
1.3073885710730693
1.2192297457848156
1.0
0.8579481384062237
1.2176140084591829
1.0
0.6824568812003449
1.0
0.6723729912638614
1.4597320158833593
0.5815910653437335
0.31984230302881755
1.0
0.3677940699310902
0.8979383267734562
1.0
1.0288876334023715
1.0899323798228622
1.0
1.0639261332609937
0.8032239414470865
1.1381800732563025
1.6366638942789802
0.36776041241170354
0.4290021860732711
0.7735456633758808
0.23941017276659338
1.0
0.2860881560128057
0.4004123381914795
0.37791458818132195
0.4603814111748079
1.0
0.6930284322771643
0.6453922804543506
0.03807906236200509
0.10924863933830409
0.04487133667929921
0.034492604805593796
1.7805835050200638
0.03307668351364024
0.00785516721127899
0.6167030891583725
0.8525830886640673
1.2614482944512169
1.2950472868826814
1.0
1.0
0.8160021104537734
0.738880962173333
0.9383226423504265
0.8161572594527193
1.1490371448801149
1.0173919273638337
0.5554161891122416
0.3351669328314575
1.0
1.5020321183234202
0.33404351817870115
0.37388458977786065
1.530071407356342
1.0
0.3364961308000751
0.4100429847426028
0.7201321143149517
0.26155509423084666
0.25766681224963506
0.7187404049978419
0.6371276567281186
1.426138667337142
1.0
0.5536276920332543
0.6776522466785053
1.028614216809105
0.998084971394797
0.3495744904777558
0.4165081378361384
1.0
1.6469611199923309
1.0
0.3507044373899415
0.9003363041944681
1.2637318258318135
1.4999328990243805
1.0397615615022264
1.5619292054917002
1.0
0.4143432700573273
0.9700086866944053
0.6296954135796673
1.432271718090659
1.3282249898746992
0.80459750911277
1.0
0.2768173389555644
0.3650867721545046
0.3833600015186116
1.0
1.0
1.0
1.521624112655565
0.66588682720643
0.045196020059634634
0.10281090907240387
0.03693494253081031
0.031043344325034417
0.009697737297875375
0.561103913822814
0.9163038005554967
1.4950064775594676
0.5608951624754415
0.7032398788733527
0.7150138819979954
1.1355443445105866
0.8781169942770823
1.2822960934212926
0.6738626605686662
0.368245887730442
1.0
0.312994382316365
0.9081444940961099
1.0
0.8349305263929079
1.011405435267747
1.0518558189608171
0.9163520652192627
1.1051338510741715
1.1667262887874301
1.0
1.2836742474166964
0.7575645736806784
0.8201214271557209
1.0815432207411728
1.0490579532680684
1.0
0.9924955243438696
1.0761710540720202
0.9978927207031134
1.1019104363631858
1.0009416391139823
1.0
0.9435510031413177
1.0
1.0
0.9110963257720961
1.1011746864760372
0.9265133718802279
0.9646755922838484
0.941392027791208
0.7989028520979549
0.7741882541430556
0.24038033912667167
1.372414286459307
1.5989165976684347
0.4192322296040949
0.21634230521400433
1.5303360097000898
0.27175389300570885
1.3587836099864248
0.24457850370513867
0.6014690518903638
1.0
1.4209133569093026
0.8528767160044719
1.1567611537146085
0.7170943232650675
1.3110323034052218
0.3283662035297912
0.9252099323593104
1.4648290026344295
0.5157608631851964
1.2370419003399835
1.0
0.9983592971322786
1.0838449557372236
1.0931732724545924
0.8781562623385337
1.0
0.9594616525709583
1.031060998061152
1.0451339195766458
1.0652839387176183
1.0206575357305692
1.0137094452282884
0.9836098584855133
0.9834883512305783
0.8852488726369625
1.0317666081065173
0.9970369415124729
0.88513951610752
0.825527534992256
1.2415190427360816
1.0
0.9646465617060471
0.9703924235652899
1.0
0.9939387037514216
1.0
1.0665277286530692
0.8985012147697233
1.0
0.9878017212430859
1.0
1.1054044201075364
0.9896443529505436
1.012018055718432
1.0396722562254475
1.1020482853664166
0.30517903764845045
0.42759559748640275
0.39213880261460066
1.0
0.20851479111412452
1.0
0.10681559202100743
0.05095750896091111
0.09622331241824478
0.030137113845225993
0.0289087836223183
0.008727963568087804
0.528091181479116
0.8086564165451104
1.2383820360910054
0.6438872051929749
1.0
1.121344914640373
1.3631112195177764
1.3535068886617392
1.0
0.620966447305717
1.0
0.7474829747169967
0.5725404602593791
1.4388016952146678
0.9261061040606542
0.9554847637981378
1.0
1.0
0.843818711605218
0.3661520878772162
0.35447460092310124
0.3906901493632162
1.2091422223081132
1.2119863000372604
0.8981034486328028
1.0
1.0821575646835182
1.0744773265053968
1.0
0.949195902827185
1.0
0.8578505458703916
1.022152551005039
1.0
0.9345875668788644
1.0
0.7424416931628173
0.24364138163278248
1.0
0.7526369006417042
0.811663933719478
0.46418477686667714
1.1946419123369871
1.2274522482757781
1.3226267894224666
0.2525270436705682
0.8994092145663526
1.022361360594621
1.1916145607790884
1.0
1.0
0.24310568821025846
0.31742069363224346
0.5581606722298904
0.9418433329431881
1.187932446290998
1.031459304218889
1.0
1.4791155178369522
1.0
0.8326889391233792
0.9458942062436666
1.0
1.0
0.9586044792452082
1.4275460878363715
0.36823385077623527
0.4792932542375459
0.20681335832093417
0.09103828192281593
0.05548408930664461
0.0896146925609429
0.02711083764385247
0.03055453188340418
0.007069650490151069
1.0
0.9499943270861344
0.6588698025751452
0.7076815093995119
1.2513727415916822
1.0
0.9784575523349748
1.0304485733751925
0.6592205723312823
1.1396709195351935
1.365542558194413
1.0
0.5561477049857171
0.8349111814599919
0.5829813668368597
0.347497230064155
1.1938297140661316
0.5054486242616409
1.5243731267262302
1.0
0.28484188586645054
0.8290262798748227
1.1726489052345919
0.9144191116234524
0.9528572731543576
1.0500536599086878
1.0
1.0
0.9051874099677946
0.9271431102218823
0.8222068194682102
0.6925616620098136
0.3675900663587175
0.2505371887524568
0.3783180765696308
0.613432771712974
0.35504782810364777
0.19523585068112226
0.07638604479986988
0.05889714963207471
0.08336430706923359
0.021521440334085984
0.7342300904190595
0.01936929630067752
0.02689070161689533
0.00785516721127899
0.7706187794995163
1.0
0.9836566544389971
0.8117550336034682
1.0
1.0451661966043186
1.1636447840597146
1.3746685458313745
0.5158066970465587
1.0
0.7320862017484071
1.3208433848966923
0.7981187831681673
0.9290439700344031
0.7808880387850525
1.0
1.0
0.8058165193522413
1.3991315529287771
0.5344477002729988
1.2429331403502175
1.1461730657689166
1.0
0.9695862928261043
1.0224886608231927
1.241170267059852
1.0639579718571142
1.328988302374972
1.0
0.6935569015495648
0.7050414218091383
0.5059881831322901
0.40926366718820084
0.2790671047543025
0.4209973670279137
0.7810698215397593
0.35588477859809053
0.25513607542432837
0.7110606376809265
0.46803558349259156
0.49380491699083606
0.394489726893144
1.0351858102591427
0.18335087009299667
0.06285772535667533
0.06134386537579051
0.07911695002578645
0.017255227027650033
0.6571446290443208
0.015529704324884985
0.028206043744078757
0.00636268544113594
1.0
0.5527224164582307
0.6062898644988373
1.0
1.0
0.7180171758711289
1.3537845417159833
0.6837905642106872
0.3912041117455338
1.573469556769501
0.35208370057098115
1.0
1.5174244724036896
1.1395915776819248
1.0
0.8654752682540785
0.7004114760907196
0.2932601309816629
0.41448610818493137
0.6283324617337342
0.23780166999174135
0.37122768954004925
0.8440094658354074
1.2271374736471454
1.0
1.0
0.960102548665569
0.4838733979810659
1.4848895611271846
1.119429404477387
1.0
0.3433830490504928
0.9589583136093633
0.6846887855121793
0.28564428227545857
0.3558416891083125
1.0269930746857616
1.0
1.0
0.9434920715099855
0.6075008801402388
1.4360503841106516
0.5721102811522814
1.3689624729482741
0.07448374815846082
0.011464803373666843
0.02498714817633374
1.61170888043217
0.026021707913784553
0.005726416897022357
0.5089537856960789
1.0
0.8046904604428544
1.1964056812199537
0.6456608780489539
1.0
1.0
0.7132148560345453
1.3581066295689084
1.320541690820436
1.0469916117052058
0.6810947902440585
1.0
1.0
0.6845123046718555
1.3405233778098307
0.9142283769094668
0.816547595393601
1.0
0.9799171947231091
1.1257719362120273
1.0862735049283945
0.6406856603786029
0.27476007160371907
1.0
0.282027601693688
0.802366781122565
0.9082931037695214
1.0
0.9037540513570335
1.0
1.0839282132401955
0.9959730018488209
0.7399861375213899
1.101766260038234
1.0
0.9357163388617593
1.2416197761850523
1.1468259258734772
0.9216379570222397
1.091502701701783
0.6344861801208452
1.2148391014102469
1.0
1.0915896340344098
1.0576141020969736
0.9755353919161767
1.0813895408657057
1.0663764843092558
0.9542763125444669
1.0
1.0960778096775439
0.9615277889730081
1.0
0.9658358138115286
0.9211155828200592
0.7190499596184683
1.8198069569654738
0.7910808920817729
1.004379915974198
1.0
0.9153568217223835
1.0450482939178194
1.0
1.0
0.9073829799932032
0.9668169744487134
0.9422212140347188
1.0798882352100616
0.9650869540034126
0.8744091669371503
1.086954623775231
1.0
1.0613633861689795
0.8739228740186658
0.8554456180227952
1.0
0.9187495062892879
1.1710964681052012
0.8556174280826152
0.6865812305160404
0.2840965128004491
1.0
1.0
0.8048865789927557
1.0057652029149526
1.0
0.9383590275999687
0.9666215871199775
0.9579433598526386
1.025642807452753
1.0
1.0985280784580684
1.0
1.0497250772647355
0.8823506341632221
0.9675317097872984
1.0587687493422298
0.9459441444049794
1.0
0.9587555448458556
0.9665622026599685
1.0
0.9756401653562321
0.9983006586526262
1.047414917444133
0.9883408101535753
1.1434631557429462
1.0019962525851156
1.015940668109982
1.0214851516348347
1.0
1.0
0.9652211478919703
1.004064450546574
1.1179390006977066
1.0
0.9634023149829858
0.9628965160428127
1.0
1.0
1.0267215922873323
1.0
1.0130548626472962
1.0882506236174336
1.0147834757691339
1.1481459951990054
1.0
0.9411852835519703
1.0329876329545833
0.9204160298764279
1.0
0.9151707674965337
1.0394238629036465
0.9666068644385319
1.0
1.0
1.0913805369709415
1.0
0.9267750442597009
0.9690250485027949
0.9779062146858717
0.9502549103429132
0.9792177122569008
1.0325281284142491
1.0
1.041507506715078
0.919485129675655
1.0
1.0
0.9586698002744889
1.0613393248673564
1.020150090372269
0.9542519928736688
1.0
1.0164951164624672
1.0193366364713512
1.0
0.9966255644967674
1.0
1.0
0.9930691723521328
1.0
0.9691054781574309
1.0154519055616866
1.0
1.0533356051118759
0.9845350084425029
1.0104524958895205
1.0570104510672884
0.9434310475983025
1.0876302034119725
1.0238123324505377
1.0333313956791041
1.02682187050935
1.272453104701178
1.0
0.17065561404729657
0.3990450820350109
0.3191629918563841
0.3472618232254563
0.9922235215060331
1.322805145156428
1.0
1.0283133737969994
1.0
0.4117579930535138
0.17130155561936444
0.5471432879988791
1.0
1.3224474336352676
0.6903558305372801
1.317582730588879
1.592089586612654
1.0
0.9366758563582032
1.0695362460112152
0.4229568276660576
0.9914865079987054
0.9750462959961377
0.9970633150028636
1.0646973703811344
1.0
0.9499051567251051
0.6517955003318807
1.5075710408010092
0.1326194847783677
0.20746579595146386
0.06818185367998142
0.007819608218666563
0.02248843335870032
0.007069650490151069
0.6465652542127209
1.0
0.991686786180809
1.3471532560741206
1.0334230577559627
0.9328845553265523
0.8764448961981142
0.28192684821125447
0.34062858654470496
0.40083177680777027
0.35978715555023477
1.0
0.17939414534681042
0.6867581322620921
1.0546380778338964
1.0508257299494925
0.518999856640523
0.5039549367341785
0.7485004214766038
0.3349597057253497
0.41881991448123035
0.3390975369342195
0.069390603376565
0.7471871947514073
0.1935374017243161
0.06214562913385002
1.412051245451833
0.023992178812108467
0.005153775207320077
1.0
1.0
0.907103343205657
0.5865566870741592
0.8079362911938563
1.2604084748417943
0.7492046639793148
0.6045880176978233
1.1256324199137318
1.0
0.8169930913994286
0.2877970220446002
0.3221402468563497
0.9337243378219284
1.0
1.0858842272244686
0.39672731468201583
0.3578620961101322
0.17555514631138713
0.37860135896608504
0.8634517081106914
0.4925844951781482
1.0
0.99978858709924
0.2935888324911238
1.0
0.2119931485312696
1.0
1.4939953683865337
0.6554041684521197
0.07925721653295348
0.18039822446526976
0.08527405832471846
0.14599392860611315
0.7145544862327391
0.13139453574550197
0.020946555071845285
0.00636268544113594
0.6647972669510676
1.3690057768007886
0.6086946474861286
1.5785569722832324
1.0
0.6153384277843337
0.6690690700231485
1.0
1.0
0.8990723833759482
1.1443568214468574
1.0
1.0
0.9236008271830389
1.0
1.0463303839599032
0.9977487542905337
0.8278560198345328
0.7640734844639461
0.2623857887188539
1.0
1.0
0.346892725504647
0.8124107944710168
0.9987164460856235
0.9448335328672233
1.0802535965380962
1.0547563175791819
1.0
0.9133263794387538
0.955010320502474
1.1884885191712158
0.4912816529597812
1.38523014189815
0.8832941369420766
1.0911261330084923
0.8840225817492229
0.7180976839105178
0.3396314011302586
0.18608457034394021
0.9088917728182206
1.0
0.9023862049894849
1.0
1.0217304726467678
0.9474875806756842
0.9560700352424547
1.017757516726153
1.0149113793615037
1.0
0.9310000446840103
0.9236800125720581
1.071558700024708
1.0174029728242164
1.0
1.0462654847147164
1.0
1.0
0.9937622551169198
1.0
0.9737401208978564
0.971401545597935
1.0
1.0434731562235644
0.8313120113148518
1.2072675478842854
1.0442635188362885
0.9987205101019185
0.9295013575643978
1.0
0.9948216381969281
1.0
1.0782665567636265
1.0
0.9077348888929357
1.1107620441167452
0.9956623616990559
0.9913409656430741
1.0
0.824953209161178
1.0
1.0
0.899246542106205
0.8197902732327513
0.8831130953509039
1.118454307990831
0.8264060374603694
1.0
1.0154512461273644
1.0526063311026537
1.0066088771917485
1.0
1.0897820620589513
0.9222660616593092
1.0
1.0
0.8934690238607352
0.9708374773437622
1.0
1.0
0.9814808529493639
1.0
1.0563416046458585
1.0
0.9799099149032902
1.1077931309212339
0.9483400487447682
0.9669752599797707
1.0
1.029305269011136
1.0139195407821742
1.0135602806224089
0.9588267935863009
1.0
1.0
1.0
0.9532507684718663
0.9917985948481665
1.0210908693267484
0.9737537296093848
1.0
1.0
0.9833327676544279
1.0
0.9792259239654335
0.9118859353805977
1.0
1.0191667546248944
1.214575925932925
1.060812397332196
1.1014261909184544
1.0
1.1010531827612056
1.0
0.9973222961046808
0.9437654337143311
1.0
0.9258135154975982
1.0
1.0
0.9814296549278705
1.1167133105649167
1.0
1.0311268241647955
0.8735062065522055
0.996540611128637
1.0828517946127114
1.0080869319187968
1.020888197140323
1.0445516419323475
0.9871267571872036
1.015108291407298
0.9622387833908252
1.017472902989688
0.9684435430197329
1.0
0.941638936243244
1.0134202414253526
1.0
0.9802112964152592
1.0416051621272882
1.0
0.9735062633678648
0.8800484141952793
1.0222570417326935
0.9689075649717953
1.0
0.925257826491432
0.9571055511094961
0.9947278222960243
1.0003477557350813
1.0559924729250287
1.0
0.9985812421699762
0.9763783566484463
1.0
1.0
0.9849994908889848
1.0
0.9724919251069508
1.0206973418425367
1.0
0.9634475857723679
1.0
1.0
0.962925143742865
1.0300394554933785
1.0
0.9926982365050847
0.9970138178291101
1.0679697374883403
0.9655821301734537
1.0
0.9949580204915751
1.0586064029253013
1.0
1.0258623090122452
0.9527629423931732
1.0493888903428967
1.0
0.9690239171561075
1.0
1.0
0.9384131081075662
1.0064071284968072
1.009367058440949
0.9172187703189199
1.0
1.0
0.922556092914391
0.9580044099523874
0.9841060666201464
1.0
0.9275809677543023
0.996360953617824
1.0682248721559038
0.908430352596854
0.9608552945136388
1.0
0.9586603415477235
0.9899249106092132
0.9135974622665675
0.9514357080148894
1.129884268317804
1.0812484163158302
1.0247642387733933
1.0283961898717564
0.8831929647071188
0.8096931826720564
0.5363659231557794
0.9285910382545843
1.0
1.0
1.0121335767883526
0.47915103569060413
0.6736503793289437
0.3433457266009379
0.41084767672652944
0.3121268435784543
1.2830776507891146
0.5284758080845879
0.15383099618627138
0.049007806057085546
0.11769257779618814
0.022108338451629628
0.004638397686588025
0.5203342160659528
0.7129853112196525
1.0
0.7092528029207958
1.2996035915971174
1.293186682908912
1.0
0.7630683534011791
1.280739211049223
0.6603926969710603
1.0
0.6597704133254627
0.29968203820435413
0.34860938340244374
0.9403519040397352
1.0
1.0660967012662006
0.3776757676418754
0.32427671805162817
0.7804742839586538
0.3531967371205411
0.3730242763207414
1.0705564129170337
1.0
0.22271274839055089
1.0
0.3122889629925174
0.8850004209644453
0.037908572814504105
0.13354711596193614
0.03233776767175911
0.10439116888414857
0.5429284678060369
0.7059031733859418
1.0985906287875007
1.0
0.8308829690000001
0.59049
0.5538951593179089
1.0
0.7347429993511643
0.6462629839969107
1.3976687531488494
0.9807594808449327
1.129921139302171
1.0
1.0
1.174388799439587
0.8410002792539277
0.8419285326942347
1.0
1.053509390740496
1.2827623936906623
0.7258949978157396
0.5920661595197227
1.113069177922359
1.0
1.2486868333175547
0.9861172166138967
1.218704559641406
0.8447406816769067
0.5329805550975752
0.30457477272416256
0.35759430794767155
1.6440099253546983
1.5407423256690453
1.3559778259184565
0.8826835327604403
0.9707087929731877
0.7944151794843961
0.7568104978104451
1.0
1.0
1.0882599200406347
1.191068511521678
1.0
0.8736379136758696
0.7444966720422208
0.2757215287541168
1.0
1.0
0.3228241632662723
0.7468323661354539
0.9232416719890963
1.0
0.9859145601118513
1.0
1.0
1.0416244607656893
0.9643653280032964
1.0
0.9048593263166591
1.0559360582243382
0.8604514358970583
1.2338795962604951
0.9956059619404538
0.8814587664931786
1.0
0.9397398218657909
1.0
1.0492806858212642
1.0
0.9174947735451262
0.9611805335559769
0.9309175047901856
1.0
1.0873231041006655
1.0
0.9199669995074284
1.1205876282251044
0.8228288400793993
1.0
0.804077336548719
0.9820135197076425
1.0
1.0
1.1297721955753701
0.9082714252190911
1.0
1.0
0.8674300919653533
0.688657767910513
1.6516850968442895
0.372335862682851
0.31753112443617937
1.0
1.0
0.1159191439769387
0.6742356488818277
1.0
1.3403193361413024
0.40027799448807855
1.0
0.3515396959846271
1.586621506779549
0.316385726386164
1.4293926156310626
0.8356627357145907
1.1728485386049954
1.6397498049607293
0.3819442338288326
2.0036503247199864
0.9169816923925698
1.08604315427705
0.6561953321273322
0.561032325421186
0.5130390998658889
1.5015170093785848
1.2938735190722852
1.0
0.5194852021235405
1.1962827972656527
1.0832114628288725
1.0
0.9676806962570463
1.1075834122838764
0.9251427455708701
1.0
0.9505051140562628
1.0
0.9434336642831944
0.8710585690594534
1.2845096253588633
0.3437498104459493
0.28474715374754744
1.3296025538121956
1.0
0.7878268728293598
1.0
0.2905982811264174
2.2372907193990956
0.3121634823864081
1.3193251905501855
1.053872203502804
0.14712452457156022
1.418355457881141
1.5459488232849559
0.30395377289072734
0.9999999999999991
0.13241207211440464
0.02076300393685937
0.11695862759856634
0.5946412386826303
0.10526276483870944
0.01866487401616812
0.09327336928299168
0.12052229156864458
0.0041745579179292
0.5911990132343661
1.0
1.4207012750549097
1.0
1.0
0.6676300088635401
0.7729243458968309
1.1579512886257461
0.7271848928496727
1.0968341036772653
0.6756475104005819
1.0
1.0
0.6817912059611793
0.31458698969773025
0.339741788344778
0.9463167136357615
1.0
1.0
1.034488194172054
0.4762498265718538
0.3497352765964088
0.2355288453372406
0.3627357898636667
0.8052699260595109
0.9357319344291248
1.0908766336478237
1.0
1.0
0.9129807455436527
0.968826765125586
1.0861751810178788
1.0397081062319966
0.85251166857066
0.7672605017135936
1.010139232665166
0.4638652887762351
1.4154766983848468
1.184515126191748
0.26872754508559993
1.2966422984309762
1.0
1.154913363215723
0.4174787598986125
1.3033908320451548
1.1022928883266516
0.5611098753540986
1.034628598605826
1.0
0.5049988878186884
0.9512464043509947
1.0
0.8842600284841495
0.9752942096399266
1.0741487856940246
1.0137844261354712
1.0584219677401716
1.0
1.0466912537495237
1.0
0.9164778158395723
1.0607972974762294
0.7703463575882239
1.2459181731065936
1.0
1.0037555733576653
1.0
1.0282598062296078
1.0
1.0
0.9892425394468027
0.822170331307273
0.9902724460932788
0.9899503411312214
1.0231572287973982
1.0
0.9561630913752026
1.0
1.0
1.05178988289226
1.0254338256066458
1.0
1.0
0.8903182855021221
0.8847772920223296
0.9754195696881816
1.1680515363302941
1.0
1.0112469367175478
1.0
1.0584666418536965
0.9680555234397872
1.0658668001428744
1.0067289701021611
0.9948209082561679
0.9817518197040602
1.022781143900044
0.9946827663523923
0.9434914638428946
1.0
1.0565397618120365
0.9527985889441393
1.0101222430457923
1.0
0.966416270886608
1.0
1.0
1.0007467268362955
1.043556041363379
0.9778366511100955
1.005486050183782
1.0407817648623858
0.9851796672453368
0.9819622871615667
1.0
1.0376901201386364
1.0
0.9547175677286059
1.0367512188753132
0.9972597142661339
0.3757308839087514
1.0167409717031184
0.9889620744275529
1.2419338493981993
0.8822595355416212
0.25674948489411786
0.554647442375785
1.4890445462815922
1.0
0.2302480011222059
1.0
0.396843036578546
0.989842486798449
0.8775416663965236
0.9630790602480559
1.1973249194717086
0.97019757635967
1.0
0.971968479441454
1.0663648040155014
1.0
0.99142101975995
0.9461107612236894
1.0
1.0
0.9956056898163217
1.0636823029405704
1.0166057083821105
1.0
1.0932113187363264
0.9404419759046716
0.8964837110416104
1.0
1.0
0.9181844603030456
1.0167069688873749
1.0099743653708915
1.0
1.0131737350902172
1.0
1.0048829411097806
0.9251561901918866
1.018214140318996
0.9945304104359494
1.0
1.1358822823608836
1.0245272281695605
0.9916957083269669
1.1267992177154733
0.9944649419184302
1.0
1.0222514987365363
1.0
1.0
1.0024133511287472
0.957314072646513
1.013496353829579
1.0156634543160248
1.0089769288338024
1.0
0.9817636530469471
1.0
1.0
1.005879255459579
1.0177628087030968
0.9969102660179914
0.9344619852045977
1.015845767330691
0.9435423277422688
1.0
1.0
0.9950184477265864
0.9491880949680418
1.0
0.8964502115014588
1.1258438426233361
1.021244076185301
1.0052060592658174
1.0627579904698123
0.9515350416500858
1.0
0.8973878641093371
1.0025114819529097
1.0831219073392626
0.9882860133489997
1.0509749087496907
1.0196402744933533
0.9282975513825127
1.019732407247436
1.0
0.986889993906324
1.0021678869559016
1.0369863570558824
1.0498085205233645
1.0
1.0
1.043912149652166
0.28091415922060925
1.6429845933552212
0.007471049686252229
0.07189380319782757
0.008726571010053918
0.0037571021261362247
0.5974527633152924
0.8880143362231969
0.48378209702612374
1.2989619007282958
1.3458723477021408
0.7080827593605239
1.229280779847807
1.0
1.3700428676817555
0.5317426424997631
1.0
1.4570565215282016
1.0
1.0
0.6251464445995722
0.6372744834244717
1.0
0.8203966276716379
0.31669067690893193
1.0
0.33125080471871193
0.7816509035341905
1.2413939782397296
0.3195273419741458
1.0
1.5154442750574137
0.7105395907498604
0.33220718709283403
1.70101353161645
0.3050939147612066
0.2138174431464357
0.7813103271643946
1.0364587287260534
1.0755999985615876
1.0251274338832292
1.0138758673552921
1.046073233332148
1.0
0.909917228886238
0.5434887081572004
0.9976980617538409
1.2153289155673939
0.9338878385810183
1.0774904687055251
0.4072314075812393
0.24495398415270664
1.2126597375343096
0.22045858573743615
0.2932928457822017
0.12124716529664958
0.003535435700554146
0.09212289598459655
0.0004654356021562833
0.06383176577703997
0.008229624121662171
0.0033813919135226023
0.5294847388654862
0.81806213509544
1.0
1.0
1.1566509474513786
1.1578169428554936
1.1901335868053202
1.0
0.8362559215858951
1.0
1.0
0.7505012729248399
0.8125682829676286
0.8550588249722839
1.3783312048646135
0.4680405289433942
1.2017622601301223
1.0
1.0
0.7795244330211375
0.3129474979169462
1.0
0.3868541940553971
0.4536267886288865
0.28707437414751524
1.0
1.0
0.6459003123167264
0.41304952381213056
0.2040757395922821
1.0
0.2760882777336473
0.10876890519692939
0.616484779042878
0.08295714994635262
0.00680206861964372
0.05662562678716965
0.007744800900848281
0.00304325272217032
0.5639942761461256
0.8476725406601631
1.2076509277556902
1.408885327644244
0.6256199043632371
1.2704623366109562
1.0
1.0978676270708068
0.9138116780409788
0.553419763504829
1.0
0.5922529519553965
1.0
0.6259949390502584
0.3259491519572588
0.3285887809964638
0.9752320482067223
0.9567212202581334
1.0
1.1301397641859925
1.0523860705726946
1.0
1.0337845659915335
0.7774828086208636
0.8155113679254615
1.1847594523132337
1.0434920973074622
0.9581542306793978
0.9378257543111665
1.0
0.9921207649808093
1.0
1.0280704419521882
0.9747384321856849
0.940029062379196
1.0567541195609191
1.1829381684503932
1.679608932819228
1.541257677625639
0.3211319442306184
1.0
0.32694172157587786
0.34221192891384256
1.0
1.6829117620370173
0.33510487550910995
0.33184886141664904
0.20597670031656
0.7630615180644718
1.0
0.48913983734148125
1.159885199029377
0.23494326555604772
0.25935634047997613
0.15733987493121404
1.1275293669553301
0.3851726038426131
0.4071602722244849
0.07534164181368119
0.011784424436396712
0.05018858401836779
0.007274646082980452
0.002738927449953299
0.5630579139269134
1.0
0.812531605591376
1.1902555174768619
0.7483858322145611
0.8719115396137642
0.838350823088561
1.1719616603695098
1.0
1.2011473310864034
1.0
1.0
0.8405430562379745
0.8042974574644166
1.0674144493522402
0.7888600476258887
1.323020817718131
1.0
1.0
0.628103554764019
0.3169446385064649
1.0
0.34980062579957405
0.7812856645513229
0.757196171249678
1.0587457664999533
0.9354817530278776
1.1076221185397426
0.9174442826971809
1.0
0.9206068186348553
0.7651080654166975
0.31926164530663925
0.5607126110533986
0.8436739836674292
1.0
0.932628471013782
1.0
0.9677621953507121
0.9664231360230939
1.0
1.0
1.0120782172828164
1.0
0.9863506829864637
1.0115021593290638
1.0
0.9981725659512932
1.0
1.0872365823208359
1.0896949070175825
0.9641604784506068
1.0103519433961576
0.965088022712747
1.0
0.9129368152630164
1.0
1.0349372004854338
1.0124317982470252
0.9554546026506365
1.0240022772304354
1.0170956039529777
0.8883493767228359
1.02067717217545
1.1522757976413445
0.9228444228541282
1.0
0.9676282894179504
1.0697808224207837
0.90737667550599
1.0
0.8982214165876581
0.9984902905170472
1.0169220940566035
0.9929851900769968
0.960867778228149
0.9413073230607267
1.1026875639538005
1.0
0.9420753263145336
1.0063064946676032
1.0
1.0635808360330135
1.0909461135718868
1.0270355099440405
1.0
0.8727988858874589
0.9931297946374862
0.9209644524097076
1.197534319358617
1.052745762632771
1.0
0.9747700406771482
0.916140123225544
1.0049550954126971
0.962425537188146
1.133817016530669
1.089367015222063
0.979544248657918
0.9074227232174223
0.9564315136859296
0.9647697650622753
1.0
0.9617867984538719
1.0835353455996515
1.0067340786873853
0.8730279588028118
0.9970755993710849
1.0
1.0816709678597292
1.06569805981362
1.0517695149743087
0.4040170439107431
1.0
0.8426584771305432
0.24915469392509948
0.14380650508840276
0.08987253880924939
0.06898592007595283
0.015624840394594663
0.0444422610082329
0.006821074219677703
0.002465034704957958
0.5370201262470449
0.9389423390926996
0.7883465496418243
1.2484764638236374
0.7143217398864827
1.0
1.2855752638997018
1.4416268607812412
1.0
0.6007259951077515
0.7105925922009639
1.1656404589399951
0.7307932561676296
0.5414127020620665
1.2021521060805398
1.0861753729717947
1.1547654943325583
1.0
1.1599594258895216
1.285524210795142
0.8691776660321029
0.8369184963606191
0.8093909571775004
1.1382042129258707
1.0060518628629733
0.9950328691104584
1.0
0.7284518614597495
0.7503833082175628
1.3414434074786978
0.5047640196500573
0.33007969132501636
0.4155965550945879
0.9065479080242067
0.8787444959593422
1.0797784454915451
0.956121383042575
0.9440431788800492
1.0
1.0743324008818984
1.0
1.0
0.9494974946699539
0.9113956650445125
1.0908084083829017
1.0055563351903878
1.0434398017162323
0.9220802749991588
0.7767165592392704
1.234448906072135
1.233242353575056
0.3405324293237033
1.2916453790662814
1.0779375910868811
1.0224067753022794
1.0
0.9668991607937087
0.9947024411845629
1.1223643948246629
1.0350219131113594
1.0
1.0543862372478507
0.33265219569815585
0.34475994198199267
1.0
0.9041002940298313
1.1863097353731522
0.2056139209860124
0.7305190155141119
1.1013567219517402
0.9221883605474819
0.44636078492204945
0.9561217639158954
1.0
0.9186170738556658
1.0380427843679136
0.9858547521236591
1.0150930845578223
0.9201686089074421
1.0
0.9487539967797485
1.1461214028982258
0.9993400576698939
0.9895636361014422
0.9491423174586053
1.0
0.9360034926446161
1.0461656445252459
0.9585309543543055
1.0091100187412128
1.0
0.9697746437979475
1.0
1.0
1.0021863726723872
1.0853035607771098
1.0369841023380513
0.9806015910174644
1.009015621651642
1.0272240851777816
1.0449689443001606
1.0
1.0
1.0315092626084024
1.028015043368006
1.0
1.0774304830427734
0.9630285256227396
0.9848579292369593
0.9837660584454095
1.0
1.029900897944664
1.0
1.0
0.9629209328432768
1.0328020684143944
1.0233327847845572
0.28130983658379627
0.30531637361978436
1.0295548878724397
0.12043860069863754
0.08778387693592027
0.0636498121078164
0.018506582455959375
0.03931592748544155
0.006385470268205573
0.00221853123446214
0.5915733010764512
0.6615954827712063
1.0
0.6299956322707647
0.3243163168244081
1.0
0.3746740082729083
0.8117100028483204
0.9978951463114125
0.8752555610249573
1.0
1.0
0.9456873117074096
0.882153932730299
0.9232669968570821
1.0823090753350808
1.0
1.0
0.851118580536669
0.8345602879230114
1.0
0.9050569433130402
0.7282982332467114
1.0952167187587847
0.31028394778379287
1.720744446994587
0.29846374500333717
0.18747723853838139
0.40005074227441284
0.888063828345004
0.2837104902873939
0.2790324433925262
0.2910705644399112
0.8458968293028528
0.08537047045310953
0.05913548914263078
0.020587516958906704
0.03474578771007675
0.005968776364831285
0.0019966781110158927
0.546679523023446
1.3373482357099462
0.5760747640956421
0.7317563987887699
1.2213910669876018
1.0
0.7441510051520801
0.5197272184999946
0.31981057384087563
1.0
0.31529057344606315
0.3845504641135875
1.636728461198187
0.8321954156052378
1.1184344962772066
1.0
1.0451498684535565
1.0593651183917991
1.0608287952951176
0.9591396962289824
1.0
0.9075439034231696
0.7819339433361705
1.0
0.7430443635579334
0.28736509435684177
0.20873458891198382
0.4195055410402908
1.550630650344802
0.8809508529233785
1.0393656239124027
1.0
1.0042209812299632
0.9015821562680983
1.0314358313122511
0.9973680394339759
1.0
0.9165601141886857
1.5242068481386841
1.5555412248955793
0.21848324769378458
0.7137034647066134
1.157139072345208
0.37755498693626244
0.16604199280289222
0.9646045641825749
1.0
0.2802362554972664
1.511956984482647
1.2395951807275072
0.9605095875243048
1.0
0.9305596449068911
0.9766441572906501
1.013455308793807
0.9921654688463324
0.9333459129877397
0.9524927678675379
1.0
1.0
1.0104980914828605
1.0
1.0555261042927082
1.07110981252365
0.8929489219616986
0.9887785853670756
1.0174183612996401
1.037662564847139
0.9542280857127441
1.0
1.0374021755081522
0.9635888607929957
1.008199016867092
1.0
1.051650262756608
0.9834429940808818
0.9676321531424925
1.0771973827465438
1.0
1.00270689889404
1.034440873827327
0.8850986946727932
1.0108364680042552
1.0289985710900194
1.0086200946220902
1.0
0.9652114659841615
0.9847487421578034
0.9853894526008684
1.0
1.0269108081501965
0.9215518150544391
1.0083574370396686
1.0292047156188726
0.9178639624610376
1.0
1.0
0.9910088089191635
1.0109204706437946
1.0577573836644376
1.0
0.9242197273351778
1.0
1.0
0.9699090464003888
0.938070650421384
1.0
0.9880090796872523
0.9615191419727065
0.8562408794280287
1.0
0.96502004483715
1.078270103388098
0.9577132300770899
1.0
1.0
1.0082782342884666
1.0
0.9785886761028983
1.0
0.9085503885468533
0.9161506738291152
0.9442557774870135
1.0783797705388842
1.413950643382261
1.3405267302249353
1.0
0.1593037920841045
1.0
0.25066373511129303
0.09107930588987045
0.0827469723220613
0.05528069192425811
0.02200334403402504
0.030674331302586122
0.5592520637099074
0.027606898172327643
0.00557156653944979
0.0017970102999143034
1.0
1.0
0.5765306641672865
0.7844594022649556
1.0
1.0
0.9704812397271265
0.8734331157544144
1.0
0.8534709978111916
1.1650366553888105
1.0
1.123542255297588
1.0
1.2612208885485146
0.5215052019217019
1.0
0.66013036534566
0.625880916328736
1.390718735946317
1.0
1.0
1.301180423587855
1.4862600330308435
0.5738067366132089
0.714767330130222
0.9950500365122767
1.0118912598443721
0.499735554034082
0.3432151468073439
0.3050404414132313
1.7116480395373053
1.0
0.2751735059596889
0.9722478450174972
1.0
1.0
1.0206678795042397
0.36392345831678696
1.2702746002683405
1.00314385301618
1.0
1.0
0.9215153667662346
0.9133573612186634
1.2324613524118195
0.9097257721222736
1.0921411262883343
1.2804458134835013
0.3418360656022017
1.0
0.29189988071498263
1.0
0.24571885804906124
0.3691459980838179
0.827628494539244
0.8614910673730893
1.0510216574116935
0.23470529218915281
0.07369667806867675
0.08000034428228098
1.402586278581147
0.0720003098540527
1.2551276197376264
0.06480027886864725
0.05195295713523418
0.025631132578113558
0.02428905170114959
0.005194110915496042
0.001617309269922873
1.0
1.0
0.5394924073727854
0.7807198656086545
1.2622169939615215
0.872852908619576
0.8139272023462123
1.0
0.6768248747894745
1.0
1.0
0.7780676002096616
1.2681122684442805
1.0899699751428589
1.0
0.729280390254603
0.35350800177605457
1.0
0.3347711201674226
0.34363323830917913
0.2967322663151428
0.23347900791928744
0.8777813059897106
1.0
1.1289918062390552
1.4697552137722347
1.6661161009341594
0.500495509159256
0.2200854827982326
0.6423331182359515
1.116095263612694
1.3330881797672607
1.0
0.21270512298078437
0.3354194669229553
0.19403651896923968
0.21723227707951942
1.0000000000000009
2.1098969687272184
0.19688120306915202
0.04464691696131062
0.06351554669530568
0.04932077467952212
0.4647761050494914
0.044388697211569905
1.1239123425349096
1.5018627376484304
0.004836430750938758
0.0014555783429306413
0.5769778306430524
1.0
0.7002054488772576
0.5194343134890129
0.3650413387030387
0.3114038278487268
0.9124792941551512
0.9534286065526185
1.1091151598079776
1.0327990942946652
1.0
1.0235403677766328
0.37328913521106344
1.0
0.9127225069097413
1.1965918476481345
1.2391266969295955
0.9914552045230813
0.8063892022567618
0.4504459582433302
1.0
0.2249765573750011
0.3212811721275841
0.21056421883552545
0.9057388663069084
0.25221262994753957
0.27811614456599365
1.0
1.4318563182464459
0.261660374105972
1.2969544598287879
1.402144953729863
0.26308675481637156
1.0
0.8148587221504808
0.4176257212162753
0.26908641621453366
1.0
1.0
1.0
1.5251637445246482
0.008599193951249973
0.9999999999999996
0.1710433661292341
0.004498345510137947
0.0013100205086375993
0.5008813184414809
0.6567054204439682
0.6749971152059846
0.3454633249355439
0.963810257207399
1.680473417795067
1.2637432059252376
1.196168884829456
1.1485329898499295
1.0
1.1614383543024687
1.283559190524013
1.0
1.0
0.5695303721133858
0.8669603379922393
0.8079535960514903
0.8136973177030118
0.7555748683615597
1.3516468623516857
1.0
0.6420437361789411
0.3191808465356818
1.0
1.5529537504320725
0.2932131704704837
0.3241446682998408
0.7780228792270734
1.0696009587708826
0.9679952882720606
1.0
0.9135299712902114
1.0
0.8177504371636335
1.0
0.884104280168696
1.0
1.089256636162256
1.0720326924611197
0.9588767691486755
1.0
0.8755449340019403
0.88146577451041
1.0
1.102829467714562
1.0
1.0
0.9810338525798965
0.9013189759074223
1.632499925921877
0.39670837432892725
0.26108951005070047
0.21854207830642558
0.5780998064123573
1.0
0.5933878415738647
0.9557131475126823
1.0
1.0
0.9351680961452669
1.0736598637397385
1.1348566000557234
1.192854618139469
1.0196609286019331
1.0
0.9671651936015255
1.0251131604128165
0.9302323772529615
1.01044216489759
1.0180706403030886
0.9839684980837031
1.0519816452979942
1.0624467064266732
0.9317977546016589
1.0
0.9382533560174249
0.9253898317994746
1.0662144160569973
0.9189611841949059
0.9595929744512972
0.9619419070693809
1.0
0.9013552681188326
1.0
1.0074504108596205
1.0
0.9040835777824636
1.0
0.9744622362253725
1.0556754441413414
0.9576681767922004
1.0304095382837026
1.0
1.0
0.9490172729047153
1.079779537371337
1.0213709400501507
0.9653672277754346
0.9564490071483469
0.9288368127610109
1.0092301871948681
1.029035984525395
1.0
0.9495043912272596
1.0021555256921015
0.890321450714362
1.0
1.0
0.9310168306365796
1.0
0.9480074010032435
1.0
1.060060359912864
1.0016918794802994
1.0584583902971438
1.0
0.8426381893216011
1.0
1.0494301527587027
1.0694955656145506
1.0
0.9729599902826553
1.0226018443715343
1.0
1.0
0.978854057366739
0.9623712735073777
0.9222555813923048
0.7753419606357799
0.27028341667968103
0.9595855492470458
0.03383067059564926
0.8832167247925318
0.07158148736795322
0.003946302196863982
0.15348919496529678
0.10134492074335166
0.001179018457773795
1.0
0.4653173091481051
1.0
0.7265966348975006
1.2763400723920064
0.6637523559151219
1.0
1.319688384532153
1.5030974042580905
0.5187855782332935
1.0
0.6563637279465517
0.7058252993871683
1.402311897840411
0.9960245785481838
1.0
1.0126191206122446
0.5997807502045873
0.29630632025341974
0.321151888998072
1.710963299901735
0.3069817187495776
1.569386905593399
1.5557649547172243
0.32831081280972363
1.0
0.27628354687461965
0.9165742253948981
0.8975685184181188
1.0
0.9941284278667784
0.8045950285502439
1.0
1.0654894925069147
1.0875342417921416
1.0037683257617385
1.18035157645782
0.38314648790110617
0.25683476687627227
1.6463910652737006
0.23115129018864522
0.21027831358028592
0.8090141994233093
0.948395068898602
1.0459439589228676
0.9628027401787058
1.0
1.0
0.9941347424509068
1.0594240389782268
1.0003334708710039
1.0996998762160963
0.9016017532439431
1.0
0.928043277588877
1.1293601465141858
0.9145675237725133
1.030693451590814
1.0
0.9045584160370339
0.940774238082172
0.9828334135679508
0.8987746050976302
1.0
0.9231101785102425
0.9652440721160591
1.0
0.9589117327114067
0.901159083333857
1.034407359301774
1.0
1.0177085913105692
1.0375066323864406
1.0056758452008427
1.0
1.0
0.9632455145551297
1.0051082606807586
1.0
0.9720244418081503
1.04770873347921
1.000702139590242
1.0183612268072864
1.0
0.8669209630996164
0.9905468917970985
0.9870874769257831
1.0466975902267546
1.0
0.8848319767624613
0.9859132604147085
0.9486214391045991
1.053602624431841
1.1705634249168515
1.0
1.0368876083015817
1.0
0.9772329751607192
0.9412912358097891
0.9254968932870273
1.1249065974487866
0.9770744441650105
1.0522454201999984
1.0101498232947606
1.052642411069181
1.0
0.9739616531684501
1.0758552189084245
0.9933634666989288
1.1154499277888448
0.9048269077316906
1.0
0.8249041027698176
1.2611087714782059
1.0671376624036988
1.0
0.9405895546313019
1.0
1.0607510733407235
0.910349024946294
0.9754131332558131
0.9644060399486101
1.026748306197005
0.81438114899262
0.7597979654464755
0.5862921838831721
1.0905988326417813
0.19498779320363013
0.1847468093767084
1.1031882147083278
1.299114436819532
1.0
0.3091178738854259
0.19577103660195405
0.3140009559304069
1.701317674311599
0.7938304454805367
1.506445880562091
0.1476984629573419
0.06402870841147124
0.018900591473706818
0.9853342829563996
0.01701053232633587
0.12800578339443236
0.005837077218569853
0.001061116611996371
0.7839693762636966
0.7421064103588915
0.5963280043130919
1.2245135846331348
1.1626404808339696
0.975253102110317
1.2730302608926873
1.0
0.8320321373772757
1.0
1.0
0.8085279682166426
0.9030888555920438
1.20088338604889
1.2552032714716113
1.0
0.4877763961038326
0.7815709786469505
1.2807176735389731
0.6130348306555824
1.0
1.0
0.6309579476292608
0.31978664594839934
1.3463484437810962
0.27909077393033854
0.8071806871814537
1.0479552183484184
1.1014835532566476
1.0
1.0
0.9170838914517407
0.8907255834089245
0.9538603565612984
1.063225726606083
1.0
0.9591880707556442
0.9629890922338085
1.0
0.9081393587516313
1.0
1.0
0.8548706276477223
0.7522965193002609
1.2757633203739243
1.0676939674354369
1.021633202602187
1.0130445829396422
1.0
1.0126460336597596
0.98719732313252
1.0352031064342242
0.9671627209177451
1.0
1.0
0.9330984343534894
0.9113814302937833
0.9908434181712362
1.0
1.0283990678825763
1.0160994011196713
1.0365007307430787
0.3936304448174859
0.2290639925278093
0.19172497966158986
0.32970825611874055
0.1834145597748531
1.3457120948344468
1.0
0.7821289513339096
1.0
0.1665661605802624
0.10399942971960296
0.1265257458204605
0.054034725190319044
0.028110057433146096
0.11578891277684589
0.005147257835513175
0.0009550049507967007
0.8310927657844882
0.6981668726996322
0.9532109664035673
0.7367696530545107
1.2168539141949175
1.0
0.9274122202273443
1.4351880929898897
1.3086290021288853
0.7337677989819689
0.574610252653974
1.2729633668175282
1.1250675131071919
0.5998408174611747
0.32021673520752536
1.397865248386097
1.1643729470091486
1.0
0.5718784092358096
0.288195061686773
0.3084291337373397
0.37717379958851893
0.20780732514320555
1.0
0.20552330730730617
0.3163533582124316
0.9085489478862065
0.23652276938718764
1.0459326659000032
0.16030948749419593
0.08094691216559635
0.8223174731910587
0.045820246927972264
0.03687794296751612
0.10472474728271264
0.00453703155688201
0.0008595044557170306
0.5181293807995804
1.072403253456761
1.520861997443733
1.0
1.0
0.5107779536649719
0.7642380989007425
1.0
1.0
1.2511428818141948
0.7178520443491685
1.125638896198529
1.0
0.7848062335908264
1.2200170328530167
0.7151729077497464
0.8767078252945844
1.4570042625515445
0.8866546842607441
1.2290822334859612
1.0
0.770886325684776
1.1898056881287626
0.7765378545601589
1.0
1.0
0.8109758682029167
0.2902184688918297
1.310593359717858
1.2149175268693995
1.0315090617462825
1.1977071835120388
0.9408517373867369
1.3500008359840816
1.0
0.7038503095676045
1.197813798067692
0.7337376224437104
0.5193414714377305
0.2611966220026467
0.28156062395988
0.9953976179902106
1.0
0.9187391082354122
1.0
0.8792562808595594
0.983590494385826
1.2865088682228354
1.1467471776340634
1.016860000370027
0.8202432872644057
1.021426650831346
1.1634647436020078
1.512448215034059
1.0
0.27290078948572827
1.4042081165225628
0.24561071053715544
1.2797243406761556
1.0
0.22104963948343936
0.8717477823437267
0.9651813544143266
0.917325422876468
1.0
0.8097287490366067
1.0
0.7240280168133122
0.21934783079304765
1.0
0.6621455413807542
0.6202898257711205
1.0
0.5709911537794294
1.0601418327614134
1.0
1.0
0.931216496255372
0.23340079894092902
0.27883795027822345
1.0
0.2075940285347997
0.30461141919845147
0.76126379002657
1.0
1.0
1.0
1.0
1.24833349374111
0.34318516338274296
0.03755042793842378
0.043662623399035816
0.0947059757101294
0.003997377955622383
0.0007735540101453386
0.597310925452998
0.7408194597211253
0.9205551520986042
0.9220635348391646
1.1149392411266295
0.7850197904720719
0.3371891361490036
0.21319142397583768
1.192810147810782
1.0
0.1918722815782541
0.37216656171732687
1.0
1.6615325001650252
0.5046207498514779
0.2650918095495811
1.0
0.15039175825974205
0.3614785399259208
1.652342221143961
1.0080461443285973
1.1971448934082876
0.32550859180390646
0.7039160562005193
0.15237322996133607
0.1550839682681433
1.419742855561644
0.7222314299945207
1.3345456265368636
1.0
0.06735242844187628
0.7400857258719524
0.02942912280467791
0.048766958630145574
0.8693580431851418
0.04389026276713093
0.08563511593467865
0.5629842264970799
0.07707160434121096
0.0035202847590456443
0.0006961986091308381
0.5957516050319231
1.4285068902446607
0.539719899047963
0.828327313517045
1.1730424910522803
1.14716269304345
0.7091786006758927
0.5272459001091203
0.3439765930895131
0.23848183885687035
1.127554445464769
0.21463365497118403
0.9242721324541865
1.0828591119030015
0.8026201615040378
0.8257764762566353
1.0
0.7000691791662437
0.2579114553873847
0.17452044367516528
0.6382710417930895
1.2034606757625799
0.3068742040068262
1.572673371533348
0.27618678360614446
0.8646864099303979
0.237944514074659
0.28041804752005106
1.2692029931375783
1.0
0.2523762427680456
0.9770348507115143
1.0332058997511702
0.2023161139700731
1.490720229451684
1.3271952679752506
0.1970641562041573
0.3140019115817614
0.9786124047582563
0.9876617512132793
1.014994801767803
1.0080792359504214
1.0
0.9835872877422522
1.0
1.0
1.0070676107839303
0.9100800807108858
0.9906654379366522
0.8190720726397975
1.0
1.0
0.9813832384931516
1.0712045779989587
1.0
0.8915988941429873
0.9426003634172071
0.9478441634672752
1.0
0.9693581470083004
1.0
1.0
0.9182659620948792
1.1047086020977712
1.045166062129523
1.0109612523862168
0.9994711919462027
0.9955166029539271
1.0
0.9267891698676411
0.9943502660341004
1.0512828964057288
0.8758633231618491
1.0
0.9388335467992208
1.0435938435923555
1.0
1.0
0.9435851004897478
0.315564602118779
0.017220488384482202
0.05577190851800573
0.06971647238299461
0.09351433160157985
0.0006265787482178098
1.036036648919609
1.0
0.5469338386421185
1.3396281911249908
0.9324329840276473
0.5685806404948703
0.7744845247397922
0.802259576672629
1.2061740101373655
1.0
1.0
0.7325523042619118
1.0
0.8298571813552478
1.0
0.7705804332813013
1.4780623694633057
1.2257581464990608
1.2417034311985145
0.4922404547779067
0.8748856878385691
1.1410842857149213
1.1383530929421273
0.5449759189673493
1.0
0.6878751688912832
0.9393606092299507
1.0
1.1654373288444102
1.2029009349905024
0.9324464237391048
1.432983247764822
1.0
0.45898638285360605
1.0
1.0790153755446497
0.5346734370226258
0.8054696590758077
1.0
1.0
0.8236281731139545
0.7434261462057563
1.0
1.2537077305566022
0.9988392594434217
0.5089189694071585
0.33834356402894095
1.0
0.21505223519450567
0.346793530560106
0.24511272122004613
1.0
0.22089550348695752
0.5744439376137809
1.134997894330386
1.0
1.001167117999648
1.02122839158387
0.7995465026680879
0.7815921392589811
0.6270209563319238
0.2773173959713482
0.2087579317419177
0.31822234643826164
0.28573019074534933
0.009921248694233498
0.4468182703953394
0.008929123824810148
0.05716636490450533
0.053393391984537075
0.012387411707564189
0.0005639208733960732
1.0
1.0090810750068648
0.8159144942947414
0.6334864086697234
1.2804948583040794
0.7314106974234793
0.68706866783943
0.22822636473106428
0.3184942505254096
1.2768378751588152
1.2139958997236988
1.0402432741878016
1.0836257922194594
1.0
1.0
0.9239813415864049
0.9527764932319691
1.214555063626582
0.8008291234003835
0.870172047568996
1.0
1.0551213167142937
0.8026537973215788
1.1966206371701098
1.0454257013690835
1.0
0.997198329059465
1.0
1.0420925546334097
1.018062866050366
1.0558526801845023
0.30477602457356134
1.3902157413323142
1.0383796905875045
1.0
1.0905474034079354
0.9255928805888214
1.0
0.9060500615072726
0.6803646789103635
0.24715063244285318
0.2104363632202979
0.8082971410155473
1.0
0.9357949334068447
1.1682873620091456
0.2497085754137398
1.0
0.07494262589358947
1.3739698120088928
0.06744836330422999
1.2433176671384274
0.06070352697380699
0.5251033433489347
0.09064753954439642
1.189757937555746
1.2345394870483828
1.0
0.18932238468672402
0.8542202810847419
0.2498229527682243
0.0023195749518789555
0.05678906761250868
0.049292793956840164
0.01109227844946803
0.7040136107244099
1.1142865141878144
1.0
1.085205957026129
0.0005075287860564215
1.0
0.532572166283245
0.6766475412020849
1.3525333517426148
0.8249226931682259
1.0
1.2133903547874496
0.7442361222561384
0.9454245483069545
1.0
1.2905227249377642
1.0
0.8156079704231356
0.7525002890387515
1.0
1.0
1.0
1.2282208834452835
1.1614704524439876
1.0
1.0
0.7601676784809115
1.0044585359520362
1.1906709006330125
0.5459767098269861
0.7693093796810402
0.27686058204434616
1.0
0.24126964272692675
0.9960512829758574
0.9807450146234089
0.28748144999453906
1.0
0.24347920552059854
0.22674302087117937
0.3003818335580597
1.476459259988431
0.5369893452533212
1.0
0.5014645194551921
1.188293137046056
1.350387827638965
0.27034365020225337
0.07332749591421184
1.0086980073066592
1.792918243657164
1.0
0.18815710925520435
0.10057870895362253
0.2246086999962138
0.003591289304559986
0.056039440246942185
0.7554565344617181
0.05043549622224752
0.045472742406102995
0.15691222852956654
0.00045677590745074603
0.5594985152556138
1.4544901189174357
0.5210485575883759
1.0
1.309041107025692
0.4040929812874072
0.7976716857322383
0.5249057129907424
0.29311802603734627
0.27235193649461564
0.2946132609130956
0.23921722713753368
1.0
0.24754813891270366
0.7703334879086992
0.9267321080156581
0.9240734755773037
0.8910712792246613
1.0093167490565413
1.0
1.0070616278298612
1.0
1.0
0.9948828357991122
1.0
1.1459220019791392
0.9687196649044534
1.0
0.9531364677736516
0.9144839109306488
1.1225665087517598
1.0
1.0196883954181573
0.9852575259979552
1.0
0.9902009503099674
1.0263732662955931
1.042027831204079
1.0
0.9821840782836979
0.9591195576373241
1.0649703143082725
0.9454378637032033
1.0688517090165846
1.0
0.9845915417685092
1.00538605525327
0.9074258131694943
1.048035860509474
0.9860388174522807
1.030414843877809
1.0
0.9699891614497496
1.043008074090313
1.0187099724964188
1.0
1.0162453084761385
0.9867317733981587
1.0
1.0045974346126822
1.0
0.9011831500662151
1.0250689933775163
1.0165251041265577
1.0
0.9783036510003615
1.0262571747389284
1.0
0.9798776262190607
0.9697046333044188
0.9791249664984161
1.0371631679624027
1.0132424466778875
0.9812657363436017
1.0
1.0
0.9945325022114933
1.0
0.9793109345091509
1.0202016119313608
1.0
1.060851587451669
1.0
0.968400456349503
0.9630285474491291
1.0
0.9841510097424475
0.9964495548308179
1.0126061762984229
1.0166390079553906
1.0
1.0086995403562025
1.0083850741508869
1.0517938160609681
1.006355465046875
1.0
1.0
0.9953945522192011
0.953467529475315
0.9568864117626958
1.0417536870297983
1.0
1.1375399108208253
0.8629335604530333
0.9809125779638954
1.0652618485309926
1.0
1.0
0.8958550969972805
1.0
0.9553171037932113
0.9718476984140079
1.0
0.9157341968245607
1.0231633148387012
1.0183496680946966
0.9904764200948328
1.0273733594900278
1.0
0.9167577506186539
0.9772910527138059
0.9611009166352069
1.0
0.9672397563397723
0.9731143241055982
0.9880585960583428
1.0
1.0078277405553795
0.913571734397344
0.9813867790465363
1.01464717639006
0.9713472504775424
0.9461321646661638
1.0
0.9830990033742193
0.9105704279378788
0.9260759265477674
1.1148725937139012
1.0
0.8847891030367965
1.0236314572650347
1.0
1.0044099689551071
1.035951770908106
0.9788603269275953
0.9706466666238196
0.9855522957645064
0.966725692704216
1.0
1.0390109164961938
1.0260497836015485
1.0
0.9993382783136635
0.9695314785472178
0.9989380574305233
0.8787476201649582
0.8364654980643991
1.0
1.0958464561596362
0.9063869918907255
0.8260899122622387
1.1939893406188578
0.832541928254301
1.0
1.1322766392119181
1.0
0.9893475050206053
1.002171915787292
1.0192864659835799
1.0
0.8994044504822973
0.9724721364355489
1.0421483846617061
1.0774652004663121
1.1335020317256372
1.5271225355999274
0.2363864532688229
0.7576165901047052
0.11862646994542025
0.17939926922504412
0.06805996805863934
0.2025069589270485
0.013879654021023313
1.3251326686066784
0.025991199038492674
1.0
0.025577842988126598
0.00041109831670571584
1.0
1.0
0.8677636693774389
1.185893105605171
0.48293340463204437
0.8639402725499803
1.3809232533835036
0.6468405564910267
0.48594014617931336
1.5326970987396855
0.9508820934762579
1.1088015419862742
1.0839776993091625
1.1588532287359907
0.8410243800816666
0.984668891914156
0.6051284543814219
0.8557938841286319
1.279400237461644
0.7193566916339176
1.0
0.7343095078242161
0.7744135577839799
1.3685271945266795
1.0
0.7065329994948453
0.2788044800339353
1.0
0.26495644440698385
0.8051182603714171
0.7629334488988135
1.0
0.6853129175294246
0.24761674258794208
1.0
0.21783788379767088
0.5832904107279884
1.0
0.49160055580621
0.9826784415915633
0.9620934993513774
1.0170448111456487
1.0375249496189003
0.9722341965246528
0.9456646897196137
1.0
0.953206660902918
1.0
1.0542235118696066
1.0971658649239284
0.975488131712094
1.122060681459116
0.9831406131952978
1.0
1.0265843784165245
0.9337724546570101
1.0070014635562856
1.0
0.9779241756915429
1.020341659934381
1.0
1.0
0.9772057789808031
1.0311314571045926
1.0247601420414298
1.0
0.9479314735645854
0.23245913565994591
0.28939368801707843
0.8694637602638329
0.28705423047926093
0.46660255646242454
1.2179481399916856
0.25752707208534886
0.10289552275963132
1.0
0.18505160760514983
0.7888754374934743
0.1665464468446345
0.025192909707499656
0.022978948857643733
0.00036998848503511095
0.28499397200107524
1.0
0.568309976812392
0.76529655472938
1.2417364867455785
1.0
1.0
0.7007270950515618
0.2896566135203784
0.8415519712291797
0.2989428232096589
1.7159917209562359
0.8964461546782712
1.5343495309852475
0.28394104947336807
0.2549530180038051
1.7604836291056358
1.0
0.23780413588064775
0.2543831364907021
0.5894390192783909
0.4880954336582555
0.238152590895659
1.4827423119568302
0.21433733180609238
0.26817099516354936
0.9081966148253944
0.041003275360070646
0.17335467616048295
0.07457222052080592
0.1524110931309215
0.024971513622514152
0.020644055123375527
0.00033298963653161096
1.0
1.0
0.5902521693403848
0.5446156089432801
1.4702687511483408
0.771933958588237
1.0
1.0
0.7126610950646324
1.0138346036285686
0.5932268305603046
0.5045178308918867
1.0
1.0
0.22221561464114892
0.3048226599144783
0.23946203594165283
1.6422205380682442
0.21551583234748684
0.2289659264565831
0.9164079509034462
0.9976672442625851
0.8791041858362014
0.9944045182009305
1.0173641541113305
1.0
1.1190489752907258
1.0
0.9906299460972736
0.9585184720991649
1.0143020107411296
0.8187938208560759
1.0127259483418953
1.0103731655946557
1.0
0.8800281893451221
1.0
1.0
0.9569701632552903
0.9927134568810381
1.0226819501643014
0.9374596634233914
1.0100447756444595
0.9831391627092412
1.0
1.094469233197751
0.9950792519903437
1.0
1.1113034461710125
1.0181814507382239
1.0
1.0117376883275053
0.9583843098309419
1.0155623432947092
0.9941661140343534
1.0391228794310585
1.033877032219701
1.1033853343425104
1.0
0.9129608315170401
0.9495493870997489
1.0
1.059773145536333
1.0
1.0615731794586942
0.944718174645498
0.9974320525880778
0.9740878027080946
1.0600929135235155
0.965992385322302
0.8921180114047544
1.0
1.0679756605209842
0.8878312044753809
0.9700531234337948
1.0
1.0156741684043222
1.0032995182080295
1.0055664766370338
1.0114533535077062
1.0
1.0
0.9605444926178652
0.96696500256696
1.0
1.021969989477343
0.9543880470956001
1.0
1.0
0.978493126364846
0.9336912654675338
1.0
1.0
1.0174863109132648
1.043859919711391
0.8977220141548248
1.0
0.936873499963303
0.9821803274189467
1.021268311538531
1.0
1.0
0.9529741637015885
1.0201236717930762
0.9394739277402522
0.9986617905740225
1.012399510659785
1.0
1.0350831228330968
1.0
0.981879586279204
0.8588384613431739
0.9142156787080822
1.0
1.0139108741690936
0.8919529246424585
0.9866184942074216
0.9872319992113585
1.0147670477557327
0.8864918616931536
1.0
1.0
0.9439231622084527
0.9074455042153655
0.9730478110904155
1.0864447947385347
1.0
1.0144367033846926
0.9152977868793943
1.0
1.035608981395999
1.0106745041526057
1.0
0.8633363098612374
1.0
0.8499709330038936
1.0
1.1578445993824023
1.0375161626004061
1.0061551643241007
1.00978549047489
0.9239173549420414
1.0
0.9920253704106088
1.0
1.0
0.9611865436127758
1.0012108049004027
1.0152117952391677
1.0589492423860403
1.0
0.9079498127393428
1.0
0.9826883137896374
1.1142867125388545
0.9590135104180515
1.0
1.049887678977374
0.972737493682212
1.0029062102642783
0.9177503929677684
1.0
0.9908596274228536
1.0400660321296087
0.9014194815989551
0.9008427855047731
1.0
0.9604619054057597
1.0
0.830735840940994
1.0616168456157826
0.9985862323931567
0.9886434547384546
1.011159559593807
1.0
1.0315748105497864
1.0
0.9751131955220913
1.0086311700403154
0.9899855040657961
1.0132903429801594
1.0
0.9939979120710429
1.00261558923785
1.0
0.9644157148651828
1.0
0.9554551610542052
0.9631121593762462
1.0
0.9509758667047219
0.9843875094552281
1.0
1.0
0.9016649140772639
0.9752740252811964
0.9292444437431158
1.0
0.9706145938214163
1.0029624395648415
0.9873880482045969
0.9237680081914554
1.0
0.9125821286639759
1.1632341407188687
1.0959134875635446
0.17723168131069222
0.9208521215194132
1.0886592199274148
0.8557483502920711
1.1494121374362702
1.0
0.8411240096622468
0.2080044400945127
1.0
0.314186518306391
1.0
0.14253118176442214
0.305009063077577
0.41994230081618245
0.1115359205036901
0.13966713518008067
0.02453876777259989
0.01854635064738508
0.00029969067287849427
0.3281750875940386
0.8282342718675864
1.1830324792336473
0.6185120206061114
1.0
1.0
0.7100718299876316
0.31256482879155634
1.1415012190111415
0.21259586741639502
0.7272515897801011
0.8831548428120968
1.0
1.099962721897164
1.0
0.9443313200759018
0.8921851081685741
1.0
1.0755943863426527
1.0515738347996404
1.2715747473931938
0.3198381807519439
0.5004499325038321
1.5202132123882475
1.0
0.14571533469724152
1.4567109257950328
0.2361139404089858
0.2545946896556579
0.039128914844175355
0.17236566664441
0.01956748020801502
0.14856198649235441
0.037907175637625024
0.12815429843933313
0.023939526060078098
0.0166617465153589
0.6871360115619691
0.55598623809
0.59049
0.3236770660415633
1.0
0.6566608185455003
1.0715648583561563
1.0
0.6590586765076534
1.1998958960345973
0.9516381784141572
1.227959269686961
0.8038193093524537
1.0
0.7733626113032415
1.4687068416206799
0.5323646219452165
0.3066190315286672
1.7229896556726292
1.3891276964271757
1.2814797971232572
0.8868765039508197
0.6249273803468665
0.27595712837580066
1.4631490854996425
0.2483614155382199
0.22502523880081604
0.8068015392104435
0.9081995024882517
0.34390864223891704
1.1570599089162474
1.17586410086842
1.0
0.9381508679822179
1.0808793478362002
0.7982499635462261
1.6730733651803895
0.728174620246147
0.8440673000411252
1.1705999947960297
0.894839358530886
1.1282509972396344
0.9029665973517158
1.0578295595378915
1.0
1.073192331188352
1.0265789698160717
0.9408831312321748
1.1061118250107498
1.2107919549529598
0.3180800251729643
0.5878547270225507
1.0
0.2379620153336539
0.23304811217450982
0.881201837522072
0.1570858480007704
0.7447419095920926
1.3010910638831765
1.0
1.5219951968661816
1.084948985400466
0.0717196574212311
0.12991507027935612
0.021301028229928853
0.11773282120140749
0.023211748105606222
0.014995571863822832
0.6740210342147723
0.7820139497922627
0.5314409999999999
0.9661898264376898
0.8695708437939214
0.6233047083567911
1.0
0.6371809231637862
1.3976089367038256
0.9429679058623925
1.3990072739532735
0.3913093594374075
1.4145826409991376
0.6674771108436133
1.2420194678060135
0.7750264422091107
1.2589942263098042
0.6007293997592527
0.6875090197615297
1.4132243024641387
0.8702144957157678
1.0
1.0875030265509498
1.2606743782219478
1.0
0.7947405627294124
1.0
1.0
0.7438915374844157
0.8351844388050527
0.9707431041597019
0.7801915712830834
0.6583296814965003
0.28320286884177825
0.7261213852893995
0.9344670632532299
1.0
0.9690406158830207
1.0
1.0396895857751058
0.9734569263924762
1.0
1.0
0.9410203569279059
0.9761112337532278
1.0
1.2846148602814385
0.8469183212351155
1.1883127207392228
1.0073439726397293
0.7831127218410199
1.0747848709798031
0.9380227245569248
0.8857323037096432
1.0
0.14086643791029907
0.21758453654954835
0.5793046607163781
0.4918988010189196
0.9806199473675452
1.064812050183269
0.9366138824621615
1.0
0.9671711254572912
0.9688305049978911
1.0
1.037915147572921
1.0
0.9143944274108815
1.027573429551122
1.0
0.9164808903663193
0.9821659241158258
1.038521011552037
1.0653310896031662
1.0304943255982764
1.0
0.9062694670550488
1.0
0.9424336760537493
1.1509007714990087
1.0437897741059388
0.9695772458441496
1.0125507215684646
0.9952007572408004
0.9141693723327666
1.0215395808439744
0.9543974876696772
0.9368761502043963
1.0112107669279222
1.0149126447659054
0.8938298195703247
1.0
0.9909721181943283
0.9246430749327796
1.0
1.0
1.0
1.125563075556716
1.002058995949593
0.9841168519157044
1.0
1.0173031860405732
0.952645353923149
0.9155728674365164
0.8573808185308334
0.9443096118767489
0.9438350650165095
0.9930575678311087
1.0140914231509655
1.0
1.013421380289314
1.0
0.9843392138681732
1.0088249981496453
1.0
1.0
0.9857051667241343
1.0
0.9442621571907264
0.9487573152979678
0.9550484034262219
1.0
1.0
0.9436591360510604
0.9429524942159446
1.0
1.017499904174489
1.039513569373911
0.9878014328594471
0.9545679427226137
1.0126822808358682
1.0
0.945618581381602
1.070212278134786
1.040111138689996
1.0
1.0
0.973353089494351
1.0076324046470901
1.0
1.0
0.9584708183096708
0.9867877922963206
0.9474387889737663
1.0426704525633408
0.9870976187499974
1.0513084070066014
0.9755729048260875
0.9493864241107932
1.059543563083599
1.0
1.0
0.9170923299964091
0.8847487567875874
1.0337143600934962
1.084357479650457
0.8481903084483751
0.9783280579098097
0.950909592338764
1.1684983336121366
0.908384185863401
1.0
0.8796012478876509
1.01703797778862
1.0717415549031415
1.0
1.0
1.0392503777728166
0.976007932357744
1.0
0.9828528919640664
0.9569619553327229
0.9087397227447109
1.0
0.9511772949201234
1.0
1.0582804818109395
0.9419100736079944
1.0220307654012704
1.009992768569477
1.0736139587914124
1.0127094153326972
1.0523087265291817
1.0
0.7633712776035377
0.23033890596302697
0.3034180620711986
0.15461268012369977
0.6559212185138996
0.7789541877471251
0.0073976432867954856
0.10828071389182714
0.022390130481428017
0.013496014677440549
0.00026972160559068925
1.0
0.4728726580894893
0.7450272645585088
0.525362557959097
1.2027022333998332
1.217808649133156
1.0
0.7399189345367034
1.0
0.7595309518122804
1.3487791832373155
0.5045514611218742
1.2848492339909559
1.0
1.0
0.6845910859350273
0.19132337901623941
1.0
0.2565766064789674
0.3591441391489525
0.14853824777422453
1.4998712142481558
0.6501159071766605
1.369301895286318
1.1861489150588849
1.0
1.2325152958486267
0.9181805224017605
1.0
0.9154258975156715
0.9972496217609343
1.0
1.0294133586203422
0.9184528935703327
1.0
1.0
1.068530995051125
1.018009385957681
1.027727143723002
0.9721365542947176
1.0
1.046104095735723
0.9849208475598576
0.8061822755646109
0.785272634235529
1.147803923703556
1.1092637662637639
1.5280369706322414
0.8513264411519526
0.9415133298533487
0.9975246595848404
1.0
0.9565855849732934
1.0834001859448428
0.9007352470053664
1.0183173121153413
0.8724564802530939
0.9388913436624851
1.1152597802977198
1.0
1.0
0.8647323091456762
1.0
0.8945468664335348
0.06867283227913745
0.2157121713627852
0.22541606217177268
1.0
0.8008459433017752
0.2376468215738452
0.2885375238764478
0.143317701883368
1.2615287721397
0.12898593169503147
0.2815195087218214
1.1491896077671653
0.004170192431066866
0.09969165555078696
0.021500718901029003
0.012119441049137647
0.00024274944503166473
0.5870761347813733
0.6897902944441405
0.9585668817562496
1.0849933805562184
1.0
0.9025789159035611
0.8123210243132046
0.7771395948276787
1.0571486799565282
1.1931677436547474
0.6703732511933183
1.0
1.116758299013469
0.6352643152431483
1.264356411025771
0.48170308340345613
0.21504043934528028
0.26683335974596645
0.4064042269127448
1.0
1.144549509362971
1.0534455582777742
1.0634788341417796
1.0189811617342137
1.0399410309781487
0.9785001103779045
1.0
1.0
0.96445794713037
0.967046990360334
0.8513918090478754
1.0
1.094815410183788
0.9237537269278153
1.0
0.9822853760298162
1.0
1.0
0.9121572617551177
1.0037312289291158
0.9393619561879891
1.0560596394240047
0.9204132672582883
0.6241579673965365
0.08337676618750223
0.20697286253577296
1.5793883463947012
1.0
0.1862755762821955
0.8437977523845284
1.0753511933384559
0.2753218784920861
0.022606010206919436
1.0767004204029593
1.0
0.2869141348466435
0.12775095268191894
1.0
0.2612824460277192
0.979517339403758
0.9903950562687323
0.9776172110832473
0.935055410542259
1.0
1.0628732735822322
1.0478414453240568
0.9282722408175665
0.9163067052879903
0.8354450167358101
1.0445614947689004
1.0096346275562675
0.841487824558568
1.0
0.9852285589680267
1.0
1.0
1.0069638784184969
0.9375174711327796
1.1072713123553788
1.0
1.042268625892758
0.9716419194165065
0.9565350722282098
1.0
1.0274506171522821
0.7941938214544804
1.00646124391763
1.0557015991670093
0.9451477218508169
1.0072015096984757
0.9942377418879937
1.1498068636561012
0.9959649426585342
0.9908236407557123
1.1266688805129412
1.0
1.0902159120049015
1.0
1.0
0.9785796771987556
0.8827153727330224
1.0385571510897327
0.9944864841291183
1.0
1.0
0.953431998904894
1.7544374647839591
0.26222219137648395
0.366794478684195
0.1597349908796648
0.09187256188581117
0.0205625911158398
0.010883221999720583
0.00021847450052847606
0.4463494217846318
1.0
0.8216862483510994
0.4550368189976375
0.2058953602834439
1.0
0.2751537238640491
0.9547891411308154
1.0
1.0
0.8929519850669738
1.0
0.9848493741647069
1.1067025437720517
1.101193991060299
1.071364425221109
0.9601332555867845
0.37434115714101956
1.663092958573083
0.3402255621704313
0.10887240197198622
1.0
0.19286048794815436
1.4595769464439527
0.17357443915333803
0.570564074746633
0.5029440192238521
0.2508250338701252
0.915526970337277
0.20867948841778095
0.0003562200676689997
0.19236613411756665
0.022909594931620703
0.08474156480881412
0.019594654204228235
0.009773052349695499
0.00019662705047562845
0.5817406803159155
0.819863963835445
1.0
1.1338735308160022
0.8465783771693332
0.7166679531753513
0.8873363579685662
1.0
0.7659270410830334
1.0
1.0
1.277116487827552
1.0697032480484072
0.43012267312621866
0.22714556774340977
0.29133236601941803
0.896648088330803
1.0465703641959099
0.9554814722290885
0.8633930621511965
1.126293863893709
1.1167285734490502
0.31709024615058823
0.14012018596350018
0.168246411700947
0.24552908962218467
0.0016164455956584334
1.0
0.18784716158276993
0.018916015350853854
0.17542048019897205
0.029092791919340222
0.07822687374835535
0.01861249401877485
0.008776084409678475
0.0001769643454280212
1.0
0.46457873949533735
0.6743555767579661
0.9521140303921847
1.2326420984412447
1.178024034519435
1.0
0.6359003683981896
1.0
1.0
1.3519915165372822
1.3538345047873044
0.581166948218204
1.4366175644386328
0.49116392744350357
0.8005371755112893
1.296067393056239
1.004770104094602
0.8240517997328514
1.0810914998795695
1.0
0.7416466197595657
1.0
1.0482390787535003
1.0921529730519364
0.8335873347699341
0.7261417347951227
0.4059551218382538
1.2278770789876514
0.7759927617620335
0.5085562387080138
1.0
1.5275137795601008
1.4225953643150575
1.2747748975014712
0.6385413852815685
0.5921902412876285
0.18270862370020957
0.3139840289887843
0.9593102270177329
1.0
1.0
0.9036567865602763
1.0
0.9143816389928041
0.9578087685492207
1.1527727242116246
0.9313783542350329
1.0
1.0907593821988861
1.0
1.0
1.0252755295951363
1.1205810084650345
0.967285626574311
0.29939324013187907
1.135439114254451
1.0334547748477458
1.0
1.098514600006805
0.9510317245115907
1.0
0.8862177515052796
1.0
0.97067524541227
0.14293280853724433
0.17597467949307166
0.22113782521953063
0.021792612533250377
1.2069986510223316
0.019613351279925695
0.16717084388940684
0.034566461835665585
1.1871385835247894
0.03110981565209947
0.16078771137100922
0.0340062001022412
0.07226543577539779
0.017628853057865435
0.29478194330242236
0.0001592679108852746
1.0000000000000018
1.0
0.8024949819188318
0.755637903404148
0.9004423881345431
0.7893343369747292
1.0
1.0
0.7675199718266512
0.19346478123993727
1.0
0.3204655353516781
0.8953744221378415
0.8799133219279671
1.0
1.030109297362971
1.0
1.0577055241780542
1.0306652117215531
1.0104569126570357
1.037461474999228
0.989577064134199
1.0667040647323933
0.28374719697241524
0.146236995632826
0.6346011951657076
0.5391859947323088
1.4624537057401419
0.2031646390788957
0.034369100540873276
0.14388613175169063
0.044077605223990624
0.1481095602441318
1.5830962999940308
0.06680177750364447
0.5793486559480261
0.060121599753280464
1.549622407268393
0.03480467867182924
0.005726416897022357
0.9187562243299308
0.5061402129122836
1.0
0.7885753673610711
0.4577024147689279
0.2085362396402406
0.3221766212968866
1.5197154472809817
1.0
0.2899589591671976
0.2699961768384558
0.14170630834608744
1.0
1.0
0.11750207254630851
0.7594179771460752
0.9694356162019808
1.0
1.0600649185768773
0.9626666248892484
1.0
0.9145815059068525
0.8231233553161665
1.0
1.0868049378178064
1.0403109180029162
1.0011986769216037
0.9651889697415399
1.0026109039342792
1.0195855399538551
1.0026997208994484
1.0052025286460076
0.9527843460574896
1.0
0.9911397107949895
0.9426281857114898
1.1821537097660997
1.0016219208148236
1.102132607363215
1.0
1.0923284329316463
1.076015924264203
0.9821046479331432
0.94909161362445
1.0016816114523195
1.0094908754266267
0.9955941165639164
0.9143990427460444
1.039112812688824
0.997591954627687
0.9908950652239898
1.0100436036344256
1.0
1.0
1.1685835365145074
1.0284173294948076
1.0
0.997347522728127
1.0
0.9562208608864093
0.973061363066881
0.954317030979773
0.9859487585097053
1.0
0.9706710671273893
0.9363199993688038
1.0
0.9659405687850615
1.0096070537373443
1.062331417245879
0.49831053332169795
0.9083029688978215
0.12508975805411993
0.054480800726004475
0.02501102577968428
1.4247866699946279
0.10085280094888649
0.15295192619457643
0.49211608889261615
0.005153775207320077
0.5132701845539991
0.6084561930302126
1.0
1.0
0.5914421816169035
0.24889617372262585
0.2852565372101026
0.9633792043159595
1.0
1.0
0.9132911079042483
1.0
0.9187243519484465
1.0783508553811636
0.9539644347793175
0.9643013070907589
0.8857402163267256
0.7935595000432318
0.8736077208710427
0.19265299200613484
1.3804226231048151
0.17338769280552135
0.15755956629529777
0.49711199470781864
1.3863558524061865
0.15852805938115466
1.0
0.7477090062443548
1.5313959325698558
1.0
0.47773212068848103
0.5514166659080928
0.27099781663017275
0.16473807533668783
0.6030572294220233
1.0554579030120994
0.046531618075435155
0.0682172190001582
1.0
2.330393450376932
0.10105596979927789
1.580821081519188
0.31414153172780956
0.1790791930443394
0.07547232823453953
0.12605482152921788
0.03734304707332159
0.00014334111979674713
1.0
0.567663826063626
0.8374005570424394
1.0
0.7482550574439166
0.7509107649026081
1.256375163849638
1.0815826649734515
1.2550402071415974
0.7554880721018566
0.4423770760763013
1.2594406444477535
0.7558576941042681
0.22837506177965494
1.4957460952150452
0.20553755560168874
1.0
0.5528905860520439
0.2772844462809907
1.0
0.17180488015449846
0.16593770637675576
0.6920512034203998
1.0
0.8770026788751135
1.0
0.8936672217357522
1.2635730731036823
0.21143152284459177
0.0330005174224155
0.10247954036856477
1.054741049096652
0.14806127132123414
0.33368024547577235
0.055319613258165035
0.11718364408362847
0.5657207942777038
0.10546527967526576
0.03359440825400939
0.0001290070078170391
0.5041991731656559
1.1085078273779558
0.6322048697408427
0.6005788425656124
1.2489801153048035
0.9085584833582541
1.0
0.7353098267869953
1.0
1.0
1.2388959139620184
0.9996972661473809
1.2857363497448144
1.4703038709579985
0.563885666233455
0.7085672322435439
0.4568289687588276
0.22977543693816393
1.0
0.23187641323620767
0.2832233018577366
0.1712181627767233
0.17492103849887464
1.4754918171108358
1.0
1.0
0.157428934648987
0.47609417726928527
1.1458117557042033
1.133118867593236
1.0410243432823574
1.0026661956083576
0.9810260442032828
0.9313912073723092
1.0
0.9376473298694652
1.1163471556474622
0.9724920545817817
1.0
0.9776789693286982
0.9647638076776328
0.984692041181706
1.1907145996632877
1.0
0.9901017897711348
1.0363996938947864
0.9092096014172846
1.0
1.0
0.9689311631608142
1.0043083675362379
1.031366068557281
1.0717705382984466
1.0
1.0
0.9672359603515304
0.9426879994319233
0.9990256296349411
0.8986639820725983
1.0299738047171605
1.0086463483636088
1.1957539892544293
0.889302410987602
1.0877213100426513
0.900612658536339
0.8361518046120793
0.4337862101674492
1.2504100033223242
1.5885164782330463
0.1869883188178907
0.019452511643317294
0.19369494426953082
1.0
0.11561911516548928
0.9675319540132374
0.2947802596023781
0.027522759556458
0.09827819253313974
0.030222066727827013
0.00011610630703529079
0.5241466391333827
0.7698598693751837
0.41186815914332797
1.4141047741603519
1.400760923568349
0.804858439800249
1.0
1.0
0.5634985020028669
0.6102972150524746
1.0
0.20974051233405078
0.9258490212034527
1.032673033912726
0.9972897641940168
1.0714587704541145
0.27202278794963597
0.18733134381383643
0.1655382500569491
0.1663442357717706
0.005999512124111206
1.1766820738729766
0.005399560911699908
1.0271520419830757
0.2603718425008239
0.16734085033626922
0.30409357328003583
0.264819459250595
0.14533980363498955
0.014942664347498358
1.5112256323709072
0.02718824942434095
0.6074965450742951
1.0
1.0
0.5126762193017737
1.0
0.9995971
1.1862163355112627
0.4782968999999999
0.9999999999999982
1.0
0.5382489325381616
0.8205530379808987
1.0
1.2019723627910235
0.6956001937596721
1.0497969752659593
1.0
0.7281783037346745
0.7909176505865947
1.2426828897870266
1.0
1.0
0.9366698538812255
0.72857868657238
1.2277863012327437
1.2432254377312866
1.490127580686293
1.0000000000000018
0.5122153746735467
1.1466698027087894
0.7340606983519979
0.45396652116767555
0.2245844342964034
0.243239329659918
0.26355364353605637
0.18515203443814698
0.1656188486284318
1.3917603843449378
0.14905696376558808
0.14856990489101207
0.003002141251549517
0.16677428529787086
0.02477004005420369
1.0
0.026344101720028767
0.26105569125174455
0.09802545576816524
1.0
1.0
0.24531396813213302
0.02446942448190681
0.6467468905668654
0.9999999999999998
0.9014286514187817
0.8112857862769036
1.0000000000000002
0.9770883944332407
0.00010449567633175061
0.5552656412434249
1.0
0.8762744599862913
1.0
0.8888434735638544
1.0283011745071242
1.304193101866133
1.4510389720872077
0.5124389976584709
0.6039042427730816
1.0
0.5906368167374687
0.2233097283094594
1.0
0.22929411979246694
0.950497497981468
1.2493242841498873
0.2425626770954068
1.7691939921120596
0.9703727942352618
0.8678711763816835
0.9559285520604313
1.0660756879000903
0.9865942587499159
0.5617931312919549
0.1981044122337341
0.13729265252123923
0.8084638261678041
0.912950632344744
1.0023995760475213
1.0
0.9406049339709206
1.1534555594261722
0.996483364822101
1.0
0.9090337528891297
1.0
1.0711718521166507
1.003344331144305
0.8880934799314932
1.1359193013768927
1.0
0.9218955267150211
0.9878449712875064
1.000717615532281
0.9182886412755558
1.1234282780730194
0.9947057029701369
1.117781907324396
1.0
0.9129835891844955
1.0
0.9755906458266743
1.0436940677548634
1.0
0.9949182663262395
1.0
0.9724688835983564
1.0070141376383415
0.9286014284860737
1.0421478294827136
0.9592449631058297
0.9479199597187034
1.1020011016693392
1.0
1.0003596437263376
1.0349607268827103
0.9969222656873171
1.0742472763773954
0.9575059114517401
1.0
0.9042899318393776
0.9862885582866401
0.9665807381169511
1.0
1.0116729894696626
0.9969994211303863
0.8189410131589323
1.0
0.9978430208865348
0.9633280739137664
1.0915009336154444
1.0
0.9930341802084062
0.9041435655207497
1.0
1.120226287211107
0.9915179891010091
1.0
0.9737846539843495
1.0267543665971566
1.041556068314037
1.00246253784975
1.0071799758944273
1.0
1.0111990952979024
1.0
1.0545968671922132
1.0
1.0
0.9969040532962943
1.0046547667563264
1.0779027873790845
0.9530992774596534
1.0
1.0482748171369423
1.0
0.9687327612520278
0.9801768288288901
1.0
1.0
0.9647811642595698
0.9484191994887308
1.0
0.9509680189873624
1.0309016034124223
0.9898534846501637
0.9801356807639259
1.0
0.9970750785643272
1.0600255228653612
0.9483856884278179
1.0
0.8667354790093338
0.791991937068719
1.0
0.4417219541936994
0.24434010122404537
0.24174392848322235
1.0
0.1810161226306457
0.2764743588996721
0.9806051110902549
0.9891172717501835
1.0227949207589369
0.952413622728784
1.0
0.9797434153207059
1.0
1.0789803051646052
0.9096752459671693
1.0
1.1779726893875218
1.1314181008637885
0.9922721848634133
1.0059051329174276
0.9980955550115995
0.9930884551117733
1.0455071447449606
1.0060506115786563
0.9932310001658404
1.0377370436220996
1.0
1.0
0.9546845378219473
0.3440815625710254
0.22514757654975348
0.13023701875980898
0.2232295137671101
0.022012032466082854
0.6106636041385829
0.5309413873715965
0.4304672099999999
0.8981537847358148
1.0
0.5385623848322716
0.7986503156245082
0.4533592853114943
0.2270483629810549
0.24659761677782654
0.24341976060900805
1.0
1.269932364345257
1.0
1.0270983676266745
1.0
0.9826001834818019
1.0816834439789975
1.0
1.0
1.034806077482127
1.0614555559714987
1.0
1.0
0.9219619971138222
1.0
0.9346870022917191
1.1544862349536498
1.0
0.9602635019839489
0.9216246448269256
1.1647458659219865
0.8577436352552077
0.857060872089269
0.6489197865834182
0.1275447874137967
0.5430659351127769
1.2439326990354846
1.087123937923966
1.0215884558684305
0.7608882468801124
1.2085491640258397
0.13401312852706582
0.009131993795906013
1.9320938816844304
0.14761985276266287
0.007461414414198231
0.07233001832817632
0.18960911701879724
0.5872647080149891
0.17064820531691716
0.09489036550711738
0.20310776563700728
0.019810829219474524
9.404610869856445e-05
0.5196585947595604
1.4841671343447391
0.5447239864734943
0.7508702881841796
1.0
0.8037721046828317
1.0990171389753502
0.7789979831413465
1.2508833678994495
1.1681584420162618
1.0763523235256578
1.2125118381746987
1.0
0.6511548403478518
0.9928357250127018
1.118235134457338
1.0
0.8035076817314195
0.7110612154206919
1.0
1.080614946710858
1.3853274469186267
1.0
0.9340088204297974
0.22900328836073136
0.24627983116094576
1.622952265656238
1.0
0.519193971716323
0.2918176587375392
0.1346785470302745
1.0
0.1359258267373331
0.1215250150539493
0.03322814155285769
0.13211172604497712
0.013948274805596128
0.10112274872893057
0.14409434823451317
0.06509055239270456
0.18477807199525387
0.01782034168665758
8.46414978287191e-05
0.8962721411090477
0.4676927352836042
0.7513872091647151
0.4536285219145242
0.25537359034433393
1.0
1.558247994387031
1.3184146008083228
1.0
1.0
1.1927178298413228
1.0204511188979453
1.233081434047584
0.6435138184957729
0.5316457500203011
1.2572347828759778
0.43380302875750587
0.25711298077795064
0.19891421674697263
0.2761037475668129
0.13456054674258944
1.4428961014522095
1.1977615323863695
1.0
1.0015365351888423
1.0
1.0
0.9925085095315218
1.1138943439420181
1.0
1.0
1.019139181698817
1.0047066648200271
1.0474665505731036
1.055310000374348
1.0
1.0196198234016904
1.0025841962350572
0.9297657974024389
1.0
1.0400681876000402
0.9503386211106832
1.0
0.9563996162682464
0.9376577687303538
0.5315340602128344
0.12110449206832996
1.0
1.2989427077402702
1.0
0.11444396043513727
0.13448574556899473
0.11269532770383961
0.04311650000206946
0.11750572595991926
1.766393726138431
0.10575515336392804
0.02266572219792895
0.10541990867948936
0.12317585817179122
0.4847463960411673
0.1108582723546121
1.41836301374477
0.1680822989643942
0.016029843368209118
7.61773480458805e-05
1.0000000000000018
0.5477617522144413
0.9563513122259373
1.455914107648649
0.4256817847069083
1.0
0.5791624366461949
1.0
1.0
1.4092296219631848
0.7291460207913953
1.3364545533183616
0.8165259550756243
1.0
1.175064477667652
0.6853229288143368
0.923341078892097
1.0962221760677018
0.7529458399389419
1.2604542016001261
0.7663656818919851
0.6893025617510506
0.2512931043748523
1.4616802559585498
0.22616379393736707
1.3381286097564313
0.20354741454363
0.20663316982895807
0.28550427273473744
0.1164481389485239
0.13230670378247922
0.10573744493366277
1.5264274646568765
0.49358028751709604
1.1350913392451094
0.6253905784860265
0.06113093793424618
0.09291306580774084
0.03094114084608446
0.11828133086418102
1.0868714305560072
0.10645319777776319
0.04206385625532594
0.11854084131700748
0.15287705340477586
0.01441924129658334
6.855961324125914e-05
0.48311360623621624
1.0
0.6212461929815749
1.0
0.5592072787582882
1.1748916074641294
0.4711488296217734
1.4467947022267627
1.0
1.3412212618460053
0.7898768740440918
0.4371195722829597
0.1912328650498747
1.0
0.18937341707617783
0.8602511538948878
1.0052462609779393
1.0621256651868958
1.0
1.0
1.0176959300109392
0.9002369276291162
0.865954357144691
1.0806313593652366
1.0
1.0
1.0461896139786724
1.0537358441137528
1.1518113482316235
0.2685986593561154
0.11803399543191873
0.15138346353563392
0.837753689716008
1.1890459500748811
0.4442222587653859
0.42198376889673384
0.23574724323114715
1.0
1.6742506100757062
0.21414482648050992
1.0131270410606472
0.0805276451423591
0.05032047962566999
0.09160149237445481
0.026003386498093306
0.12197446252578459
2.2562235021727917
0.10977701627320613
0.13903127219395683
0.5082549364567202
0.12512814497456093
0.01297046120560097
6.170365191715543e-05
0.5889703809589193
0.6730064022055178
1.293024222056502
1.4591956710455314
1.0
0.5163630948836584
0.6216734707485045
0.5354954630108093
1.1455440608699394
0.9221675079704958
0.9967894034048346
1.0
1.0
0.9243624433401294
0.7688117929126559
1.1710165726185604
0.41253090155965033
0.2036700452747926
0.22244280434752994
0.25354219296369607
0.12136894224228989
0.1770504893926379
1.3670890091822159
0.1593454404533734
0.03873773638511757
0.926565118151828
0.06744283266555584
0.05444858090054794
0.0798410044872
0.00022789996838490367
0.125215256362738
0.11391237659766462
0.011667244719849368
5.5533286725473197e-05
0.5333179988347858
0.8706650212459177
1.1693893378130564
1.0
1.452838545466463
0.48316593612422665
1.3945649117896508
1.0
0.5440421832000997
0.6514823222571238
1.3715281956186782
0.8070641617336065
0.8668210599561235
1.2198610460394868
0.7187238400043832
0.7586593698778934
0.7180860150840402
1.2865731407274907
1.0
1.0
1.210376041939389
1.0905837542333732
1.1416002614472784
0.6206141875700641
0.39164481593116385
0.1965342109140522
1.2838142023590233
0.176880789822647
1.1731208611053852
0.159192710840383
1.071728046078885
1.1140924525702793
0.40574110549575515
0.143273439756344
1.0
0.218729374469401
0.9062940660904104
1.0
1.0
1.0247396294247721
0.23332717940028047
1.7753369877138692
0.9024915342454083
1.0482508955532275
1.0733482422259986
1.0339865819966008
1.0
0.9476939689089754
0.9553047589996151
1.0
0.9545254315144565
0.8521709900633976
1.2206410785697788
0.8242333292454269
0.5375206071041703
0.14287164100266203
0.14728467004654888
0.05753193210154528
1.0
0.9205049098753602
0.19909127697879825
0.24405147299828833
0.8327653740057563
0.056987823259213144
0.07183411404164186
0.012316415664726854
0.12408496838623062
0.10368786340988345
0.4231566043128372
1.6191590561184466
0.010494966919191606
4.997995805289257e-05
0.9999999999999982
0.4348493425118036
0.9999999999999982
1.3738196127620128
0.6172277860051238
1.3993562187834225
0.41364709570898306
0.8480420062015508
0.8648356403658504
1.0
1.0019107899827109
0.8939976563022096
0.7227173929917345
0.7546020343985091
0.7237425415189342
0.15983214349566488
0.9948657997961963
1.012764490114975
1.2270304603243822
0.596954226608565
1.0
1.0
0.585884250720115
0.14384892914609893
0.9039114439005171
1.464171950267957
0.5416807185627128
0.1294640362314894
0.2270125237022338
0.23127931405179325
0.7578606624541528
1.0
0.13830939625204763
0.12176728135163373
0.013550313312792994
0.049554908983024504
0.05847245233745646
0.06588234420395
0.023493270936877586
0.039870647723248887
1.457243150506602
0.47959866863446
4.4981962247558904e-05
0.5039135610897603
1.271689019932289
0.9999999999999982
1.0
0.44999969868972656
1.0
0.6327722453757705
1.3708910236859708
0.7401036757008743
0.4228088498091367
0.13921888497856472
0.2274392027371892
0.23506048206700925
1.2592606614728652
0.07189130881002903
1.0
0.72512594106081
0.10823552188519159
0.008406852559787126
0.9990535621830023
0.22059081539928194
0.16366635258336615
1.0
1.228725723452122
1.8458015007951216
1.4100265749643857
1.2277056112037652
0.006399105827233242
0.03875217285097676
0.0592134415241059
0.06164343687724294
1.571565525186391
0.07333700486508032
1.0000000000000004
2.4435799478544227
1.0
0.35404892755987305
0.05739584089868832
4.048376602283632e-05
0.9553850642613302
0.4717005723651031
0.5739815794101304
1.0
1.11996939362235
0.5083367255717164
1.2579158266547417
1.0
1.0
0.7086046867522207
0.12691805949888568
0.8589330664120283
0.11422625354899729
1.0
0.22820133067017068
0.26762053156633137
0.14668128051192042
0.07275538912895563
0.4419984097785221
0.43144978027919123
1.578256339312869
1.0
0.4015387486481856
0.22564637812067545
0.2148983691176909
0.15736765819019372
0.5811627780849076
0.10167745932912098
0.16697973110299635
0.13886930475908876
0.32438361889375456
0.05165220843221752
3.643538942055269e-05
0.4535222049807839
1.2445201179390608
1.0
0.4389269272228429
1.3463403867262933
0.408169984482706
1.185227112516607
0.3950342345005584
0.6892274380113079
1.2873632329911935
1.0000000000000018
0.8483438501641949
1.0
0.6648881475836337
1.1266886280854713
1.2098381858646086
0.9111456327218512
0.41856428463086814
0.14674661851665505
0.21922053792054363
0.9156646594813687
1.0
1.0
1.018994417190834
0.4440530421765416
0.1366841954624931
1.0
0.06769060393154902
0.09593137385797057
0.0018839779594124195
1.1630673686974315
0.9532393681723121
0.028955611413467253
0.04928869512650813
0.07481174028590942
1.4311069457780512
0.09254401239380527
0.29711047784760103
0.4425436067041044
3.279185047855293e-05
0.929023679266427
1.0
0.8491566778575805
1.5999610711190169
0.8200310694496658
0.8783520763292643
1.0098471132466873
1.1456433198217066
0.6161825587558187
1.0
0.7674270786363202
1.2842240746234488
0.9961371089877815
1.0583686127559453
0.6494499397582363
1.2445931520621105
0.3913825180194479
1.0341910871359161
1.2605992179460301
1.0000000000000018
0.6491859652657777
0.5023363594267298
0.13292060323907506
1.0
0.21240576679788248
0.784501511178652
1.0109342013988343
1.0559130986682064
1.0
1.0
1.0569384350497675
1.0027459908959422
1.2662077702969974
0.22478972178948453
0.13238933222053006
0.070514680924191
0.11918532118191116
1.0
0.7698257920983522
0.22457157722037735
0.2091452980249393
0.15845854518019298
0.27251872598712445
0.22380353296203648
0.025851926268142478
0.0535785633696646
0.23904057946553037
0.07944780048347377
0.004638397686588025
1.0623332937667218
0.7122451495166366
0.7204461295755991
0.3655363265414113
0.16194252681292554
0.2522373401149842
0.7836307928099462
0.7577729075663111
1.0
0.6226063884399302
0.12312669710953195
1.3790026852027122
0.11081402739857893
1.0
0.06421282503466053
0.8728829157518945
1.0
0.8917582332176259
0.9732032084638043
0.9296068123040389
1.1945103000785373
1.0939780916098663
0.7975584638177757
1.0799362888583328
1.0335672662945345
0.9891322357119829
0.9924747181066085
0.9527011751004313
1.0
0.9754681990415186
0.9808742104814971
1.0
0.995426439693615
1.0
0.9759234090023554
0.9991728667231143
1.0129292340950027
0.9646741079746075
0.9843177762696715
0.9841451187396419
0.9951469117198588
1.008503111480703
1.0
0.9853716692479253
1.033861003094744
1.0
0.998377328373449
1.0082036584899967
0.9823508402539005
0.9972994790173466
1.0
1.0755292894924633
0.9854373640115206
0.9903844050596664
1.011979568818603
0.9771196233836221
0.9478962795743708
0.8335542652839312
1.0209183747543698
0.9889746953849468
1.0
0.9698771680097131
0.9821591459460013
1.0785697218978214
0.9631449677824868
1.0233139546661985
0.9560971610814892
1.0
0.90446189774282
1.0
0.8858953579644879
1.0
0.8043717461800526
1.6943957144518347
0.16955524337527095
0.09412395583935407
0.02113118075947007
0.036878651585266375
0.11215702743356815
1.0
1.5004037644030523
0.9814563271562475
0.9924850366510594
1.0157567909559209
0.9381984604426883
1.0501258222342402
1.0
0.9936354796688152
0.9448439425035655
1.0
1.0
1.044633898737196
0.9912641313539963
1.0
0.9051410404839171
1.0
0.8936242402968553
0.5001378881474485
0.26489326451824535
1.5534548394789462
0.2384039380664209
0.024316649086144615
0.22308130156732497
0.5447146740106508
0.2007731714105927
0.07103918066646742
1.5420468218816517
0.06393526259982085
0.0041745579179292
1.0
0.47191923014894854
0.8931581293441884
1.0
1.0782942707751193
0.9999999999999982
0.6080323048682494
0.8905168686963378
0.9664450926699342
0.5896193089044139
1.0
0.7352496773981514
1.0
1.0
0.7060196242386532
0.15864265333723004
2.0127339866801783
0.2270136061034851
1.7956877545068632
0.20793980206269858
0.23894375528340106
0.10922907714354935
0.08591598678402512
0.1431873234538088
0.8673278269390163
0.36174238937675796
0.02197508368338319
0.14889583783330007
0.21213187935116373
0.48511535665827576
0.190918691416047
0.020500463120262324
0.19419329859616186
0.05712428054804608
0.0037571021261362247
0.3922266384721791
0.5516648249425398
1.4267150332488594
1.3893257500385268
1.0
0.9032918874049436
0.512390871969405
0.5641996581518587
0.3610412119022879
0.1875700249001504
1.0
0.19890529856871986
0.9165051419942767
0.9305879237969403
1.077005127742014
0.8403317670828407
1.0
0.9693046149678128
1.0
0.7637810513386079
0.9484550479180385
0.9538468578586308
1.0366523673731827
1.1103319206627322
0.9024713918063476
1.0542095568950565
1.0
0.879824410667732
1.0
0.9228519956751651
1.0
1.1118320079602135
0.9589603457270108
1.0503217888013854
1.0
0.9039677106051531
1.186429060455362
0.9580780156703472
0.8563075463025775
0.8890179989140368
1.2567775943939754
0.7819956168096791
1.0
0.588630237217707
1.0
1.292408846594988
1.18560494530095
1.0
0.8978022222570399
0.5331808941081011
1.7766465244618157
0.2259722874694159
0.1068977681075971
0.08084628152647078
0.47517251589894727
1.2434883818180094
1.0752993866019533
1.1195699530105614
1.0127080555137482
1.1695602608463158
0.16140688147579318
0.7153003706105547
1.4940234386822606
0.40640666931747127
1.3710283615133552
1.0
0.3657660023857243
0.6703485774957372
0.20407662274046423
0.1698645632608855
0.2676472066846163
0.20400837229264646
0.02900620857488434
0.03786974666785259
0.18048639679135015
0.05103614228062803
0.0033813919135226023
1.0
0.8185470905032233
0.36398637661302047
1.0
0.7210592704624101
0.3436940932020729
1.1367553721936705
0.3431965108806825
0.2140648355332342
0.10429261944948465
0.09969918044593662
1.4015501478228476
1.2842257658923604
0.10383327554913002
0.08972926240134349
0.1598518442332324
1.0
0.1331569859356989
0.023041549781018134
0.004887991531714597
0.09370119697324863
0.9835830547096958
0.08433107727592404
1.5824880481491563
0.05213141168020208
0.16754137134027802
0.04559438886121292
0.00304325272217032
0.37177181945791204
0.4964983424482856
1.0
1.0
0.5270098644027232
1.5256911220375482
0.4803600132970747
1.3131103749371231
0.7837144668578926
1.0568319002169275
1.3283732109024484
0.5468485082034569
1.0
0.9999999999999982
0.5291488537623827
0.12038072486158491
0.20083372874009342
0.21347094147976975
0.10242287423435315
0.09674152058453167
0.17015980263785835
1.5592820653871833
0.5107974372738333
0.3653608712145875
0.9620561568727162
1.0759217316854102
1.052922146123736
0.9587285578342293
1.0225083355000724
1.0645673994128266
1.0346373081698914
1.0
0.9832096122744378
0.9521397320739222
0.9178657504702397
1.0
0.9247814140543085
0.9560595654281112
1.0844360023356128
1.0466434409906444
0.899327690214859
0.9585159601622824
1.0
1.192104549220124
1.0208269657180917
1.016354887591671
1.0
0.9872182561814924
0.9537035716143745
0.8429866437901463
0.7586879794111319
1.0076947062548651
1.0535892067752393
1.0
1.004876189771096
1.0523700684886386
1.0105540889843088
1.263435367038353
0.12214544232023172
0.021226193956087158
0.013404035046374219
0.1682485134819638
1.0
0.3411257892361892
0.06367240764620963
0.46272589823418464
0.05730516688158893
0.15534667309237138
0.6339268677354837
0.002738927449953299
0.7823470768110674
0.46280403287152794
0.882389552768954
1.0
1.0000000000000018
0.6241595372356485
0.745581810495219
1.260916030283104
1.0
1.0775822935003205
0.43503829358738955
0.12842602524943558
0.20209745001406176
0.2023661347552288
0.10185473886937046
0.09978661093215457
0.7905114388402303
1.1120392114211057
0.9970927099744014
0.8915613834151603
0.9821221126875326
1.0930642048230528
1.003370122994431
0.9778254814349516
1.0385517057936617
0.9884973638059904
1.0309866776800547
0.982786789433348
1.0
0.9958837957242537
1.0
0.9782483547744327
0.9590032856447497
1.0
0.9415452178155537
0.8473906960339974
1.0081037214829625
0.9666384748041139
0.9209802269302774
1.0
0.9665365639957795
1.0
0.9432428333716132
1.0113984136126764
0.9975695311156123
1.0
0.985382333641164
0.9668853045907593
0.9142145177966867
1.0
0.9491371804729916
1.1037845928022882
1.0056116671569129
1.1303859445476725
0.9993599613851032
1.005618376666387
0.9943760211282733
1.0
0.9114272779166512
1.0042920615632394
0.893327749684941
1.0
0.9924089178801001
1.0
1.0
1.0544904407117563
0.9822759931825722
1.0208083224101738
0.8918496265281952
1.0
0.9623810199322058
0.9323671868369576
0.9741972890026975
1.0572793213333878
0.9187274901691556
0.9026646638753757
1.0
1.0
0.8748672638101223
0.9918002035411835
1.0
1.041287901769973
0.9463426859719739
1.0
0.9932163219010839
1.0
1.0008156588384836
1.053206086499145
1.0335462715948935
0.8973058221680379
1.0
1.1603262361001896
0.9557063875098297
0.8436128316482865
0.3596881727752681
0.15879225527842245
1.0
0.9721982367000344
0.017763171055840132
0.02888848288993273
0.1832093440914324
0.31911096776534986
0.06710931750266713
0.08709879016607047
0.09073442553541611
0.6026913824618843
0.5083144586344366
1.0
1.0182590235511264
1.0
0.8390207999999999
1.1531292000000002
0.5314409999999999
0.3845810964494625
0.6849303253251424
0.9695255220979018
0.6871665286088149
1.0
1.2348244272547948
1.0000000000000018
1.0123756075058665
1.33764309110561
1.0
1.3085901021592043
0.8222689080567136
0.754569075313249
0.4043770667535931
0.1302568101796684
1.0
0.18475604686848257
0.7820499274517072
1.3017777675970095
0.8978867277061031
1.0
1.0934610473204582
0.19231499516664208
0.10164792607564976
0.09410468769664782
0.1409292781420497
0.1138298345894011
0.013098005661262846
0.04432056901008252
0.9986064738019129
0.039888512109074625
0.1329773129057541
0.942101374014233
0.11967958161517878
0.2939108027390809
1.595988140027659
1.6083007635300963
0.08166098298187441
2.9512665430719842e-05
1.0
0.3519524473609792
0.9999999999999982
0.5674377045046572
1.4467071019000208
1.4064986282665295
0.3794207746009306
0.6987712562379578
0.37354488076582903
1.203301562687491
1.0
1.1481189776613938
0.677807453381579
1.319161500544304
0.14124309139478086
1.0266133000998128
1.474072896539738
0.5282646335546897
0.1271187822553035
0.26736558203155525
0.18324828825754302
0.10089360223775046
0.09878714674118783
1.3093100558761535
0.8216209497114626
1.1809716756771351
1.0
1.0
0.8575560223080299
0.11545336686890373
0.8175082705296468
1.2367405004894039
1.4414135635188874
0.15815680120106457
1.0298454055693291
0.16052252829746472
0.20065541679250742
0.1669148593355576
0.6450154093989555
1.1401408052256725
0.20936945870676382
1.9465529535620458
1.7824705044530207
1.0
0.06787700241876404
0.5568229737332304
0.061089302176887905
0.256458528354202
0.073491933417144
2.6561398887681165e-05
0.42253569405560043
0.8545117760499217
1.1704648436976104
1.0000000000000018
0.6013564401143405
1.0045126296169116
1.0
0.6506691304097743
1.0
1.0
0.6381694135117488
0.14114346223292884
0.19446848394059302
0.1750128196555636
0.20327558207669227
1.0
1.0
0.05444388939102929
0.50092435876347
1.2218248240993503
1.0
1.0013551089208566
0.9218282892728631
0.7719054608910021
1.0
0.35565083385533036
0.5713822413885747
0.18822773612758148
1.4142003575831996
0.1694049625148235
1.289720818076363
0.15246446626334098
1.0
0.1629513416697037
0.2612833232454195
0.2929782324819685
1.0
1.0
0.03324808422255643
0.080626224794619
0.23816186886049628
0.06614008393554105
2.390525899886864e-05
0.3788151251647882
1.3173940319352404
1.3177596814088126
1.1424022362711312
0.46573330225503184
0.7941621378064081
0.7965821664752362
0.9893912361586139
1.3069645110830148
0.5354198869326474
1.0000000000000018
1.0
0.5022643946480443
0.1327623573447756
1.0
0.19252291751208972
0.1778390958976761
0.7728040107925818
0.046203859388782575
0.1698431771148723
1.33007220499859
1.2181348050447927
0.024599155738417977
0.8029350155012693
1.2133811281923563
0.8226642160983175
1.0
1.1904968270307776
0.51769524545462
0.35349649911734105
0.9417722728708551
1.0
1.0
0.9112300959238233
0.9632491076371483
0.9600476848745281
0.9626643641460539
1.0
0.991386566845085
1.026714241891348
1.0615743902885324
0.8848886510469942
1.0
1.0473624568295143
1.0203797579054488
0.9506092945663891
1.0810289232132266
0.942049522176756
1.0270457432454414
0.9834554958488955
0.9266574954208355
1.0093118736997724
1.0
1.0
1.0119946155721582
1.0
0.9935309329339379
0.9550439064110066
0.9688972091188628
1.0
1.0319118659130648
1.0641100461281905
0.9183417821149042
1.0147193988325043
1.0
1.124632394904074
0.9591026850784239
0.7835886520955047
1.0122841563069027
0.9777756958060895
0.8727070613189074
1.0482302860977146
1.0
1.0096255776428507
0.982727542605442
1.003460184247837
0.15840730949868664
0.14697649440097216
0.7333685826059639
0.07593164644057548
1.3720340758370737
1.0
0.25658234374710176
1.7690628966005502
1.6166138404761696
1.0
0.056630483213490734
0.10494321553075725
0.09637978920120727
0.22095969036800067
0.05952368501608696
2.1514733098970673e-05
0.37347431024815236
0.6662486186907461
0.3938373223423959
0.15245202042042827
0.17904973657837964
0.834022711466238
1.0425300738198242
1.0
0.9723741534710317
1.0
1.080437974310584
1.0505743660174325
1.8258799005365702
1.0
0.17314956169280826
0.16151085510451324
1.0
0.15846800415129358
0.90613859103353
0.07256535785325902
0.18550747874955142
0.004225867660835547
1.6673415442815802
0.0038032808947523478
1.5009877179428974
1.122017758599421
0.16615381601903678
0.9932006011375751
0.1495384344171331
0.0034229528052769354
0.1619232179074208
0.06146175644521801
0.10408687289780172
0.10883777931788696
1.5190286959353565
0.05356916504116849
0.5621653542689136
1.1698427923507866
0.8794646874064593
1.9363259789129117e-05
0.36239070633859427
0.5685079230001691
0.48055939295975847
0.1724267482055062
0.16670995385601017
0.9426590065631917
1.0
0.7822484509965513
0.9539099036634049
1.0907779245380098
0.9176452083152178
1.0359960225600364
0.9494110401127909
0.866319607243053
1.0512113987944485
1.0150433143164044
1.0679002265719362
1.0
1.0346843381269384
1.0990657539524928
0.8509225968410661
0.8367800171060633
1.2622825348804039
1.1941331728164801
0.22643810265240916
1.796205707612831
1.6846304962771388
0.17795850591361706
0.21438749202660645
1.6380238860542082
0.1929487428239458
0.18982082237463516
1.3286516580040217
1.324501292425051
0.17083874013717093
1.0
1.6093712983086181
0.030671097620750487
0.5012753708208919
0.3577150556467892
0.1538818218321083
1.5169848958833612
0.13849363964889783
1.0
0.8730375054944055
0.019272979315491767
0.13958472047215764
0.06572426809047727
0.10456196353981007
0.053948868207438494
0.36207587593046187
0.04821031221107264
1.742693381023841e-05
0.4358301084065239
0.6941618551715631
0.3869414669707485
0.18699824474770566
1.0
0.1927652319209212
0.7740997241490248
0.9288656312644292
0.8789923655760052
1.1375844960098824
1.0288963583245678
1.0533933981151016
1.0556220181192497
1.0
1.0548101699829786
0.7201180534181049
1.1131328017237845
0.7041866130340928
0.1941019968262605
0.02213595217040165
0.015188849149360806
0.1323149977633431
0.031304153431158
0.11905382161589362
0.06960803763541001
0.08871088036508556
0.012346393793647437
1.4033334139348672
0.5621079785206038
1.5684240429192364e-05
0.3665126704585546
0.65464358517713
1.5964084854429625
1.0
0.7292832061064267
1.199979239079461
1.392367893220671
0.46166328308302695
0.5722558735474426
0.9736860181664362
0.6856022173687943
0.9999999999999982
1.0000000000000018
0.6529307554557082
0.1902276180792395
0.18161975561521793
0.22913002447536002
0.17247820192659447
0.018403472038425406
0.00043846445809059276
1.1343048021942295
0.040079120249632894
1.047615981723765
0.07151832190837748
0.9413789885675978
0.06436648971754
0.8408044407390847
1.021626472905604
1.1633299064432983
0.1984427742019852
0.4078303990324468
0.36115613173434635
0.078605152949212
0.14018397235563906
2.386739134633405
0.4148118630999491
0.09959676772460191
1.4115816386217617e-05
1.0393579146468213
0.34635116095889984
0.5250271059393636
1.0
1.4711122229274949
1.0
0.6122372772352715
0.37844267002668097
1.380483050226804
1.0
1.0
0.606660441718061
0.18936683183283876
0.4285982040055991
0.22164481338130848
1.2817284564655846
1.0670444507708545
1.0
1.0
0.920295603143563
0.9317587507455549
0.6704259716059706
0.15339003453009248
0.016519278388773984
0.8351603596243073
1.0
0.22537565083835354
0.13054885140941153
1.0
0.018162443644204274
1.2432760033348238
0.832281280722837
1.9876221904284925
1.308312461797219
0.19801153989111953
0.33213257469572
0.037859731695999876
1.5129047097534807
0.38329035356241414
0.08963567937050332
1.2704234747640264e-05
1.0
0.9111959020028024
0.46893607502310886
0.9999999999999982
0.5532370684771131
0.3670623227369827
1.2146824823937798
1.3391635515619313
0.6395803749497269
1.0000000000000018
0.5064053979503118
0.17385721351035244
1.0
0.14621068938119208
0.9218759517102306
1.0506190219791804
1.0765050289308231
1.62888268533308
0.15105437450068315
0.21663936433536257
0.13639910323820637
0.005397553942637856
0.7676059277355574
0.986539577318478
1.0
0.914015707968538
1.0
1.0238820484958762
1.0586359620302659
0.8878856195866298
0.9277653718460375
1.0
0.9048700620091985
0.951879209726533
1.0923041249539516
0.9845081104900135
1.0
0.9962954161518276
1.0
0.9763238478614653
1.0054585470441229
1.0039571968150778
0.9409471565285248
0.9958250387091176
1.0434241382169631
0.8268547411522409
1.0
0.9861266162921236
1.011138119622803
1.0
0.9716433315058861
1.0940724021623147
1.0
0.9934280374529809
1.0377446133494992
1.0056222466319653
0.9854948363846123
1.1119316170411029
1.0356361085372665
0.9999858029132316
1.0044846745764051
1.0039949747164467
1.0
0.988627766625191
1.0100243076605224
1.0
0.9755272440991067
1.0
1.0
0.9978596950426333
0.9509377052651189
1.0860811468071105
0.9607656661610129
1.0
1.040738688310224
1.0444062334868853
0.9846819263276831
0.9926201831870642
1.0
0.9596673448910575
0.9992401921431977
1.058529637062465
0.9064684597609087
1.135685730247749
0.9463373218461779
1.0
0.8426172717488036
1.0819791372003156
0.9985841315676467
1.012585243523903
0.9743656431412759
0.9659217012492736
1.0
0.9361747397078659
1.0
0.9778223135150252
1.0437772494441209
1.0
0.9966658745366441
1.0
0.9792373177797309
1.0053084120212183
0.9636246296162732
0.9517843981604557
1.0
0.9546344812670942
0.9255682267713308
1.0
0.7583555445739236
1.1398642512411534
0.9243544834447199
0.7947149148019008
1.0
1.1996423416894153
1.0
1.0947998498547804
1.1146506529375841
1.1733442059552495
0.7601154810200939
0.338484851674119
1.222786572137199
1.2483556763381234
0.8764798912956895
0.18978320061357756
0.93760979288
1.126234462122694
0.7871506263216599
0.911390526580437
0.779093052221052
0.317332611062799
0.12802668184081512
0.16771340670330837
0.23918269067414322
0.21142364337157904
0.29513334405654845
0.004685847240782692
1.0
1.9235025117833668
0.10421726251670371
1.0
0.09367399406937871
0.3539248861432229
0.08067084100997812
1.143381127288734e-05
0.42191437355805306
0.6255640487881138
0.8843625473944474
1.5284149887970457
0.47315057950631534
0.2129532539306922
1.0
0.1576128734841511
0.2086153382256466
0.12221943752012088
1.520287784628671
1.5627952972596955
0.7759171367122697
0.7594195282486726
1.0
1.2524201283482181
0.9238783046955863
0.9048515786193931
1.1238260464088938
1.0
1.038047606800582
1.5661259817703392
0.19997574815509367
0.10999749376810897
0.10478072297944507
0.47648953747516565
1.3617332009598186
0.7963872043765221
1.1796702872092517
0.42884058372764855
0.2984020181405995
0.13199535432706533
0.17486033510039078
0.7688286056418248
1.0
0.326103840802932
0.3171800032659906
0.08519683114968313
0.11969908327676304
0.3265994816298985
0.07260261352785302
1.0290430145554197e-05
0.43486155976954777
0.6563548854957837
1.0000000000000018
1.175952823194752
0.7885832076428798
1.1405801076926476
1.0660273693607305
1.2688285719902073
0.9999999999999982
0.5085663578504533
0.9999999999999982
1.0
0.9624562571358108
0.2200967160426135
0.1827106947738102
0.1909779227163959
1.455037166904292
0.8562055107358493
1.0
0.8943557002745148
0.9549444830273544
1.0
1.0302816582667376
1.153681486125203
1.0
1.0
1.0504753633809916
0.17188013044475703
0.10947581668924222
0.1463583576384213
0.09885481200548796
0.17080488055221998
0.12596167689168425
0.10798140105369836
0.9639648648990011
0.09718326094832808
1.2021765310736248
0.06470723970703851
0.14038912311207596
0.30119979481969406
0.06534132313205321
9.261387130976573e-06
0.603039290568212
0.5247657016697094
1.4806716480301922
0.5854632311678287
0.9448776380866732
0.7652850399887328
1.3105880975324364
1.1057157500976054
1.0
0.9999999999999982
0.8237828976478578
1.0
0.7215632803896703
0.6256217990779049
0.21316649516198716
1.0
0.200725430612545
0.16563969906920484
0.11316407078416013
0.12183704067403056
0.10604981886016063
0.14112822480783116
0.6140520804411285
0.1708551395522413
0.894372218459158
0.15376962559701735
1.2510351180240606
0.18718422935978296
0.2765103206266426
1.600443924623825
0.15647019028283893
0.2776139476509303
0.05880626468013461
8.335248417923324e-06
1.1153458113796155
0.43766648549791753
1.4169802191536505
0.5427353615113901
1.4737282635709228
0.39389983694812614
1.3295557333894266
0.37103122847765135
1.0
0.5052331518984374
1.0
0.9999999999999982
0.39421154235563094
0.2151140074607909
0.18363719257763655
1.5535684733946553
0.16527347331987308
0.8716446696921665
1.0445840395770851
1.0
0.9974620970342425
0.7118527023058654
1.1829363621157736
1.0
0.9056254728315967
0.6714379948636253
1.0
0.11403136777314771
0.09904835472061002
0.10955765945492679
0.10168423924579173
1.1040495982832326
0.17135832904109982
0.8656053615120562
0.17522011144593197
0.2953452023958798
0.028550584396842993
0.16858456601964722
0.25573317935385065
0.05292480468727945
7.5017235761087875e-06
0.35450985325331175
0.5966518925951778
1.2571626853034186
0.5664936194845929
1.4226925142490803
0.7881249837817705
1.2334204354199017
1.0
0.5633906593830282
0.3454386043344808
0.2268202066710856
1.0
0.5852610266128231
0.17179527301801478
0.1125330664678934
0.07818775330305705
0.10877031743401311
1.056221390846149
0.09789328569061162
0.08663517482778893
1.0
0.12246125501812699
0.12816358006175044
0.2629556237166071
0.008837069355194238
0.17729942735306814
1.4943174231673764
2.112477938639894
0.38488408420393094
0.047631574046194114
0.5370371546522481
0.5645915251261058
0.3874204889999999
1.0
1.0
0.4172157731504136
0.7119068985680244
0.9999999999999982
0.7612291998505754
1.0539123962333221
0.9990747063158434
0.668357163594079
1.2795292877791908
0.9999999999999982
0.9545579207156916
0.31896036060010147
1.342434745204125
1.0000000000000018
1.2047664266960414
0.6285696900994999
0.24765642423260203
1.0
0.12097921550897794
0.16586905236300353
0.10909853515140888
0.04970261766028905
0.096767474604329
0.03453212737376532
0.7903703489112619
0.031078914636388788
0.5404007468952035
1.1216481567127685
1.0
0.2108527323959759
0.27477503378666057
0.30419117540026797
0.009776580315631556
0.04862615072141718
0.351158833188157
0.3702622335461636
0.31604294986934134
0.042868416641574925
6.751551218542318e-06
0.9291357577481705
0.3881612886822481
0.523018178460168
0.4237494519565139
0.2516700344262759
1.609545563627293
1.5902469860655462
1.0000000000000018
0.40654151020348905
0.22650303098364866
0.1254681991943798
0.16019200064184425
0.10315894340229725
0.0350556084338276
1.238659578194694
0.03155004759044466
1.1171950697854722
1.0
0.028395042831400374
1.0688668242679586
1.0313998177003558
0.3903736353492615
1.0
0.28113062284026036
0.9475950455837694
1.0
1.005649132664706
1.040171606739154
0.9673138167422142
0.964420832201272
0.9120808575466697
1.0
0.9747276437091266
1.0640816012315089
1.0
1.0434072574879423
1.0
1.0069357741391087
0.8489769788546297
1.0
0.912262660778973
0.9848008067696821
0.9741946465378106
0.15341768530850786
0.23820660249002223
0.21724496253504455
0.1686393351078026
0.2733027852958809
1.0
1.2657141788067712
1.0
0.14419224447270196
1.4520884922616508
1.6983682847953872
0.03858089982229562
6.076396096732495e-06
0.8750383108415782
0.36697830922235397
0.6026881100769614
0.3742636774723831
0.2163995478047216
0.12212551862919163
0.8841223974722539
0.9004145785497997
0.9325755289459536
1.0
0.93409120061688
1.0235832062642896
0.9219756320879675
0.9201120201186779
1.0
1.23005045687583
1.0582205680822856
1.0851287356720771
1.0380943138828194
1.0
1.1383133375126828
1.0
1.078544748001276
0.8458373964349324
0.9461621555995503
0.867970536045517
0.9395660981136036
1.1116311215549324
0.9393179760513579
1.0
0.878874547721539
0.868348490264097
0.7122923051932197
1.0
0.6545863618914805
0.10234311894763337
0.1324422209750562
0.20053851377170773
0.02606905151677097
0.0689914128329665
1.5161597231335513
1.0
0.062092271549669675
0.08905165968391504
0.2367540124409908
0.13154731186995505
0.08585573470165109
0.46242041500833286
0.03472220220045674
5.468756487103654e-06
0.39334154581075964
0.6109178576854255
0.6920600284143053
0.2069721448871693
0.11672802747620636
0.16249472479280413
1.3589464634002795
1.0
1.3985605627963054
1.2079701002699732
0.14847353433337318
0.10535302915037548
0.0991441475003807
1.0322272592864064
0.08922973275034174
0.9379275066327999
0.08030675947530774
0.17787775724286092
0.03150686103922773
1.0346011316080226
0.7340933003313577
1.2751190120763383
0.9612502097484121
0.06409802190559333
1.5607702541751802
1.1404445057078982
0.19992388000989614
0.1098070072127948
0.12351220273231966
0.4196505937275452
0.031249435104762302
4.9218808384488e-06
1.0
0.5232175690791188
1.482252138130093
0.3788929620777921
1.0
0.6797642546715146
1.0
1.0
0.80237535983116
1.2158918054654002
1.246284606798346
0.5618251030537209
1.708388770050135
0.5181918643301451
1.3275639995212885
0.7117878292043649
1.0000000000000018
0.72469156279098
0.7015214472346685
1.2515763590012732
1.0
0.6313693025112013
1.0
0.680632839322989
0.18921806777053618
1.0
0.12885439421494382
1.5346806115508294
0.11596895479345015
1.3928094458750913
0.10437205931410531
0.8295174096466003
0.6877318377675348
1.0646427259041964
1.0
0.9476653612239474
0.6098973405121342
0.12168579020794112
0.05448830780349034
1.102961750712657
0.039829630889993695
0.1609508374752675
1.0791392102172583
0.9323328110508005
0.0775657461003556
0.16895079128762713
0.08647508621828326
0.1531260418318423
2.1325032843724934
1.5563793693993162
0.5126045675764521
0.4618527012521687
0.13149891038903938
1.0
1.887199154871813
0.13482436821408328
0.2934513745885896
0.5186529733241114
0.2641062371297309
1.6167385571894362
0.02812399940620236
4.42969275460392e-06
0.86759131409665
0.7808321826869857
0.4410036658700136
1.0
0.4663726778971302
1.0470271648299914
0.9976305352928012
0.6228540255728738
1.5406036894718156
1.0000000000000018
0.6314913621677452
0.21381449922210827
1.0
0.10123250980895548
0.1563300628358686
0.11496604196749516
0.11520390586139051
0.7167484839388703
1.0
1.1173860343105044
1.0
1.136346866829756
1.1436246803960195
0.38549965408122944
1.1796781075204734
1.0
1.131526787799153
0.9557176640076861
1.0115402762923136
0.9895169647665636
1.0
0.926065228125502
0.9987594764539693
0.9860788483640945
1.0465630495896896
0.9735212489520748
0.9693295311243464
1.0793241974553247
0.9924398254702247
1.0
0.996304918650333
0.98184442720388
0.9047775708190962
0.9976561927864225
0.8838993527187107
1.0
1.0
0.9251993623192298
0.8326794260873065
0.993317474681433
0.943296229986732
1.0
1.0
0.994898930274962
1.0017360113879494
1.0
0.9771868455489088
0.9689437318908514
1.0036095056072298
1.0976284074777567
1.0004356900795486
1.0044357045904082
1.0035954772448026
1.0
0.902050706962978
0.9907674207287229
1.0090218768944705
1.0
0.9779745196891962
1.0
1.0
0.9931674960648813
0.9644520494193181
0.9774730321263991
1.0
1.0951198914562408
0.9854757520136204
0.9933581648683578
1.121234660669968
1.1131735373925267
1.0363843671306885
0.9566059583444098
1.0
0.9591710331403842
1.1825043850947399
0.8381519441660679
1.0
0.9041195215047004
1.0767047236441272
0.2689900580060698
0.1833003035363685
1.0
0.1627011084613894
0.1966359876776469
0.6220879316887036
0.1302583124981318
0.14924725814246642
0.07602175769781372
0.5452967335248307
0.025311156496306664
3.9867234791213235e-06
0.3060923889315177
1.0
0.5175311632698971
1.508068979300111
0.7090966860181389
1.2659863824895972
0.7015610003236361
1.0551871573432106
1.0
0.9063280450971014
1.2762951106466112
0.5244381265904146
0.980335677164275
1.2287421518845143
0.7855114814864699
0.6682323722600785
0.9999999999999982
1.0
0.5897236758731843
0.2026872682599521
0.10674226511164697
0.15219366074903107
0.11498982835688487
1.2762078429832577
1.0
0.10349084552119692
0.1463280020230293
0.3932214663105267
0.2604210825591
0.23324598755229786
0.15762706198415088
1.0
0.1826252452487127
1.4468471315680622
0.1573539756782134
0.33365195721193164
0.1267203565584385
0.12294925528051515
0.4932981758219781
0.022779642174328263
3.588051131209191e-06
0.33377126726373163
0.47528499207213315
1.4251269379017177
1.0
0.6404274036134119
0.5605686230155857
0.8037225586301489
0.11128740467538556
0.1588223620619349
0.10675417814674759
1.0
0.13318246130596556
0.26325250739691697
0.05194175154852054
0.14857120038576355
0.09973008186889576
0.08963571977822848
0.10175339537454331
0.1599841473346615
0.40448153624742833
0.14398573260119552
0.4462463224572133
0.020501319151782216
3.229246018143783e-06
0.7468493310052899
0.49690329928301225
1.0
1.400756294908426
1.0
0.3479226397445707
0.4277564928649191
1.0
0.5174402745734348
1.7396650235864914
1.0
0.5200750434816239
0.12384925254964685
0.11604090041404014
0.15361554367041563
0.11041738948730284
0.09353896443567677
0.23173308150237304
0.06160469643224431
0.12374107216029806
1.4248678371119166
0.11136696494426879
0.09872064565982885
0.07049680826295113
0.061181067843503634
0.17421179158679756
1.6035488246508947
0.018450864312002047
2.9063214163072004e-06
0.48498204680796775
1.3202419996997605
0.3559060250566084
0.48498084357842686
1.0000000000000018
0.6400088491651594
0.12306841733608564
0.10820255493262465
0.889437378366134
1.1221584314409192
0.14929572825210435
0.10872954698213988
0.06101175984187179
0.20239930370891024
0.0789550304994755
0.09035820388385929
0.09589826192014073
0.05732902065230583
0.03764178190047396
0.47647170814779827
0.03387760371042692
0.003564270036971351
0.56587179102296
0.016605487248660067
2.6156892747319915e-06
0.4364838421271706
0.7369236160255923
1.0
0.7340238474871548
1.0000000000000018
1.0004512223763538
1.3833169986923863
0.6324415255536273
0.3503935325601688
1.3507846271472879
1.2661784461778218
0.698062860444832
0.656084057963449
0.6986585357785611
0.12253603085308917
0.7637605483562577
1.028962523463882
1.0
1.0121993443772013
1.0805719563865601
0.9215160555337629
0.6731162868023084
1.0
0.9281008181068096
1.0
0.9225963564220052
1.0
0.9138885591527668
0.6270109685278911
0.09987708243892435
1.702370715485154
0.03467065348679377
1.6108308017001587
0.031203588138113858
0.17426387028807078
0.08009534783791317
0.07173255730345929
1.0635915286920312
1.0149423312521195
1.0000000000000009
0.19840049066255983
0.0444441800259856
0.030846270343081628
0.05337933606902201
0.5109451606455302
0.014944676954866232
2.3541203472143835e-06
0.48475179388457335
0.5118526696840355
0.9999999999999982
0.49862427478337246
1.53052759254199
0.39208871799273837
0.05371620781583353
1.0
0.11165407898631585
1.3417352816971988
0.10048867108768356
0.15522681836900176
0.10055748418671051
0.010656842295494684
0.14882794847547132
1.2547743404670868
0.8317311408445711
0.9052867532214321
1.1852419221007118
0.8249672315930585
0.2255792813003321
0.942207074579418
0.15107840537606165
0.18300485959890178
0.03691513498907906
0.022423709701871353
0.0991359185266738
0.4613451122764638
0.013449973847345031
2.1187083124596384e-06
1.0
0.39835537256877274
0.7849362410726819
1.0051763246363006
1.2236863814749075
1.2578204201334202
1.0
0.7632312544230331
1.0
0.7606214627384382
1.0
0.6316028489895888
1.0
0.9999999999999982
1.220280677912685
1.1579929916753642
1.0
0.7050391158939142
0.9904128494400215
0.35825146697504984
0.07981223482901179
0.10596248581581591
0.4743856944961635
0.09156741999759
0.11323255542846766
0.12699191179128633
0.033888224167119674
1.0
0.11767007887856451
0.16839588713791986
1.2412597465720312
2.0240032845400755
0.15510722517718722
0.010267746879017103
0.13535683790165187
0.41655559843355183
0.6470806902876856
1.9068374812469813e-06
0.32324797744341893
1.0
0.8238420516409306
0.3304075437604457
0.08242725992769273
0.14226191060168425
0.8717737300797008
1.0
0.9096178873071885
0.8659001089313971
1.1537917305602665
1.0
1.0878334124085534
0.11147805750091422
0.09373393354067794
0.08921010870649226
0.11768154302886913
0.02151496925470653
0.7819896601529805
1.2962093058623179
1.0365831655249114
0.1685944147094709
0.19019367406750565
0.14609770716487436
0.9825591981057293
0.9948122120815448
1.0681141865262624
0.9571722604559056
1.0
1.042049306411914
0.9975948450216165
0.9983303240750923
0.9919934666453445
1.0
0.970975341242525
0.9701312346976767
0.9608815650053888
1.0
1.0
1.066121568235241
1.0484107012662136
0.9120386673857599
0.9481174759648789
0.9499191989592335
0.911567404422776
0.9614550344103145
1.074594189969182
0.9775641431474424
1.0
1.0
0.9976683929269639
1.076576934398247
0.9085890603880626
1.0085897267126276
1.0
1.006907066885696
1.0771028917028405
0.8549272790633102
1.0
0.9926978200438334
1.0
1.0
1.05319830634493
1.0
0.9708909305880402
0.9692062677284481
0.9647934085048497
0.9208348006471834
1.0
0.9934280380394496
1.0
1.0
0.9645323887889514
0.9658316243700051
1.013926649367411
0.9908782073113604
0.9493911966218436
0.9849378195620462
1.0
0.9552556704774
1.0563661346844064
0.9707224643020815
0.9646623123470572
0.9076004620470748
0.8994481819136526
1.08335624241351
1.0104061874868924
1.0392969219988757
0.9945187665074098
0.9742800405703713
0.3806366148709115
1.5351687607273004
1.6962171520421503
0.31019196956142814
0.0768126429367999
1.7161537331222831e-06
0.33919879674439457
0.48529749225217955
1.0
0.47035741756229044
0.07563887578720596
1.0
0.13972642137377278
0.10970364510489006
0.09328155105725955
0.06852094353295612
0.7862071610330084
0.06166884917966087
0.1014254457572914
1.0
0.7650284365637852
0.21908774629747008
1.0
0.1707543406452725
0.18578407737724145
0.22974385625895977
0.34275795472187376
0.16095310030475307
1.0
0.3641176261152008
0.2868540368989656
0.5900538855525972
1.544538359765646e-06
0.4370134594191626
1.3286564654476116
1.1237559198795104
0.3538086662951727
0.5121376534904165
1.0
1.4826142441115486
1.0
0.6093863434573983
1.3909263834443077
1.6413903891324715
0.7829150612922717
0.5920518900041642
0.9958279185246504
0.630704695297732
0.6853715911716485
1.5732438090245022
0.6321625542682803
0.09481947955374892
0.7435942975846253
0.7389627976230688
0.7254229265812011
1.065224147859018
1.0720366014127496
1.0609113848412637
1.0
1.0997221660352299
0.9452768746691191
0.8909870929493842
1.0
0.956046949942726
0.9501841042475334
1.434073330835563
1.2641256009803463
0.10518738791617999
1.506315206423439
0.9089791378830565
0.096972375222796
0.04535941968596546
0.008717098818436853
1.0
0.6925514761784974
1.3115015209849172
1.1665883752760866
0.08906348227691652
0.04294104628464357
1.3350448228865543
0.11281993096317056
0.35639126719357694
1.6983703090696949
0.10384941873142761
0.002465034704957958
0.3696415650146996
0.48555397767791675
0.9999999999999982
0.377151255913331
0.11507480202448406
1.4750764743848723
1.0
0.07288345278004016
0.10047580639540321
1.0
0.09181107966911206
0.04169518759921331
1.3711270054268425
0.03752566883929198
0.09602903008309838
0.6338448951592
1.2573698781943552
1.992610521129949
0.2511766173807448
0.07586302942076095
0.041812924469769364
1.0
0.24469690713342995
0.06589881114749563
0.4725332546379999
0.05930893003274651
0.15091510956724985
0.4061358844520986
0.09321797338778914
0.00221853123446214
0.3583128213903848
0.568988659617272
0.3341628311137157
0.15547782643239216
1.4295512418254326
1.3190524390218012
1.1810583311971552
1.1580933323356142
0.6575010152648293
0.1399300437891533
0.07564268814157593
0.1063734617581602
0.09055205734605032
0.04337600496367244
0.11276515240988871
0.9204235081827559
0.10148863716890055
0.21847265270059424
0.07245801892566206
1.3603401275016793
0.06521221703309621
0.06620655747215576
0.20770644230206337
0.03828652607274741
0.1764371870557344
0.3748440933456676
0.08367432292556387
0.0019966781110158927
0.374225796348437
0.6542585632899893
0.3302873350245008
0.13350130822439432
0.6543822537340009
0.10479132131694868
1.6368538429527018
1.4110559716393993
0.023756672261528777
0.09431218918525452
0.7264124995781671
0.06046378342518466
0.06949250818195019
0.1828583638346597
0.06531165107700154
0.03881525749473358
0.1831071454645823
0.016814154759899225
0.19627787768472782
0.34572711630365704
0.07510722282190607
0.0017970102999143034
1.0
0.3454015241419839
1.5797131502938555
1.0
0.3435999759964581
0.7801770573818025
1.2320383781200803
1.0
0.5888327069609893
0.3106087323444875
0.18796507000150697
0.7276739582983875
1.288555613906171
1.0
1.0
0.041955171875937225
0.15752222022454632
0.019239580492513397
0.0613666559008621
0.04425742098028884
0.15804136234349286
0.06266201171877306
0.016623017198802437
0.16311501544213414
0.004495048484563391
0.21122280154662132
0.3186651269554819
0.06741679950972435
1.3871392453004239
0.060675119558752044
0.001617309269922873
0.3108613717277855
0.5123684903735821
1.0000000000000018
0.41263103536918955
0.2377404416436022
0.02505240951323806
0.7163844661047136
0.7954940019385308
1.0194328670112647
1.0
1.0
1.0
1.0243126658910136
1.0
0.9095483587787516
0.9643853701037557
1.0598041050945533
1.1053107289057156
0.9209164081248282
0.9398478964971471
0.9018883836544447
1.0
0.8622823977238614
0.9058351671022358
1.1899274780115618
0.6997475982390231
1.0
1.131791616976912
1.2022293475475347
0.9139060838705824
1.0
1.0680344801079276
0.14369395625134374
0.651847291571098
0.05965573240880495
0.02402754264791085
0.1359710249372661
0.05805811226677626
0.001350786065290599
0.14725301874637697
0.02516782379076954
0.2219670340875064
0.2996078061667813
0.05444587667588441
1.2369132211469176
0.8867781009677742
0.0014555783429306413
0.38725768413499395
0.7088904232425506
1.0
1.0
0.7140554048752001
0.9999999999999982
1.0569600829746122
0.9593155962019608
1.0471956342973492
0.32211841027454824
0.21146115652791764
0.005132796089430514
0.1297589108822379
1.0
1.3050142125016393
1.0516560385278737
0.7904967867436081
0.6889971933968866
0.041421168824962606
1.0
0.0560916455493885
0.648261047515998
0.900027657865925
1.1899751079206666
0.8593336212448808
1.0777874193709938
1.0968438072939772
0.00802768588939351
0.11656811121686239
0.05211722243356931
0.015941009333398704
0.1350444992508164
0.0448477448204434
1.6943283271629968
0.4751045055533032
0.3991639440117334
0.38767766059679865
0.3592475496105596
0.19822753293759243
1.0
0.2771459658211475
0.17467951954465155
0.1281364411291701
1.390084523822388e-06
0.2832007051676406
1.0
0.6236203461693712
1.471774766819749
1.0
0.5299494362648893
1.3612886026983233
0.7380013809182984
1.0
1.2671264161749178
0.4769544926383986
1.3866164864719082
0.48576173087276686
1.0753699104634542
1.5272682647757865
1.5080798869670495
0.48272964548520036
1.0
0.4404250864114658
0.311052684899888
0.18980176126618176
0.008356374607737749
0.17739128181259822
0.02601558644544788
1.3828059608577732
1.1468894631486748
1.1562383509898382
0.045311399256871
0.027851358325140296
0.12602482380777946
0.053228713015671225
0.3606134998977284
0.1700252117031038
0.1153226580078004
1.2510760714068425e-06
0.3477960797262689
0.6105507584043224
0.29892759253651846
0.1716572226003379
0.02525986532822344
0.15705059498679397
0.06127259400438945
1.0
1.0
0.07750633010638452
0.6128347653196808
1.0
0.29483595105809535
1.0290960424765778
1.0
1.0
0.9574249815510552
0.9636512574310725
0.9533643481302825
0.9842021869042945
1.0
1.0
0.9742783099511101
0.9257521815136265
1.0
1.0
1.0185573168286464
1.0
1.0554169512596783
1.0
0.9963997859422946
1.0
0.9896822302816446
0.9564292366817924
1.0063689012303279
1.0351316839345763
1.0495332197268628
1.0319070504881598
0.9591868347358119
0.9795362912222796
0.9836630394613639
1.0576734411083581
0.9125416180127459
1.0785224616133178
1.0
0.9557090148848086
1.0643044298271818
0.9519060969975222
1.0
1.039066531739147
1.0
1.0047222774021662
0.9837401907464951
0.9782382822835256
0.21515226777117924
0.1708186305311088
0.8608244411827588
0.037668704873404124
1.3222351258126173
1.565407300147272
0.3415546710782653
0.16455495633357353
0.1037902670994133
1.1259684642439538e-06
1.0
1.0
0.6060480063702833
0.47073797672818785
0.4418860873228674
1.5999314041978892
1.0
0.4055921801897604
1.2836965869703718
0.718956614143659
0.15701748687312644
0.03843893829407996
0.1474727948885537
1.5669453693615338
0.7359451237323125
1.1598930986893592
0.13272551539969868
1.4304666680843798
0.11945296385972881
0.10098867587379701
0.015221377329089236
0.680247530793384
1.0
0.8655510407493576
1.1986483080578605
0.7734002591203932
1.0
1.0560587242579018
0.9612999252361494
1.0093379451397393
1.0165064440608056
0.9974914136449815
0.9921272684866533
1.0392588695259288
0.9731020771693011
0.951720775467237
1.0
1.0
0.9931958429232015
1.0
0.9948588695056877
0.9741377415654018
0.9140654330158284
0.9378613357262306
1.0217671985104904
1.0
1.0
1.0371457105664295
0.9829936153911731
1.0512856845053697
0.9489666069880585
1.0
1.0
0.960741446127324
0.9955826383862618
1.0015624102491536
1.0
0.976362534183103
0.9724103092624894
1.0124422748307556
1.004351681855848
0.9778306422861913
0.9812360201971142
0.9814438215321282
1.0061458144485194
1.0
1.0
1.0411216386742215
0.9195904786594404
1.0452967160728672
0.9925928663452979
0.9992611942062073
0.9095223529036591
0.9797257289137598
1.0
1.0274693888267041
1.0365506728158707
0.9898228223025924
0.9780834424602318
0.9428883632853395
1.00140481249416
1.0097767705097525
1.0
0.9961806155725519
1.0014061692242375
1.0
1.0612590330023846
0.9059745285151859
0.9759673116910417
0.9764135058193162
0.9206256633100214
1.0
0.9801770677202768
1.000312751836562
0.9977579917042814
0.9020722369136163
1.0946309340241047
0.9750381884231683
0.942068627314752
1.1521382354167233
0.8839643173458089
1.1253208436096305
1.0426346875319403
0.9487400082062223
1.010122826243558
1.0
0.8821593609482488
0.9901220821143557
0.9640866714109659
0.9803128386587385
0.8587936080842198
1.0
1.0668827128285674
1.0055312330036674
1.0
1.0
0.9544627655920639
0.9609453625099675
1.0
0.9815043683358198
1.0
1.010054795031845
0.9815211466963767
1.0
0.996954999129148
0.9968404285905823
0.9431213977499979
1.0
0.9213780417186435
0.7656245090012259
0.2942019074895086
0.4718836989466819
0.15517545126535914
0.18332088240940703
0.7645481528987235
0.8900637524873796
0.09225014840007262
1.2423110199572847
0.16384978770349612
0.38154220304874276
1.0
1.0
1.0391427609260946
0.1588130654123967
0.4687767293806786
0.8099883867686444
0.20613895317874498
1.0
1.5662708990109326
0.4859461436977064
1.0
0.17885170539822326
0.3238546996037961
1.8014945995191
0.0934111277926255
1.0133716178417629e-06
0.5458422449665399
0.6837948156834734
0.6784466279375749
0.7234779276805696
1.0
1.0000000000000018
0.6627627014166055
0.14515963201522197
0.06284624644400694
0.8815052876974825
1.0619856339052305
0.11760653506113528
0.08936767055350892
0.006950082830869064
0.5515512887877136
1.2617102967684257
1.0
1.0465828443557257
0.9692967852569279
1.2674281431437446
1.1026511414683853
0.0034970050371150307
0.21079227302511505
0.7408266238698786
1.1897176079213505
0.08105352791391596
0.700270299982515
0.07294817512252472
0.1933520048187809
0.11131976969150692
0.3479690601413301
0.08406991367620131
9.120344560686888e-07
0.2594962260412217
1.0
1.4595535186762092
1.0
0.42990229021185655
0.45738060551395776
0.3164182674317324
0.5486277254520697
0.08003620074118167
0.11478264861037246
0.0797358952150713
1.4397302456236467
0.07176230569356434
0.03731294621872827
1.0325502173375192
0.1628634674938887
1.0
0.9994591326875408
0.1579899943797649
0.18823294579482397
0.16072906421665945
1.8553438422050075
0.16954612281635484
0.442054302610436
0.18644920580068725
0.13498469873648933
0.32157914549481736
0.0756628311051355
8.208310104951266e-07
0.9113803278915569
1.0
0.27700795262191846
0.49764875115901575
1.0
0.40522024296193493
1.678203783185852
0.9275872730318682
1.0
0.7140826329899532
0.9422839991020524
1.407709466792614
1.2421936925078292
1.0
1.2609928309113094
0.683259996908884
0.7543580212108694
0.6797218716135198
1.0000000000000018
0.6658651670216695
0.4937649529068633
0.08351084552809951
0.11845420384019967
0.06831736974608127
0.04516875970911549
0.3224066083794046
0.30069342062299675
1.1432226664003213
0.09934403658622593
0.038629449628308166
1.1015694200197652
1.0
0.2024371699186407
0.15735697315941266
0.9474966072080733
1.0
1.0021424095260159
0.9831999456162475
1.0
0.9713359376280888
0.422487858793013
0.19864725117970217
0.1536441434123219
0.2969875140558491
0.06809646591152108
7.38747909401205e-07
0.43265012174206774
0.4432843717057331
0.3802751863827396
1.360085376531524
0.6486551456101903
0.04904373024913866
0.08700518135930935
0.10828936594810656
1.3407986779901737
0.6623506113590807
0.729772838415121
1.0
0.6553470951561167
1.6913408654378266
0.06600250874238434
0.04677235117346079
0.7122227777140449
1.0
1.0358640957680372
0.32023528960376346
0.27062407856069726
1.733925525362018
1.0
0.2548383367168565
0.19484707871701623
1.5947893788196872
0.17536237084531514
1.442697415881785
0.9499259367777331
0.9861389956831932
0.1578261337607838
0.18125800651313462
0.19792915024271984
0.29750023241791723
0.3792039517693233
0.1966671694354991
0.16797848047667419
0.27409840924141626
0.06128674544557766
6.648731184499823e-07
0.2598163290907287
0.7835095726638102
1.3933696837007155
0.4991691549869266
0.4665254917382562
0.05283987536015644
0.08913359981818836
0.7888012947911225
0.06407949298549198
0.1002388384191768
0.3407580021711425
0.2821580613774817
0.6756404501898512
1.0114125373377032
0.07966699130103727
1.0
0.06588916305846215
0.10485328321012055
0.21094478845063147
0.46607618194465417
0.1898503096055686
0.40048353278963233
0.170865278645012
1.8464098567136151
1.9640202424207276
0.3632314590245098
0.2528172428618327
0.22930972325328547
0.22753551857564958
0.055158004413708106
5.983858065716774e-07
0.2798641752658355
1.0
0.5707068299326075
0.3611765504471123
1.240874831889144
1.0
0.9037234447567002
0.8133511002810287
1.2370018640128357
1.0
1.0352347981708014
0.9787729199626263
1.36309687944307
1.0
1.1560226155994542
1.0
1.5949972207255065
0.433713546738435
0.4731011082181453
0.32505889540239963
0.056469247805958744
0.11074356782467554
0.7933547589277339
0.8748466920938682
0.9739272436028354
1.0643547674756704
1.0895335465455336
1.0
1.0
0.8353248877526749
0.8568737013295955
1.0
1.175103660824096
1.0
0.93473049681268
0.7216166088963565
1.2093018977090164
0.8258770479682358
1.1424968332482628
0.6079717402959712
0.06769542752886082
0.10329350998560294
1.0226202294400473
0.9548383802192522
1.0293806888497397
0.9917049389747827
0.1537023039776777
1.087914493601378
0.06992380585770164
0.06978557507362826
0.15153399255922917
0.5973097248950756
0.13638059330330599
0.005460911011600622
1.8944940411867774
0.2102977671594557
0.04964214413375645
5.385472259256119e-07
0.295020897538663
0.4657998799615335
1.0
1.5710181543982813
0.5822596915242997
0.29735290328308395
1.570043172478627
0.43080385488104156
0.054039811935858495
1.5768508089189357
0.5808342719729573
1.0
1.0
1.4688239397629133
1.6764731667560966
0.3319520487053289
0.0015907285830518703
0.13090104917208834
0.7064287103335687
0.8178878884458047
1.0966678241934176
0.9116995452890002
1.0
1.1214533257822303
1.0
1.2727848154381185
1.0930982854813607
1.1105030536911489
0.8711863311966361
1.0
1.0
0.9205295907601005
1.0
1.0077106186454206
0.7654355566698818
0.5539441090192607
0.07125523577453485
0.09191909700410505
0.08841931528426272
0.7668659304264658
0.09260527601703394
0.18292512088609314
0.18258368286271853
0.6188740148751934
0.12328862507413607
0.17592964028090652
1.0
0.58542277010043
0.19423220485688564
0.0446778758656583
4.846925033552552e-07
1.0797577048975988
0.5211311466731985
0.6516578963029147
1.0
1.127826796355123
0.5125784346754969
0.8844762605107164
0.7266465833377573
0.9999999999999982
0.6629532519232733
0.011658449192463394
0.1349359076158052
0.7099211653120108
0.0733216218974917
0.07388525577526828
0.0206986926913455
0.1793790576090366
0.05595286776456909
0.10392733865993264
0.09336679853863128
0.10839934317010336
0.37123545889010856
0.09755940885309311
0.5463037135760755
1.856827798131242
0.04021003980984217
4.362232530752408e-07
0.3120987957809511
0.45138697254827065
1.0
0.4522176498447621
0.02398619503479793
0.15242099125619113
0.8166815327528685
1.0
1.0
0.8510648998422727
1.152339509396345
1.1340983830122315
0.7175746281447921
0.8457658820205669
1.0926283026843784
1.0953258690973762
1.0
0.9899626636880363
0.6938415821106343
0.8952235241243791
1.0
1.0
1.1945633383964172
1.0093079932040077
1.1757358886105589
1.0
1.134499920555692
1.0
0.9985599676223558
1.0
1.0
0.9700145150055732
0.8502148941341048
1.0
0.9127631319187479
1.1785131812731269
0.9185629396774999
1.0610239131812609
0.5130073838845384
0.07337798528526918
1.204634067970085
0.03656672918311443
0.15584586507167586
0.03996484712211945
0.1028712846478026
0.06343424348244842
0.03317309661017642
0.30599056240534406
0.3689805557518713
0.0361889922065326
3.926009277677167e-07
0.2911657884072909
1.0
0.47408119471055343
1.0
0.5780219177672876
0.03682967465693743
0.17719233425980718
1.3271019486179139
0.15947310083382682
0.005687434952934112
0.07255491567434724
1.0
1.5720567558013165
1.0
0.05969321878671252
0.9592338997174075
0.1362647938522965
0.02568123394512689
0.09892758053126727
0.05377350947318593
0.0007432692913758032
0.31228956173999656
0.3357013993973377
0.032570053725786474
3.5334083503535396e-07
0.3981327459034709
1.0
0.6252040097087921
0.7993693994728375
1.0
0.9107924806221668
0.6039053586193646
0.06681325070060495
0.1429570472551518
0.0021368001097936684
0.17327878010764408
0.01711311640046098
0.33489800809177694
0.4857616154349387
0.8549333430999599
1.0
1.0
0.9580476091390562
0.9488197532759095
1.0137036972972275
0.8243326003898748
1.0
1.0
0.9653189802726416
1.0712528572411646
0.9697652946065762
1.0
1.0421374253723883
1.0316239175046515
1.0
1.0751351149627268
0.9400399394865424
0.9700850827126768
1.0327311676426287
0.9810716455824551
0.9701648142302375
1.0331769633622638
1.0
0.9967598073480648
1.0
0.9863569309216604
1.0415711670084136
0.9727887651459177
1.0
1.0196131283326597
1.0
1.028461525754187
1.0
0.9717169356838049
0.9612217803844594
1.0229191426697728
1.0
0.9694156492746604
1.097911831660518
0.9559530461245185
1.0
1.0001921830161518
0.9572108947125813
1.0275652154366117
1.0751913061070493
0.9287158189272375
0.9215813756557321
1.0
1.0
0.9665685563790465
1.1300882992588583
0.8805156363172024
1.0608502064793335
0.9787878952877094
0.9838958690895172
1.0170899587196836
1.0
0.9918783545303356
0.8875602518568257
1.0
0.9089868555894931
0.9703859160077126
1.061069351146056
0.9028423899589697
1.1086114780518752
0.8884743510253834
1.0346929268221636
0.9556198501584596
1.0
1.0588647913868385
0.96663661474952
1.0
1.0
1.0518797866828447
0.9411797220369937
1.0
0.9026048504349848
1.0091056702206593
1.072698229247857
1.0
0.98488507892759
0.9891595324264504
1.0
0.9819083740208399
1.0
1.025615373178768
1.0
0.9706674201538696
0.9902435791838045
1.0
0.9432432033160243
0.9537428773524947
1.0193868372216475
1.0734984517275965
1.0452466550273485
0.9391389990942614
1.0
1.0924416732829272
0.8985490933334148
0.9436642848509695
1.0110724058753195
0.8799479036154789
1.0
1.0
0.9911973474745732
1.0
0.9783869957604168
1.0738255890962485
0.8983211121834778
1.035486239251096
1.0
1.0230538358608907
1.0
0.9169412626197353
1.0392112620192648
0.9684101012519903
0.9808933324464508
0.9801322821116418
0.09884724404293621
1.0
0.17208435429183844
0.8550318080121766
0.09441217342545905
0.0484704854550051
0.031897898536238145
0.3146307455057302
0.30538826483018244
0.02931301301912459
3.1800675148740964e-07
1.0
0.30966733989445316
0.5869642175707099
0.3125265279349705
0.0744276303560607
0.12887502254061545
0.019250998109578532
0.6240782145951531
0.01808799604876299
0.3645663690843328
1.1685965824691458
0.8531011948350695
1.0
0.292075390721223
0.10896097152882867
0.1656825416545722
0.17599927561334106
0.9999999999999991
0.16762059517907701
0.34090425113312683
0.4857073268728964
0.04681322676312849
0.060171183233187264
0.3137064974381758
0.27778073964907657
0.026381679916536838
0.5397925916996336
0.4523454201583823
0.34867844009999993
1.0717819344078414
0.39698375709628664
0.47286728434889014
1.559353715970353
1.5720837148728997
0.313352420098564
0.45884015582239
1.0
1.5245241777829968
1.0
0.5328789568851136
1.4074161807836916
0.599809570966066
1.0
1.1135886886220518
0.4272939713044437
1.488960451133611
0.4569983106070943
0.3693993681583976
0.06933995640919655
1.0
1.0
0.11791262009751158
0.02134393163800752
1.4573541740297777
1.2548246999029118
1.268611587593103
0.07759932659433666
0.5616703931356373
0.042102005098868744
0.15804451212894222
0.12007019107255346
0.9617209649982037
1.1208850390414398
0.15424708002330334
1.134451131501617
0.003779135154942992
0.09449932730472721
0.048149022410134634
0.08552471465368594
0.31011392165926477
0.2526408336758226
0.17480580235145293
0.22737675030824045
0.13458754708548426
0.20463907527741654
0.02374351192488322
2.8620607639417983e-07
0.35934968134073486
0.5062325529186253
0.2956506338179956
0.6414867959752542
0.11601568391099448
0.10525790773688826
1.0
1.383061104142758
0.11548064247477718
0.04168372979851753
0.00666264537375838
0.06185847928226096
0.7202206865427012
0.11463312854140284
0.16671421505044748
0.46056176646326374
0.17246955589705504
1.7662588059314865
0.1552226003073498
1.5922087361207247
0.5092570222680068
0.05188659163449039
0.10798363535424382
0.3475681954194858
0.18654951894216332
0.021369132111787037
2.575854687325574e-07
0.4186210956034948
1.0
0.4407711292778238
0.33023425003372253
0.03218252473692296
0.12648797054106176
0.10810095120715069
0.03818162135604197
0.00018946709184319843
0.019191410942585918
0.22113037159996551
0.6353841284055086
0.09505295597871655
0.057496296006466
0.1319420913607683
0.33146632777175355
0.17003148025912562
0.01923219314206137
2.318269218815061e-07
0.9641529443764725
0.3376660565975804
0.43508922859655286
1.0
0.40391686570408325
1.6151010271131323
1.0
0.36636867248428473
0.04161306931733755
0.12195566746196107
0.8350133794775818
1.0
1.0
0.8394919122458031
0.9784057897802949
1.0632946587715821
1.1505153967579336
1.0825110658615387
0.10110901822203999
0.03434451251125381
0.0020896614769174704
0.03938530700832388
0.17761025167562394
1.0
1.0021786426963715
0.17266464879302745
1.430303117410709
0.15539818391372506
1.0
0.17550306110465286
0.13970034027661526
0.3216168396488408
0.1927802862136554
0.31532284302049174
0.1549515515474189
0.017308950645163135
2.0864422967115104e-07
1.0
0.41162306565253104
0.5639907486051392
1.0
0.75289259544315
1.1180362364010534
0.9287576898596015
1.2575025005770648
1.0
0.744143199981238
1.0
0.6629026769417692
1.0
1.3585654371692577
1.020275075348458
0.3045903844357767
0.04964732913180114
0.12238864352542222
0.685982304763403
1.0935549143692302
1.0
0.9459624340781279
0.959889880881585
1.0
1.0528672706589308
0.7139797763120086
1.2438704381713137
1.0178409299424054
0.9868946766794231
1.0720167325702175
1.0502947012755524
1.0
0.9192321367185752
0.9286431838388882
0.9824153299380676
1.0975823863872929
0.7875376514310002
1.0
1.0
0.941893420151132
1.0987039708601198
1.0
1.0
0.8638452109033139
0.8523906987649834
1.221049928500122
1.0
1.0104694153094425
1.1925052134573129
1.8060706928607377
0.11032573933113454
0.09443256765096208
0.030701095112435794
0.005819226030057578
0.9140241345004618
1.1773782789495844
0.053207801475053884
0.1177178964318557
0.5718457155649581
0.09129728998149211
0.06494087554189587
0.18342679930391537
0.2992857138731848
0.14118729145719344
0.015578034716223765
1.8777980670403593e-07
0.3300456597734325
1.0
0.5486568244555095
0.27909607890537913
0.06795403450427528
1.5845467454566702
0.06115863105384811
0.1087364221631173
0.7133326883160258
1.3456463252369648
0.7475816221393963
0.9765284590575689
0.8442879713697948
0.6425817986808084
1.2325770474672986
1.0
0.8389298614799507
0.6266937702537145
0.07616117772306374
1.5166038598280576
1.213356257375029
1.1392974762361288
0.15911635816155645
0.889859979597956
0.9254009657045916
0.983613169216131
1.0
1.0651473866942869
0.02434226933781325
0.06854505995075755
1.0
1.5277670544818118
0.12829591146951458
0.05965881097073478
0.04876153523217397
0.14540672008409317
0.08866164853753222
1.5897920070500042
0.1950126907608425
0.28347587163158483
0.12862636578309639
0.6991427637471523
0.4952996108624501
0.7915374129237764
1.690018260891435e-07
0.9219017593416936
0.40835420375417186
1.5489167251666416
0.3144038078201348
0.48175804732141003
0.3517691116365782
0.07300172229633439
1.2967629401806562
0.8329133538374087
1.0
1.0
0.1557186398960333
0.028762548399107857
0.11748667597881024
0.12143220141963695
0.058569083396877275
0.05842605371736731
0.13973221292943627
0.07918371702122151
0.2552699376991825
0.20385900884791663
0.26799092104673683
0.04584945283007125
0.017945318767287333
0.041264507547064344
0.08393447194115367
1.521016435024336e-07
0.3675187833787561
0.48808608768753103
0.3057691575361936
1.6955282611358555
1.4438127774762144
1.7024969554262768
0.4677527401163495
0.5421654099648272
0.9331870395638546
1.0071931299013492
0.28800294553633066
1.2915407313047442
0.7445686525893294
0.7496220184536675
0.14302303074634182
0.028103163883274718
1.5614882704342232
1.1505283397743842
0.9756993354048191
0.8712306480360699
1.0
1.1192335727037204
1.0888335737741084
1.0
1.0820203816921872
1.0861854646701765
0.9441712656337717
1.0
0.9800733115091109
0.8234457200866494
1.0
0.7878921376986199
1.0
0.5902436845936077
0.09359478823896517
0.11514588961736116
0.05855478042892592
0.0665566696385742
0.11784061993436978
0.04573835154918093
0.2501288448140562
0.21027220006779856
0.2499032249797759
0.18339172408490345
0.2249129024817984
1.9879756638641477
0.21082190252226685
0.24432907037288798
0.07554100953687382
1.3689147915219024e-07
1.0
0.34927253523450474
0.6075916737446256
1.0
0.7472880608515773
0.6966124092475923
0.9431894443818187
1.0
0.7161495826770015
1.5840552266574743
0.34134983022337906
1.5214238438189298
1.0
1.5376102787608836
0.4687591537529272
0.4821459099316634
0.053851496413571454
0.13153104406003457
0.044184123592646785
0.07272072045333289
1.4001781983074384
1.1146395327756622
0.047037783278716105
1.7960725915858884
0.04233400495084538
0.06544864840799924
1.2667052433174941
0.0589037835671995
0.10948677869851764
0.05935496934989004
0.07168506466815394
0.10148272278601489
0.016151631912856956
0.2461431803394305
0.23672659280717578
0.02805695288449339
0.19034953721304237
2.1713145834917382
0.2274502642892866
0.06798689489403853
1.23202331225869e-07
0.3188254390024454
1.0
0.4286956662123593
1.0
0.42854616929713885
0.03531324236621103
0.13173353083625194
0.05053584765327912
0.042064727340628494
0.10447359776365417
0.060587978881716964
0.0746648304799411
0.089719287316127
1.1471709108007904
0.24520152158620512
0.001271829534266189
0.2651277423741467
0.21150392734976142
0.06118819308440182
1.1088209805887317e-07
0.5060674573475161
1.0
0.53278967224837
0.3272227798218239
0.018608565045965975
0.1236137625179552
0.04968873562201459
0.8425279574899935
0.0447198620598126
0.027410894830198984
1.1528726595595469
0.024669805347178553
0.10008503587545903
0.061995664041539555
0.07617027616356076
0.03396973249556545
0.14931509255107134
0.9526146710241816
1.4293176729360884
2.01099941338439
0.06515627529764956
0.015641249990903106
0.13438358329596412
0.2205541864741578
0.025368127656575368
0.25976536087170743
0.19647235392322537
0.101764150676523
0.17682511853090288
0.055069362687751866
9.979388826408808e-08
0.3062508216095665
0.5812675729247303
0.8623091547390089
1.0
1.23175225051936
1.168301127386158
0.6226703716344844
1.0
1.0
0.7422204956911784
0.7780806683791965
1.377445133894632
1.0
0.6491431014849134
1.0
0.8775350901941934
0.004386332289573858
0.1206932460343424
0.04545594587156998
0.012194321224914262
0.09627609869206744
0.06992875278350574
0.057076522768793936
0.0006387666622149624
1.156085154407834
0.20103558059239912
0.04880785097808893
0.27111857202995004
0.1646495429465875
0.04956241643958803
8.981449939327035e-08
0.975998270595241
1.0
0.3584698400435151
0.453659019008235
1.0
0.3798607383972552
0.008121625542818478
0.1131695160180648
0.04097010171119564
1.0
0.0013472792332169803
0.09364136410121304
0.06864352978203314
0.05130499382569376
0.051096755545996686
1.1258872532181288
0.9088562914154537
1.0
0.27871271711380796
0.18581280763096775
0.07103892308327531
0.2604716691216131
0.15314083029588765
0.0446061658141792
8.083304947614778e-08
0.34732048177627206
0.5122329830057133
0.2930131746603699
1.511951190104142
1.4449638519687902
0.5567223994551895
1.4917914401925465
1.5705953175091736
0.3204708289368945
1.0
0.9006499026535302
0.4404601976903031
1.0
0.34268682711180887
0.01785181389484336
1.6672118037707087
0.10594957458737753
0.0381675011591085
0.00815158510022762
0.09114158066929434
1.0737218296993785
0.041064818888523646
0.0832024581707973
0.26942272616552376
0.17433541917619877
0.08998219768710936
0.24973858523904013
0.1422873638477169
0.04014554114945623
7.274974456183969e-08
0.33774333332878115
1.4455828686519467
0.29057577314547345
1.719827496349403
0.3039689999959023
1.0
0.660403334471038
1.4840518415256518
0.6313193052562731
0.2654970385838169
0.6832784362760673
1.0
0.09917136724455133
0.03353559253317506
0.016450584657134115
0.02534476036757205
0.1783883410451903
0.028638091182591197
0.047939939737165815
0.259913995466591
1.6086609541762638
0.10595783644230217
0.23899346309990754
0.13207318157789105
0.036130979759536164
6.547477005014457e-08
0.9783984435357169
1.0
0.2924730924740153
0.5357707043022124
1.7272154448957622
0.594363001023936
1.0402438377466794
0.740908919220221
0.2656484417842364
1.3536596745117144
1.0
1.2688801577930562
1.2085770254674273
0.9470191248759505
1.2846031487224678
0.5349267009215417
1.5729900941327983
1.0
0.7687886044115224
1.0759111806522093
0.9660210380447403
0.6779106076013939
0.6454147458484805
1.4237277114886737
0.28071033417461777
0.030974516243555072
0.8462602643772339
0.02853697481414308
0.012271050154662788
0.004971450226294749
0.16341331605892861
0.02098028809061603
0.6937621773468123
0.07305650050230561
0.337361976089146
0.11926139910806288
0.22830143494770638
0.12247896139605574
0.7301749519893797
0.46572016235566815
1.0000000000000002
0.4419787221525442
0.31381059608999995
0.4368633210143962
0.4342737611777956
0.2495418491328003
0.05482564971197057
1.0
0.010835460817105513
1.2394493081422002
0.009751914735394607
0.024456172317261604
0.010546800116566502
0.011867026402228475
0.149170013262097
1.3398003536560008
0.7941796817095987
0.1160089302351146
1.0
0.9280182189305854
1.0916981078054704
0.6243859596121304
0.09948704806098974
0.315551918391038
0.13016540269202714
0.21771918759254127
0.15330672667022593
2.137976054003203
0.037213570057512246
0.001279121256384741
0.03349221305176098
0.7037294730260082
0.4720066592358092
0.9999999999999998
1.1471414868842917
0.7123837817059318
5.8927293045130114e-08
0.27481478190381736
0.49641417792127385
1.6049947263041915
0.5617836963811556
0.2300702291907193
0.053325134402577135
0.01122234049358184
0.020955875073877195
0.0106788227451311
0.025597325088215328
0.011873869593799213
0.9833657992745568
1.1149707806528983
0.009446587927747885
0.5619473636509174
0.12109353509399412
0.2970132668211374
0.45721242511123084
0.2673119401390238
0.07487682421824271
0.15098584673621573
0.38475998858620564
0.23309306370329708
0.06738914179641853
0.4168154525445349
0.0005452175078071164
0.7981002908709969
1.2415844471772117
0.17590831184491496
5.30345637406171e-08
0.4231444305443297
0.5997783041863833
0.9590358095242202
0.4388075928923669
1.554493900406186
1.3868109465390823
0.29697472150556337
0.4032842967682022
0.38624879620482133
0.049114855011676894
0.01219569395161102
0.01779240529197601
0.012170672979438635
0.02764403579030983
0.3281097321758999
1.6832086082417241
0.5952020427927689
1.0019639324064453
0.30992429777219144
0.2852272616561251
0.1526475204629829
0.1808429930315203
0.1719227890218491
0.1382097111263807
0.12061754017100856
0.018968682362323186
1.965859993857336
0.022584602620743244
0.15831747535696694
4.773110739986208e-08
0.3076056790318269
0.5075229706102995
1.0
0.3525354020855076
0.04542293890566995
0.012755365085647341
0.0147960974648349
0.008189202102464321
0.08450769494748478
0.12312821949248409
0.003463378418828711
1.0
1.255889462499212
1.3999686335262265
0.6791030766358368
0.1685514812323028
0.12929863304383993
0.9527469464872658
1.0
0.9019281685734146
0.9992324226943259
0.9399037209384646
0.886900206553519
0.8917291609562676
0.8683140676543646
1.0
1.0
1.0972157105660747
1.0
0.9798077288326974
1.0
1.0
1.0030722296263308
0.8982101858981668
1.0
0.8395784044868382
1.0
0.9765154852386946
0.9113251402812423
0.9416986513735903
1.104096050186981
0.873650217871873
1.0555963885715247
0.9148399098147841
1.0
0.8435523771528084
0.9426336357283676
1.069434551156978
0.8793022686901883
0.9529458589158635
1.1442283967276614
1.0
1.0
1.127895682409073
1.013295260938091
1.0709995325921877
0.9932995525187396
0.9370903869477312
1.0913074559497975
0.9947075026301864
0.9212027734129986
1.0
1.0
1.0
0.9700012783125302
0.9479894034107099
1.0
1.0
0.946940215036082
1.0
1.0
1.0529032406422179
0.9875869231879868
1.0298055570548952
1.0561267631028084
0.9685710996860895
1.1326164995977903
1.0
0.8866666277127555
1.010526337261192
0.984879951054622
1.0
0.9626033088749937
0.11045265439014074
0.21365781351182456
0.5694069246629603
0.00449439482297187
0.14248572304815932
4.2957996715387026e-08
1.0
0.41603163971268486
1.0
1.3068471651513
1.0
0.2850417050508298
0.5286123496621116
1.668410321534605
1.2000628792393222
0.3965675172942724
0.3949268336031295
0.22184949910364082
0.04215618152366929
0.012925844757425864
0.7370816397935371
0.7015813235594575
1.1912933690181422
1.0
0.7979414070468245
0.5632089412130465
0.0010804876025307664
0.06374410350348825
0.11116173538511909
0.04803914507200169
0.20021871220992615
0.18872600865094036
0.17978219356591119
1.8341111741703493
0.5120167927143671
2.0017380089407695
0.1282371464475438
3.86621969994394e-08
0.2878099474692597
1.781945155238045
0.270312242937667
0.3556920333912963
1.0
0.3260397739198915
0.03923314784704246
0.011666853847824399
0.012605616268357878
0.007346849192625626
0.04625351961462876
0.09524164733940843
0.02321335934380997
0.19906944185402686
0.18783162714243762
0.021607143207714508
0.09926145699412547
0.26064131254885314
0.22320113250297258
0.1154134279365695
0.5719474801965203
0.4027277815385524
0.282429536481
0.35954790220784005
0.5398004737677446
0.74389916388769
1.0
1.756612998005906
1.5447315403495416
1.0
0.7251109456468257
1.058480864708919
1.5130977732374262
1.0
1.5843092388963882
1.019441400817854
0.2535865504712689
0.9826245951780308
0.9372099950004049
0.6164377305762834
1.1130158051580814
1.0
0.9070937907934535
0.6061836103795422
1.3795721314999838
1.6215755773050766
0.3776191001531828
0.20780348213034827
0.5896402535325542
0.011760730089877214
0.01207973956078412
0.011237516234826828
0.03210400291922433
0.08339614667108641
1.2910049256779494
0.1979456603828691
0.1668877501074224
0.7950101702025485
0.15019897509668034
0.7004892556726254
0.1351790775870123
1.692842821678564
0.47644146048929237
0.1597639989803259
0.11539944254959789
0.3278338532923133
0.10385949829463836
0.2568972945442658
0.07082977308135341
0.2312075650898393
0.21242236204633214
0.15487344249837687
0.04062603926423414
1.9634365646621896
0.19118012584169897
0.10387208514291268
0.41502113364957416
0.36245500338469716
1.7372765951425972
1.5963077743045808
3.479597732169992e-08
0.3775731593638305
0.6247751624472535
1.0
0.6969981529342419
1.0
0.6660955380344618
1.0
1.3742623893446613
0.990105572809302
0.22522154872470068
1.6644424738800083
0.8479407108322725
0.021311433897142962
0.011792631036966483
1.1249115147278133
0.010613367933270723
0.011995517228189811
0.013324164903266933
1.1309277752974403
0.051050426190409226
1.0
0.6599055519022254
1.283577971284453
0.9501284799045404
1.8202209120977333
1.0368595641918859
0.7928819018764219
0.012128381995697879
0.11465335948567379
0.9446389437212659
0.10318802353710588
1.0
1.1998570889774705
0.021060911865202314
0.5939149967120034
1.743051843349832
0.2719692875368125
0.22337737538341962
0.1288958130901996
0.16074543826980126
1.0000000000000009
0.5753532527339287
0.16571349316671746
0.05405962203763437
0.44479071383587687
0.18244932177182038
0.09348487314902387
3.131637960063216e-08
1.0
0.253491566935903
1.4820846438987054
0.22814241024231308
0.3879557494692776
1.0
1.0
1.6175941047367886
0.42911526004854395
0.7631466397490456
0.0169396906104069
0.011964421062330644
0.032699682098407123
0.18439033835375618
1.0
1.0
0.21552344989981975
0.05194852524211058
1.0
1.1619044331101538
0.22337767462369307
0.0150753631248417
0.14373618164628255
0.004174588450283068
0.4185565746294708
0.1735528769095409
0.08413638270248347
2.8184741651671175e-08
0.36045325278330864
0.38315969322336585
0.21963989194734523
0.014049279443131724
0.014037947165938647
0.04786874772394256
0.18329471771279593
0.18877625238562779
0.07315146782567084
0.5718823654657896
0.2139292191540978
0.13208077560815923
0.14855165258647673
0.13114115579681584
0.270177127062591
0.026695245567327497
0.3940562048574776
0.16461122748883517
0.8794395955944556
2.5366267530912978e-08
0.2744058891917689
1.0
0.4649400973687001
0.19627097480829647
0.01124055678222291
0.9839180631288134
0.06141134472282772
0.14608762070295356
0.1625834803644981
1.1302682775926147
0.5225769847737887
0.9767098317147482
1.0
1.0844763718492718
0.898585040138471
1.0183666658227466
0.991219221265423
1.0
0.9442931707196713
0.9992235492269081
0.9664430301866229
1.0594412316168516
0.9814097866809401
1.0066448325301707
1.0112317855922335
0.9572259285419182
1.0930491270466955
0.9675163275582186
1.0
1.042799202987288
1.0095546953442227
1.0419528076614633
0.9897029122300918
1.0592711152049397
0.8711816204762144
0.949297856365872
0.9979599556493355
0.8919531132539298
1.0
1.0
0.9920776127271154
1.0
1.0642509973909533
1.109882926661669
1.0
0.9572586008646216
0.9640288301128823
1.0
1.0
1.03713594511464
1.0131608034494626
0.930814436766763
0.9702952886296607
0.8907326210070821
0.953344003684446
0.8603535116667658
0.9448371070633161
1.0
0.930957832873661
0.9808172274129703
0.9733585998118475
0.507576331657793
1.0191004804441768
0.19953237084883924
0.0008057913522705462
0.12894510463662634
0.07750414834344
0.3711117071206136
0.06020614518050582
0.16366669863658023
2.282964073341276e-08
0.9733146137680748
0.32501429257649406
1.0
1.2386588999761692
1.0
0.6158689905477566
0.5012537797320356
1.0
1.0678329194171106
0.1888603055344369
0.03653970085895253
1.0
1.0000000000000018
0.07743974073720139
0.8625260435700266
1.0
0.912061941997127
0.8676319967780888
0.966330959252943
0.8317123421965977
1.2514588920230612
1.0
1.0286729951242304
1.235547621169566
0.06987897232083995
0.11522051059620786
0.11036806505489238
0.32009760457926717
2.8143005733943465
0.5356818385134918
0.8735277567719724
1.1669718106056308
0.8593545421973268
1.0
0.9318955330150427
1.0
1.0314230725041114
1.0235861395278487
0.9709639469990954
0.9565486979205122
1.0
1.0
0.9938762586308805
1.0
1.0736352551677282
0.9681305107104432
1.0205571871542904
0.9856638551089851
0.988648884318355
1.069437935363366
1.0012655523018132
0.8645356768506272
1.0
0.9760119311038675
0.9708347215683872
1.0204580782016084
0.9090232942883478
1.0
1.0
1.009110543619201
1.0
0.7939434248534241
1.0
1.0
1.0263985041628558
0.9541826865732705
1.0
1.0298446661260279
1.0
0.9984048048367633
1.0
0.9875185410440164
0.9243974921167659
0.9869527806716007
1.0
1.028904982249177
0.9681609156012865
0.8729142472757978
1.0
1.0
1.1010167987428119
1.0188563268107966
1.0
1.0
0.9777788728412755
0.9720764633516659
0.9167585196391439
1.0
0.906923318825509
1.0
1.115402008886674
1.0109610455016291
0.8889292553367234
1.0049781097033001
1.0
0.9072550109496973
1.1834704901452717
0.9551110252838537
1.0401567234422266
0.980211624251826
1.0
0.9140118768967938
0.9833690320267383
0.8905193827506039
1.0
0.9286082222902081
1.0
0.937212595847198
1.0
0.9969435420752912
0.991468525506523
1.0354274452151753
1.0
0.9727453730693387
1.0
0.8629529562942615
1.1552745272951217
1.0388542384458468
1.0787724744249356
0.9385963230368528
0.969522422091238
1.0526107276437884
0.9733731783548265
1.0170678539497597
0.9859623580299228
0.9967277894228559
0.9624941418270296
0.9649071091400945
0.9906019428101729
0.9145490823680813
1.1926502317941203
1.0
1.0095223541963119
1.016970694129716
1.0
1.0
0.924761107357476
0.947863549479278
0.9757970572317092
1.1003746509485577
0.931453168603694
1.0
1.0
0.9287529733489883
1.0
1.1005222242646564
0.893195542936331
0.9181209648595132
1.0
1.0
1.0066225024765405
1.0011389970716316
1.1219178908344354
1.0745462859953694
0.9665446689804149
1.0003353714547778
0.9116926546985056
1.0945688563626081
1.0152736247167446
1.0
0.8857124415795496
1.0081873091366038
0.9636155950996912
1.0594039607679555
1.0
0.9290198535391987
0.9870389011692158
0.9933044246632736
0.9199522887165585
1.0
0.9833979660724417
1.0310406524462188
0.9684163982260845
1.0899424295127993
1.0
1.0060741519360494
1.0132168864479123
1.0
1.0
0.9656192872739524
0.9699237392278519
0.9250491305297501
1.0
1.0061787645164912
1.0
1.0
1.0022996452634896
0.9287331405764707
0.9164798240640017
1.0
1.0139591063580582
1.086639333198022
1.0137462622450695
1.0
1.0676157981591068
0.862085656096566
0.9654362783580428
0.9325442174767744
1.0762940007340571
1.0
0.7758770904869099
0.937370489213226
1.0
0.8392897957290977
1.0
0.9791716796801744
0.8956880851286488
1.0162512978863614
0.9200584411834054
1.0
0.9881622347098205
1.0247782270242052
0.9615171879162752
1.0853738319022757
1.0
0.9670026786500703
1.0383078517433244
1.0
1.0
0.994942994794787
0.8821264104670785
1.350878487148183
1.079902799009794
1.215790638433365
0.9943870689142784
1.0
0.8815645245954578
0.7934080721359127
0.8672540355897222
0.960835153914747
1.0
0.955893732286949
0.969979054170631
1.0
0.9647697294009472
0.29292596317864117
1.3465460782087426
0.8524034951497939
0.03872793299596289
0.5694664303393413
0.8975853527787176
0.7632903523352184
0.03415610847401673
0.7874094983897812
1.0
0.33926065140266104
0.15498674163372428
0.1277660996857808
1.0
0.1468106029075109
0.12145178058579109
1.5119144738399442
1.6827029126953228
0.14427472067533742
0.6392769735440504
0.27040525414995464
0.10686490422115735
0.340021150926602
0.07055220052611322
0.1473000264899582
2.0546676693378174e-08
0.33022246756966567
0.38501107563986636
0.9717423223614396
0.9552082570764036
0.17917379173514192
1.3444258872845651
0.16125641256162737
0.07687736104925946
0.06009777331305344
0.07441312614837692
0.0853732488840997
0.014973093916299973
0.02641169817607114
0.9853997199842546
0.023770528358463494
1.0
0.3063914272403263
0.17965971289918237
0.01361972268070577
0.13448749942942406
0.13018052889170129
0.313074255886554
0.07822698312249754
0.04730821016443798
0.07040428481024774
0.13257002178629462
1.8492009035142587e-08
0.3007243583792274
0.5836339255598801
1.0
0.7132855240416589
0.6070260556029794
0.6095168848123755
1.7540184179238025
1.0901137984461862
0.38197672344228195
0.15281850741039094
0.06317984761302853
0.04664668336691058
1.2565662628102103
0.07533861460406044
0.008457561871216157
0.012039162863828778
0.2937182558062119
0.16305571387733409
0.025706500355577866
0.13405680237565143
0.14846990159118612
0.2966299570911737
0.0766208585078525
0.11931301775846404
1.6642808131628328e-08
0.23579347898704128
0.48739805628337507
0.14201391296502308
1.4469575473731915
0.5548831810924391
0.052197194515034795
0.0018155574237468386
0.7335316081701286
0.6532439645936474
1.2250133254755458
0.9824646543474103
0.9852518522945175
1.0
1.1237915597248058
0.8762734392130227
1.0
1.0
0.9616520619318667
1.0
1.0557187237840715
0.9008450160422239
0.5879195681342821
1.0
0.6109415922727344
0.06695899695653296
0.0064078893977121965
0.01853657900317529
0.2806520016133227
0.14932079252515962
0.03654153055758602
0.13549811229720454
0.16328590714118452
0.27462904723284254
0.0808900744329133
0.8477806125021394
1.4978527307363265e-08
0.7987990036647616
0.6039342536465391
1.5542547692489883
1.0
0.3594597718728103
1.05524606813308
0.3235137946855282
1.5245427548649815
0.4312790505988353
0.19285368538462322
0.04679591932115912
1.4905286780831553
0.04211632738904214
0.08385616699317566
0.0401157094131257
1.0
0.059622308321108264
0.950038216298065
1.4306337344897457
1.1115021689705138
1.0
1.1263130028207549
1.0799502163966963
1.0
1.1585289934225962
0.9497541390703947
0.9665839906477256
1.0
0.8775018930255758
1.0341351769709721
1.0
1.0493604577287634
1.24806712423924
0.025943924929588746
0.05366007748899726
0.007620758358259039
0.04474812126419003
1.1337901582651249
0.13804286632840324
0.046437188731547785
0.13827689178160263
0.17442022115035094
0.25525514995284837
0.011976994260591844
0.19215977407069817
1.3480674576626939e-08
0.5307027435942793
0.45285964195154094
0.14376419425667564
0.04629031134945194
0.0688645868595863
0.01798352468773068
0.047531993904271985
0.8672378728255232
0.04277879451384514
0.011333494648852138
0.06236175939470101
0.6759423911488334
0.15226467743892869
0.14034989405909037
1.4417164892720677
1.573906443415252
0.15107319910094397
0.12631490465318151
0.6444592343770523
0.05562115903655318
0.14189122471847782
1.7895846219514926
0.22853193553150497
1.979016433201048
0.1729437953155608
1.2132607141168705e-08
1.0
1.0
0.9279248179536062
0.4776324692348517
1.2689036902751631
0.4074365140774141
0.18708857265212941
0.04854773890046715
0.06017977570485478
0.007154093377145898
0.03736756559757559
0.003963969244496823
0.06686953074927082
0.39470218316385797
0.6707749218407688
0.064248165604746
1.6994396164628673
0.3843153697789008
0.007777098658249493
0.223632705424198
0.15564941457074388
1.0919346427051835e-08
0.3095288400954743
0.5435408282818841
1.0
1.0
0.6559697852366533
1.0
1.369357032533376
1.0
0.6370625986741274
0.6387833786707198
1.0
0.5229896121307114
0.049710942580905026
1.3601423422968253
0.0447398483228163
0.05344638879665453
0.0027019274796735715
0.033234412113369416
0.0031193807548799413
1.1029646239042812
0.2881544726633951
0.603697429656691
0.09586234938740468
0.6037181877659901
0.08627611444866456
0.5519739804342585
1.503223417609167
1.0
1.5294956548165803
0.346661542666836
0.3162761489990835
0.3119953884001525
2.0059294818580966
0.28079584956013726
0.029362659334844388
0.2168343763388525
0.1400844720217349
9.827411773244421e-09
0.2054063796289185
0.42195009718205156
0.1483166589463707
1.7931525627893485
0.13348499305173434
0.045610502370202255
0.04783155716902243
1.1402995545179166
0.030222908977519225
0.03047085285316342
0.5125197873054077
0.9028721621553366
1.1362100837648015
0.973419087977593
1.0
0.920947592409787
0.9308884758562925
0.8581185034929906
1.0
0.9754708357624047
1.0
0.8251376441400993
0.3387378702072592
0.9790388485432739
1.0
1.1761058484464577
0.970764694802396
1.0
0.9031569444993544
1.0
1.0008943133444035
1.0
1.0505003204636303
0.7734806176924671
1.1282632095053646
0.9800713646528578
1.0584952636018112
1.053773596004973
0.9242359388718047
1.0
0.9552352041119718
0.9671656438047869
1.0452250991848349
1.0
1.0
1.0007019033493894
0.9578258976518583
0.9188697898181548
1.0
0.9146925758375417
0.8669190128224269
1.0680086443503658
1.0
0.9634533808068237
1.0137460945947048
1.0
1.0
0.9923629238991438
1.0500476616397556
0.9264448269117569
0.938325887132951
1.0
1.0008048820099624
1.0
1.2493177324940472
1.0
0.8089588768737563
0.9936513343798197
0.8820642281875717
0.9726128348138037
0.14859736965616754
1.5271460627922728
0.1337376326905506
0.12339330582447161
0.15938166477670457
0.641976010616867
1.3924172705686368
0.06897187751040956
0.24048988979959862
0.27507063766986484
0.04810983103524524
0.209159385907141
0.12607602383682015
8.844670551511058e-09
0.30129113716280287
1.3147930099785547
1.0
0.18705120949223186
0.36725684529120883
1.855020529565035
0.33552602954755173
1.0
0.18724061860434915
0.04583260785008392
0.08362233547286735
0.9017261892093043
0.9385411770854848
1.1483787289969314
1.0
0.8506954511301341
0.8547787251633547
1.0
0.9900610019978693
1.0719551947570256
1.0
1.0
0.9183251993707131
0.9863182974613203
1.0
0.8293087832240733
1.0
0.586985138832782
0.030247703365084533
0.04991710559524165
0.2624080684604877
0.33625656007047766
1.6862277884908323
1.0
1.1436324984101933
1.0428460620437559
1.0911686479051514
0.9729811487535684
1.0
0.9055967362201258
0.8101233227538636
0.3119011052866547
0.12278096626637769
1.0
0.12699214171969508
0.18473396723557833
0.06552224283676189
0.21762422958994865
0.26046351364113285
0.06421478652243451
0.20085104970010903
0.11346842056867112
7.960203496359952e-09
0.2711620234465215
0.33718917131196235
1.0512151466130106
1.0
0.6054423394235506
1.0
1.4753863657914046
0.9559811676073622
0.8603830508466253
0.9657702784614592
0.1292808047685874
0.04961158061236404
0.12202357964024735
0.6942102990216874
0.694079661670779
0.5313113952860125
0.03221464358809989
0.07116620188176626
0.3009830281501529
1.320090092152343
0.597691963292764
0.9760771791798337
1.0
0.8288528331688081
0.9423081657446595
1.0
1.0
0.9963960404184142
0.9958644174773887
1.1315100154648778
0.9778312526464923
1.006720798397902
0.9876654535186216
0.9859692110686034
1.0146870440487312
1.0118951978031205
1.0
1.0
0.9770476384475373
0.9719125191088143
0.9970359561597917
1.021227129042055
1.0949338225658813
1.0
0.9708233202250227
0.9077444064044204
0.9336779815362046
1.0
1.0
1.0702042468656678
0.940310183382584
1.0
1.0
0.928052597065065
0.9855921405758288
0.9264883554400285
1.0
0.9918238339412593
1.0184521231134127
1.0809232770014425
0.9644149509238709
1.034477066568991
1.0
1.0
0.9836613363620152
0.9389987634944958
0.9994550734480185
1.0285977983944363
1.0774860439195457
1.0047422359471554
1.0
0.8336023605683369
0.9910168344004564
0.8314410170438595
0.9842409776542898
1.0
1.075604588747611
0.9092118183048719
1.0
0.9480773491701928
0.9054216962938249
1.1319882658247202
1.064751638523271
1.132757417238917
0.8532696142531737
1.2563005670244074
0.990521661826353
1.053737125050537
0.9500694798276736
1.0
1.0
0.9359308773877153
1.2135766039450022
1.0
0.9952761005219273
1.0
0.9015671076268443
0.9564221207772672
0.9321155119069928
1.0
0.9779237521861646
1.0
1.606912612850346
1.0
0.8726255161930201
1.0427883733324492
1.031694421612535
1.0586063610728562
0.9831783904446478
0.9908099319060923
1.0
0.9636954500434438
1.0
1.0
0.9929578101743051
0.9539914598902399
0.9251474627276917
1.0414498448449105
0.9723066531436917
1.0
0.948320204147441
0.7603011010071423
0.2929890913846265
0.6805798904340961
1.3643832196864238
0.9811349636889464
1.0
1.134023313911726
0.9708744951408743
1.2665158905624825
0.19896928243138667
0.0997802780380681
0.027326161242880787
1.0
0.649831540276038
0.09380137381486264
0.43006033358414086
2.0012698892467755
0.07787841284020214
0.1921127867869652
0.11462617970332989
0.17290150810826876
0.10212157771578356
7.164183135621727e-09
0.20835563043500827
0.42086333314051316
1.0436402511191645
0.056852780515150414
0.8521437932363849
0.1038697233790895
0.03610979941746706
0.09414788450860456
0.3001836344736013
0.44535311824955315
0.06506632850586591
0.132766324271282
0.16629563362466016
1.0
0.5618998641549284
0.18893383705265254
0.2665838769426667
0.10659200104570488
1.91412658907783
0.2772860698299535
0.3572361739768035
0.09190941922778673
6.447764766548403e-09
0.21778881298338248
0.33384749431144556
0.1837462536416723
0.06604943453416467
1.0000000000000018
1.6482894965988457
0.040912413731053476
1.2371618274603584
0.03682117235794813
1.036656571404034
0.9904469984237618
1.1171277619501172
0.06024262494995014
1.0114392482501025
0.05421836245495548
0.9157171596705886
2.1650339307488853
0.1489963956832483
0.0487965262094594
0.9163595057838485
1.1096523829120546
0.674076039790366
0.9662843456305499
1.0630691433894572
1.0380688660718906
0.9140184466138912
0.9342619794647007
0.6597196451537766
1.0
1.1003519520734617
1.0
0.9648718805177428
0.48501270005796826
0.04191360792657939
0.08853370058594301
0.7120055421285709
1.3591950120842853
0.9926681615138531
0.1890503819920557
0.07768949672848713
0.04141520307496194
1.4195521226933359
0.45941267124253127
0.059756240568968444
2.1264035147184943
0.15291583255364838
0.40749578006138076
0.05378061651207133
0.3307034985019017
0.08271847666023158
5.802988312098023e-09
0.2613400802870025
1.5008601239386614
0.9562068880505343
1.0
0.6893007897341334
1.332421329280038
1.0
1.0
0.6288488316427276
0.5906398460368116
0.5214310601645273
0.1389764087358678
0.12047896090112076
0.18934606744717897
0.1542335520513216
1.0
1.0
1.2232755108758564
0.2985349439133742
1.0
0.4008178064245982
0.07183632808240858
0.13611925520661927
0.17253813927469785
0.6950454938253277
1.0000000000000009
1.3228149419619832
1.5835961252944202
0.7528168404330131
0.1792288950367995
0.415573368700775
0.36136814040403564
0.015332205010674116
0.33390550210881287
0.013798984509606704
0.30590499631773493
0.07444662841390937
0.4097645206230862
0.33507316753496474
1.0
1.5311215974324748
1.0
0.30867436313658114
0.8831814876448872
0.9999999999999999
1.1222717836159737
1.41043677588509
1.0
0.31651183163491026
0.25418658283289997
0.20599569780976523
1.6872351946069024
0.25163073020436855
0.4085917688420686
1.0136357374373972
0.5552968222576133
1.380405924665773
0.9652884202135503
1.5362240894547057
1.0
0.48314102493838007
0.058037359187892434
0.1306472106388341
1.0
0.08949645806629114
0.15498810549732944
0.933530968599543
0.13948929494759632
0.23881019684618998
1.0
1.0
0.1501785989255051
1.024904395627754
0.9464687520145763
1.0756830338782102
1.3672221248534964
0.8405980160743045
1.0
0.7669921564452569
1.2378326921067941
1.0656568576145382
1.0059207797663863
0.9434484160327372
1.0
0.9874958292736196
0.9436334402919027
1.0
1.0478806433611556
1.0
0.9645154288429634
0.9374356967029716
1.0804863393808333
0.9588844516148018
0.9462791650443254
1.0
1.0
0.9352473373585575
1.0
0.9944866628584741
1.0190996366205454
0.8791154582836853
1.0246992385022153
1.069272444393686
0.9714211624883831
1.0310293599120914
1.0
1.0
1.0303071055770268
0.8571328486614789
1.1258200856613882
1.0092670651965676
0.9683016994602536
0.9994513206361244
0.7940531636852111
1.013954531813594
1.0
1.0
0.9258427534297837
0.9765341265136662
1.308966472656401
0.9432263494603603
0.9750592526647974
1.0058038456774518
0.9656915802875492
1.0
0.9935122410123185
1.0
1.0203330627687297
1.0242432198522646
1.0263961922913811
0.983638609112667
0.9367777009394125
1.0621734807985739
0.9917289387154824
1.0
0.9673259050390985
1.0
1.0
0.9005370764061311
0.9866094202149895
1.0
0.9024517549309099
0.8122065794378184
0.9822848928623742
0.9491035744294631
1.0
0.9901416995276175
0.9800943767292587
1.020318237937751
1.012146463965225
1.0
1.0056197698870815
0.9781337119660627
1.0017926191384614
0.9691224222587937
1.0
0.9214909198330972
0.965464474325211
1.0827732168933242
1.0406098197990605
0.9838225860603931
1.0
1.094549176512583
1.0244585170961766
1.0221204339735088
0.9271541026069166
1.0
0.9335391674919915
1.0
0.8092459221782828
1.0676639207121816
0.9199083905761576
0.9789525182953422
1.0440438672812835
1.0
0.953776330838501
1.1749848112474286
0.8565382144668732
1.0982229580724212
1.0
0.9093166778088868
0.977195348582022
1.12052418627618
1.0456931544927848
0.7708843930201859
1.0884006622651778
1.1304999123681476
0.6937959537181673
1.0
0.7214877768677805
0.26082134448098593
0.07826462079482965
0.1363959071437666
1.0
1.3629719911919445
0.9439295444249574
0.5610746641676787
0.11974866866304179
0.41015284587110123
0.32231820741160355
0.018171413573128348
1.849827004032686
0.06700196557251825
5.222689503092681e-09
0.9853553561166635
0.20879511133521333
0.30753904968624823
1.0
0.21383857323671762
0.13301158869513685
0.05109907221516963
0.10165934576821734
0.2505004347062272
0.10747760856561506
0.35101100355041837
0.24256567211237012
0.08407774942972246
0.12612155289905047
0.1951194039212556
0.024542455096587368
0.21488296427956222
0.6398304681188112
0.4013693820251518
0.2919035280277553
0.1686284281874535
0.47444205648787285
0.06030176849299762
4.700420497272262e-09
1.0
0.7109031231765286
0.3960392685973986
0.07859950320250064
0.12482033704714013
0.03582323041683111
0.07948615031265227
1.0
0.21470263037904225
0.06162874735401047
0.6893654899112338
1.0
0.22671687984410482
0.7190357206780451
0.13302133800127258
0.17806170903878815
0.03982060623576533
0.36305466404213327
0.22127218323140596
0.10432137971992095
0.4330280276883851
0.054271591173655986
4.230378491953957e-09
0.21466254098655568
0.44849060868358137
0.08322158658696566
0.11592062638410994
0.024292292343881527
0.03702448965160343
0.18706949260573857
0.04737141013276691
0.25646833289253834
0.12180682704893186
0.09198873679492436
0.026621579007112928
0.3904227966254119
0.23541819443424306
0.05058643897909043
0.395152384036912
0.04884443163325258
0.4648140047914231
0.3102793067547094
0.22876792454960992
0.9291655857371737
0.19720325107165948
0.30946732259951304
0.22553023754446855
1.797022786209979
0.2072769473712377
0.10675779298009047
0.018160614144331788
0.016695770342964877
1.4568462574134156
0.5452344215036806
1.0865453402482235
0.0682811024087453
0.24300218230817627
0.11882501802353218
0.08012770521471957
0.015082858556140444
0.3749223364062946
0.2068177310929098
0.006012556677490011
0.36052158879654606
0.043959988469927325
0.4493605349877514
0.30212816853419966
0.20589113209464893
0.20842965822444626
0.30688803993307445
1.0
0.1907315033612882
1.4337700327826717
1.275513167345693
0.4997671400318531
1.0
0.5443013505961929
0.09789807509651638
0.01467497569560372
0.03383449071806943
1.0
0.048142758066191504
1.0269234695832186
0.04332848225957164
0.08575321039868733
0.23058446587971204
0.1149552867426511
0.07362322054886228
0.051066806341156123
0.6243149917183821
1.4381165074534552
0.35811187587495574
0.18553470231587
2.2679973144478884
0.32886542876388436
0.0395639896229345
3.8073406649630215e-09
0.19748205682664732
0.41196370647391944
0.10695707737433935
1.09340532662792
0.09626136963690612
0.08957576515642174
0.016590927197849936
0.10147269459401898
0.030420312993745924
0.10023633594678927
0.21902154796600648
0.11082208012327222
0.018759447817638275
1.2195071004616391
0.5238864672489498
0.03959444539130885
0.10142725226452853
0.4233647822137474
0.340854158519047
0.05981849936050576
0.2903271321910905
0.2999352848497896
0.10596121930824332
0.26994175636481055
0.0356075902799069
3.4266065540577983e-09
0.2358404486102259
0.392939295417726
0.09559280918885804
0.08227728136056811
0.025079103937466485
0.8685946598163294
0.022571193543720725
0.09436745643399114
0.017354648099692227
1.1630406611614834
0.2082016011817327
0.10161581689270882
0.005271316275894833
1.0
1.4691100228390628
0.677800979444843
0.2596683798917869
0.30078689273109127
0.02480393620534649
0.31828212309344295
0.24650833975631992
0.03204683090925586
3.083945876447558e-09
0.1827388661843372
1.0
0.3101856551739566
0.20512699375733945
0.07881458297262967
0.02975081983274741
0.08666617560056089
0.12712276722572824
0.9460537436827696
0.11441049050315577
1.0
0.24923908338303313
0.1975430227528303
0.023147005631365403
0.01995405116223381
0.26378023117571736
0.6533502821851407
0.23740220805814616
0.2682278098374473
0.009504669724532455
0.3111047447597297
1.9562799122346939
0.028842147509935856
2.7755513443139535e-09
1.0
0.22533397343042338
0.693566056648649
1.167020142596833
0.6907279605244518
1.3205154757093887
1.1656301606150734
0.36320464679483777
0.10214271470329095
0.07390820665863984
0.035442355409529114
0.09902435069800752
1.3656850738224424
0.6374434592929425
0.08284601529468105
0.2440694773200125
0.9039325488843595
0.21966252958801036
1.028883460660568
0.022827710184452954
0.06807688996939554
1.4357249668391887
0.242355495826156
0.03966467722805245
0.08436627906028704
0.4235743948460766
0.025957932481387003
2.497996254291479e-09
0.20065633517294046
0.4108627329168648
0.09931926389882761
0.07006162153373197
1.2094883692867047
0.09229797391360428
1.0
1.1288259801057237
0.09480793056315306
0.28527453812518466
0.027352628162947923
0.045563071551381285
1.1219610544727043
0.8782430547929003
1.0
0.40829281450261146
0.22208641396634565
0.044134837411275996
0.11828709063886578
0.38381274860960746
0.023362138983448855
2.248196628862331e-09
0.2429212571100159
1.3507741115447942
0.3470303799755641
0.9766035902920862
0.12027790178645148
0.9999999999999982
1.0
0.0699184845989329
0.1830681765222426
1.9634231426446451
0.09417517799247754
0.11385459131935605
0.25948234712896046
0.020061058191515713
0.03691770710606512
0.38967217444898505
0.20429125631083878
0.2231681012732789
0.18386213067975454
2.0643295539562976
0.14483965643594132
0.3477676876469915
0.021025924860284206
2.0233770214872493e-09
0.1912063360943108
0.2841310429469708
1.0
0.9155487460853209
0.21892052567675435
0.16498465767048742
0.04461981848681518
0.17646351544079764
0.0961431193251645
0.12841736690031702
0.23554021823521687
0.014363181661757096
0.005741281049440161
0.3895202957031456
0.0409570377838504
1.857896598560668
0.16513245955704647
0.31509351136832064
0.018923332171917995
1.8210393193385244e-09
0.24786505604124187
0.6455457303411372
1.0
0.6614615332586382
0.48032772464856777
1.0
0.5676510247601207
0.14402421005475574
0.02251148509405354
0.14920285196420124
0.8896851522998173
0.8413506700537248
1.0
0.7835254108313112
1.1335408560972375
1.0
1.0660947485998857
0.6579518896154806
1.3549615512139823
1.1845863800041467
0.8682953681279386
0.6081366915952486
1.0066512707095097
1.0
0.9792583814317233
0.6937476806383991
1.0
1.366058648487714
0.6428668881906372
1.0509786200119287
1.0806366875221034
1.0
1.093606924441751
0.9886431578384176
0.9735645113407045
0.9339134733011463
1.0
1.174209653524981
1.0
0.9820189922024927
1.2889034801719372
0.8572156030483526
1.0
0.8661425847804409
0.869344549352995
0.9064179013367131
1.100147054627195
1.0
1.0
0.8344827190461022
0.9005966347801095
0.934742964813875
0.6758344831719238
0.09937054408267976
0.139129652033807
0.21342251457787142
0.01350099160052487
0.04411918251481062
0.346472562354446
0.0974833553023684
1.0
0.19630911738659762
0.09214506696458624
1.634762222151048
0.9574722518385386
1.0
1.0109885492373794
0.9876786359616387
0.9307153493950135
0.8668600502731012
0.7866142481757636
0.8964336857116342
1.242792705317628
1.0
1.0415207406958507
0.8484695528722002
1.1549366941798231
1.0816474606178366
0.9815807166924513
0.9281342156132579
1.0
1.0
0.9960754285055469
1.158792066327785
1.0310695876722331
1.0
1.0
0.9591286626168927
0.9871833664003384
0.9505140867925279
0.8884650297603045
1.0
1.0
1.054064236765785
0.9531904630696388
1.06983497701159
1.0
0.943084791730044
0.9686555672304147
1.046371608896795
1.0722936062257347
1.1274890863389393
1.0
1.0
0.9111875577657971
1.0288126974136036
1.0
0.9578222134549081
0.457471328850807
1.0
0.47476988958502897
0.1801285647381743
0.2854764934486802
0.017030998772622263
1.638935431813593e-09
0.20049880677957432
0.29315873730527287
0.22792935988160323
1.0302438743529514
1.0311828527942772
1.0223819871376634
1.559879309407961
1.6829600249175911
1.0
0.2509618073098494
0.4099877010072177
1.2432436100436668
0.6763568922093519
1.0
1.0
1.1610894173313255
1.456457565273169
0.8731438562924652
0.18250646065994403
0.47736874504427007
0.04166181758428067
0.12737064053987623
1.1022445111760142
0.9477340731193937
1.0
2.1608954577720816
0.16670933927397158
0.9999999999999982
1.0867934673703505
0.6680898569146994
0.8845609807450519
1.0
0.8379639525322062
1.0
1.0
0.8564164203685021
1.0
1.122967970912093
1.0942609374602945
1.0901323491644757
1.0
1.052504626230455
1.0
1.1771573267878352
1.0
1.0
1.090857352569774
0.005886874359099181
1.044912266235185
1.25604791304454
0.19343036228013766
0.01656281069195309
0.07435452049877433
0.2928624638923054
0.15621116267633273
0.4453057571003436
0.1906633576092247
0.25863194398107403
0.015327898731466671
0.4084293745758223
1.0
0.48151468355713156
1.4750418664277731e-09
0.18697818569522795
1.0
0.26795887656818707
1.7525196587640366
1.539760203156817
0.26686439667958695
0.37315511266492507
0.06690363380723596
0.24794122685390008
1.0000000000000018
1.0
0.10519652380654243
0.04653984579004167
1.3541829681920063
1.2937394724580056
0.7125219200366733
0.7028052070699822
0.08524121774104643
1.0510548386142293
0.07671709596694143
2.130767741214136
0.2915067658206816
0.1757436071213192
1.1980828159592427
0.09620531483812655
0.2479551012354424
0.09605947069866527
0.41984151715123197
0.19746021624640964
0.23430153945611298
0.013795108710815907
1.3275376353760748e-09
1.0
0.19329487052885597
0.44048841567899544
0.07550651692354293
1.3903930295044056
1.2438922418565213
1.0
0.5017576535638106
1.0
1.0
0.5794904639563541
1.030337772197086
1.006905453427482
1.312439441282919
0.693523917754014
1.2505478889300257
0.624171525978614
0.5491483173306619
0.5215414175607194
0.28155266534708545
1.077044646393734
1.7223190405938062
0.28749381109492234
1.0208469665569098
0.09002288684688331
1.1477146068016122
0.09518773540812475
0.27993044995074534
0.03836096481326301
0.1517707947523732
0.1113802934778576
0.21355364404203137
0.04446937191367528
0.3976033870607498
0.20114434856737962
0.21225089638158323
0.012415597706980641
1.1947838274295464e-09
0.2771374165504277
1.3613424569176296
0.35008061647151223
1.1865549382602367
1.5249823380826335
0.18028273580056364
0.2606558047403311
1.6096506256862604
0.23459022426629872
1.0
0.36012759021280516
1.3513537265539668
1.0
1.0
0.5996272389950441
0.1423104134719999
0.049562263793335504
0.8939514547825187
0.8476064117584663
0.9623225070071815
1.0565338624720493
0.9535876710357307
1.0
0.8942722180909808
1.0
0.854167557278986
1.0
1.0
0.8707747783316506
1.0
1.6751038641968918
0.1136620068623877
0.2557735014369964
0.04970194780717385
1.093451613838555
0.1215976285342748
0.18775134244646008
0.0002620960162325048
1.8458589937943373
0.20225500334880042
0.1922673665141228
0.01117403781680415
1.0753054002776707e-09
0.19998595146381248
0.4039902258034509
0.22192774595714582
0.1231231457454669
0.01926127881510986
0.6897369692977353
0.9531884442571634
1.0811191142480272
1.0
0.9158666160434272
1.047254163607409
1.0
1.10247103780873
1.0
1.0
0.9660448684959757
0.8918120422541538
0.724722666460309
1.120097267566912
1.1367645170440959
1.0299595307066962
0.9048449962818825
1.1681914260820907
1.0375202271809005
1.3290478187708796
0.0467168373103064
0.12787315631984875
0.2351663460740152
0.06461340835739904
0.2692366688622041
0.12821299992549484
0.16894999860019055
0.44334449012216837
0.15205499874017114
0.18482178579404263
0.23407510105429186
0.3838045412359339
1.3312629801683435
0.8018633178484915
1.2630538867644852
1.0
0.2276785314518328
0.11836732028675012
0.16633960721463836
0.582768882925726
2.2815966806277386
0.17415803364439064
0.01005663392759315
9.677748602499037e-10
0.27577245063818623
0.7087212029884178
1.0
1.0
0.5791883271449514
0.9979918143033508
0.21204728593597721
0.976803304102944
0.19084255734237843
0.10888470328940869
1.1186695563494702
0.09799623296046889
0.035961533047778715
0.05483246921126117
0.13860247529526504
1.2366808280683301
0.8869872547385036
0.328856453437707
0.03122840063543819
0.19771582332886517
0.21674741033532285
0.08989662753661154
1.772698448329674
0.2963323265703792
0.44683171109254616
0.15774789367271103
0.00905097043805636
8.709973853271435e-10
0.19178046997478404
0.275077449136198
0.3720478171665782
0.8982072294268875
0.19244639523312657
0.0917927629691988
0.026882132821874904
0.0632094698196628
0.9505809762444279
0.05688852283769741
0.8498340263362145
1.2351493762974073
0.03395979030267604
0.2928479680303919
1.0615065837041406
0.19961898202951112
0.20406233205545377
0.09636288005001692
1.4210849933042624
0.08672659204501532
0.11547431928940366
0.3113822650225959
0.417923329350562
0.14287820134924578
0.008145873307150664
7.838976134877385e-10
0.257210543206412
0.39679895327122594
0.1823810320067345
0.9742184996925118
0.040430869358793586
0.8921322308251778
1.1127910792252376
0.7928516338888425
1.2864335295000426
0.6284708072243355
0.6919100161380971
1.5218290000875285
1.046239243328417
1.0922239340278566
1.0558255857437562
0.9289305856869436
1.0
0.9786627750491625
0.9582289039321576
1.0
1.042528747246667
1.0
0.883429250855226
0.9168210817544704
0.8687508015510872
1.0
1.0
0.8836973004984845
1.0
1.1609123710170195
1.1259981890044362
0.8818757213959785
1.0
0.8855541738565016
0.3978899521536654
0.05984860807544834
0.15741251285693814
0.1177785783343559
0.20006331703210556
0.16534715164040392
0.06650650091157306
0.1350651138627228
0.32203637145539243
0.3904188165504303
0.12940496854503625
0.0073312858980456586
7.055078743434251e-10
0.1917459643489039
1.0
1.4876917465241561
1.0
0.27116938421289305
0.36998139890373594
0.9599234065426394
1.0
1.227530930019487
1.0
1.0
0.5587503723993201
1.1789510295873669
0.5028753351593878
0.5966670564743666
1.1766602335426697
0.5999988708104986
1.6509030293686706
1.0
0.4220454221302674
1.3467556525184712
1.0
0.633497203827396
0.00807706307890399
0.1256010055054304
0.9141981156651848
1.0918568497971979
0.18409544802148048
0.06960499855359714
0.1534491194046801
0.1260070522041321
1.0202655116124255
1.0817610395488177
1.070769931579969
0.14216178638520738
1.7925512096997611
0.15376223962198932
0.32887461596489675
0.36431743174989073
0.11719760028033699
0.006598157237690305
6.349570869090826e-10
0.9067280220460567
0.18093557145603612
0.3141287040591827
1.0
0.398431913195175
0.8458692492081816
1.2387176757126355
0.005290743779525542
0.10068632561512203
0.17264640307469215
0.07798941063870579
0.04252880872974174
0.11781133922301557
1.0
1.0146339304837628
1.086829462564614
0.3178848722894525
0.05130951322328947
0.14828200549803228
0.17127347725628006
0.3324188975433966
0.33960544860293496
0.2493466862996021
0.12134556963685661
0.3331375526493501
0.30564490374264164
0.1061376559760725
0.005938341450425488
5.714613227070231e-10
0.1639401783198018
0.46392388288016306
1.1387715647330552
0.8208391688213652
0.5122545072908871
0.6546663741811969
1.0
1.0
0.5698688515147197
0.014830301963087322
0.07335305274614079
1.147308623777283
1.1333951729894949
0.02850714253199449
0.8170008469070797
0.8945086596734662
1.0
0.9741122672617575
0.9344386923462249
1.0
1.0
0.8952748056614368
0.748289818562446
0.9523544002374216
0.8483070576214526
1.0
1.0084717676485617
0.8846885149517352
0.9455311950630669
1.1419227184554988
0.9617541919744479
1.092556044843933
1.0
1.0528883676985785
0.8441817068847879
1.0
1.086209816497508
1.0875918737173418
0.7174832889582614
0.7223493888247496
1.3795710590798897
0.2939016093998994
1.271004114111891
0.2645114484599098
0.24913930662441608
0.9830214673200519
1.0
1.0
0.9425543939127099
1.0204237206185365
0.9399234449144931
1.0728357016612708
1.0367075033346715
0.9669660153270936
0.9318123449846247
1.0
0.9721024266903964
1.0879965717243252
1.0
0.9964143027796357
0.9539302868684878
1.1660264994924638
0.90991521953603
0.8510410918078453
1.0
1.0078577285148924
1.0557364629678876
1.0085008800765607
0.8995480911905052
0.9115236050404754
1.0561343513872856
1.0
0.9600490670602522
1.0462720499832123
1.0214155908245495
0.9398078778040162
1.0535253955017438
1.0611451908186584
0.9909891338706664
0.8677556452043227
1.0
0.880244251938203
1.2077801732556175
1.0
1.0514330944797692
0.9628887557456824
1.0330367530012037
1.0
1.1092769402259943
1.0
0.9160717551168478
0.9503533963569843
0.978247658414471
1.0878097056419733
1.0437864040673457
0.9400771171902029
0.9511796295737902
1.0
1.0541295851238601
0.8659369826270602
1.0
0.9131618149882748
1.0
1.1500483607377987
1.089260669511173
0.9915934678096718
1.0954086881203846
1.0
1.0318979774349852
1.071291820308513
0.9223557356932712
1.0
0.9218456334894469
1.0
1.079493949341023
1.0019749898407433
1.0
1.0
0.9301201621239432
1.0
0.9202734018666394
0.8919260982898471
1.0
0.9187589194734009
0.9882065383642811
0.965850179678867
1.766440862365661
1.2650056370634548
1.0
0.675028380604715
0.2510348332650594
0.02968069150897712
0.18991402182991735
0.4714978205240552
0.06818456747727186
0.08494938092576731
0.7582001832878476
0.19496678959659342
0.2856941789659855
0.09611772452350786
0.005344507248236763
5.143151460273998e-10
0.8422350532411222
0.28105058568197805
1.325458613762386
0.17786086688436953
1.3979242555838205
0.7841053761833621
0.16007478019593435
0.4689347991361963
0.3606008264499181
0.02068257704139498
0.15347929819797734
0.6348147281157122
0.7471707634919866
1.0
1.369646100078775
0.9184144225798203
1.0936605810506013
1.0374382093887906
0.9452302203964749
1.038275872522
1.0
0.9306682575522558
0.7024692857660195
1.2107921704591575
0.8340816304196093
1.0
1.0859502811848412
1.2479065689237494
0.1645720489098732
0.1906335819999576
0.9608809861094603
1.1352071125014849
0.056043656411912224
0.8232639502429393
1.0
0.9050577937061188
1.092957078941465
0.890772782962868
0.9651703474023101
1.036398023678247
1.0
0.892191133558665
0.9494690208828285
1.0
1.0
0.9466862371671727
0.9800147105371337
1.0660538429340818
1.0
1.0669259788640524
0.9930179611022734
0.9101243146059073
1.0
1.0
0.9505727518200704
0.8840015723614698
0.8789517023092586
1.0
0.9618074556289642
1.0052531290899918
0.9516512485398927
1.0
1.0
0.9925186842182292
1.059487316203155
0.9301640996391267
0.9804989394595012
1.0318076961022502
0.9128819236227521
1.0
1.0
0.9314738677268792
0.9516661142198419
1.0872975324603313
0.9286269264920257
1.0
0.9668563434585238
0.9899848366031918
1.0279264239208814
1.0482979679023767
1.0
0.9245798600241653
1.0398503194751516
1.0284999064182703
0.953538584582839
1.0006352227228117
1.0
0.9564861236859024
1.0
1.0
0.9801111023505626
0.9734317494311693
0.9361069059692628
1.1152101883187822
0.9449212148671844
0.9804996026833024
0.9500190845041683
1.0570527440658193
1.0142395934349295
0.9271942593375861
0.9689051035605978
1.0
0.927509833313577
1.0573416642287388
0.9079537967513609
1.0058198877132742
1.0
1.0
1.0057545129413263
1.1052378989419456
0.9878629045169518
0.9680951203450139
1.0
1.095572748245642
1.0264857759834403
1.017051495127136
1.0
0.9051790616471944
0.8824496424149721
0.9985255994504953
1.0538412764962022
0.9961109302059334
1.0336254353019267
0.9786782230836248
0.9545221187945447
1.0
1.0
1.0040571671550662
0.9590699069150901
1.0
1.0952758038963122
0.9607224504603327
1.0527714290027301
0.9006754178616934
0.8937005077975222
1.151552712555942
0.9944629548340309
0.9036514504395594
0.9668260523832934
1.0
1.1026866511721725
1.0579432300194629
0.9706812659354895
0.95842501551898
0.8988515692224155
1.0
0.6326290258707488
0.37976385338184215
0.03764873669634383
1.3596007942102926
0.03388386302670909
1.0
0.17785062515636518
1.0
0.07547707126804326
0.06986104882212185
0.05695776387353124
0.20403952853353235
0.26673653352173776
0.08704040279598058
0.004810056471981294
4.628836203224296e-10
0.2529455271137806
0.33872719926392136
1.5824685054078529
0.5077798949958492
0.9334190616619402
1.0998361274961006
0.14096566717455872
0.03396224915705304
0.9488789942301867
1.0529606658074542
1.0
1.1298722311629525
0.9831149919533431
1.0000000000000018
0.9592871613879126
1.0476645992267066
0.9999999999999982
1.0
0.041873140423341226
1.0490349662905416
1.5026059662095381
0.5249256021388806
1.0
0.2794865694089186
0.053810852116724206
0.7089137796183707
0.04842976690505196
0.30880249438988905
1.0
1.1724162285193689
0.24319575734370957
0.28096543373817795
0.031350361351156764
0.15058115267385652
0.35681759545302505
0.13552303740646998
0.22070177454992645
0.3856313590074514
0.0373341215074916
0.3470682231067066
0.24876692044916204
0.07881736816358043
1.1240701049778576
4.165952027790354e-10
0.7258606919549706
0.30531710660651257
1.0
0.39492842837747943
1.7025369390478673
1.0
1.260996399638131
0.11888382656549723
0.014920452653996108
0.9014658626162291
1.0
0.8729360552437715
0.8507071983568277
0.9825519227357855
1.0346238704066817
1.0
1.0
0.9072030001844631
0.9093797318131784
1.0
1.0
1.127307389047452
1.0
1.1029611825155712
1.0
1.0
1.05312785460948
1.2175146848863907
0.9304981264621563
1.097940003245883
0.7162972602299416
0.666196357133062
1.1292382483701395
0.8892803119001051
0.4647123084058471
0.24131385056585053
0.02132859545285193
0.24697272498315748
0.24973385422924466
0.9353161084694666
1.6924164678329259
0.27190155530634996
0.33723809284095196
0.03482992223802395
0.2977535485146259
0.27843520905981034
0.30351428355685695
0.23177196522060406
0.041471379150563425
0.11673606123462132
3.7493563809221087e-10
0.2517430715018243
1.2399382428981305
1.0
0.22656876435164364
1.0
0.44245463561672693
0.2388732701526166
1.358203022189393
1.0
1.319503017670872
1.0
0.6615535008028779
0.8594824887741623
0.6300293610312835
0.919897352837669
1.4683668990276608
1.0
1.333268796624008
0.2470824551484938
0.738755251939228
1.2721002672174002
0.4220964990703173
0.21657788020942803
0.10550339864354541
0.06870971551344596
0.21064102959526387
0.2150496059639817
0.005501536590747591
0.24724883790776708
0.131228857959373
0.07531494214435419
0.3683162343407238
0.28094311650951465
0.29634005172323175
0.20444763078348682
0.025650635112044906
0.10506245507366563
3.374420742829898e-10
0.13833690437189716
0.9883106450181884
0.20547043205284155
0.10182403033053333
0.04077464100257444
0.9651955726210133
0.19409479902665971
0.8853191162521235
0.1746853191239932
0.02967626672244883
0.23564683991292767
0.9245470676770928
0.21208215592163526
0.110574477949001
0.9272683119615017
0.8108841453172193
0.20193138812437184
0.09951703015410018
0.030951824495847546
1.5600064444837045
1.7879596388937697
0.28715080962925743
0.1814378041939344
0.012579326093474119
0.09455620953255517
3.036978446502303e-10
0.8055400506784451
0.27543937869730684
0.4019896724387202
1.2138275902462574
1.0700412397054357
0.19510579188061072
0.09571909139773993
0.06576974322142348
0.8752817492363576
1.0
0.8479046064706104
0.9095204327592263
1.0946085609855611
1.0
0.9546119708131702
0.9074206733473336
0.8340246441770383
1.0
1.0
1.003619099967823
1.0
1.5488821917654292
0.16018441388383842
0.09167467844609867
0.19168995232734432
0.08736653091300006
0.9961690964360521
0.20783504631049787
1.3210677465152454
0.9857961221688285
0.09866933946867995
1.0
1.0924464208723101
1.1908133088757573
0.18705154167944826
0.4168003313448452
0.06857072032726208
0.030858034632824882
0.2969516610970713
0.16203609116519324
0.0018657725308712791
0.08510058854892977
2.7332802687851654e-10
0.13507273311792645
0.3747853959458638
1.0
1.6459689310326624
0.5186279620706031
1.526691233812599
1.0
0.4911253342994897
1.1638077579098756
1.0
0.6818896406135195
1.2272988576465629
0.9161383143415662
0.18516712183232187
0.0919011503899263
1.0
0.07057990098492084
1.79360744697839
0.9999999999999982
1.1285816091051277
0.7057703873231844
0.9506734673776478
1.0
1.0443908790936458
0.821362100947729
1.1180794883811025
1.1631956409378663
0.8506221797593341
1.0
1.0
0.9062035841181935
1.0
0.9838676088542488
0.1648200595322873
1.131323984641087
0.9818084138230194
0.1533334403400648
0.10167620583422199
0.18125761018591113
0.06786655765093741
0.17399035254776685
0.33678360311659716
0.48999385488318836
0.29278311820224445
0.14564590479558692
0.00683086357710927
0.07659052966670377
2.459952241906649e-10
0.2109067956077837
0.3159493072773465
1.0
0.31410739255126785
0.18271103535093403
1.0
1.0
0.021240788708233538
0.6852234239587798
1.0483684651801166
1.188813029043967
1.1359167717822878
0.8877535743127218
1.0
0.8540661890994716
0.9412709836760982
1.3700571803428616
0.654323998886829
0.7392258908529552
1.268188463192967
0.9207369094059921
1.0208653651144548
1.0
1.0
0.9514620796351441
1.0
1.0893019304731393
0.980310858368993
1.0699317261395702
1.0
1.1004247520057167
0.4740120831139958
0.14816771688948016
0.10963434626939161
0.16991850493241323
0.043680866631067516
0.12291295698133098
0.3521046282932563
0.47027278121509397
0.2780693968615786
0.13176440067373907
0.013806830186068986
0.06893147667543387
2.213956795671379e-10
0.3368947610191917
0.6137006765521669
1.2329299986181823
1.0
0.5926510440602044
0.6230443866827926
1.0
0.8365371759998759
0.6247922955394216
0.18730316788585455
1.2035810772983915
0.16857285109727016
1.0135993693237886
0.44142764649154564
1.0248284545987296
1.0635373946062003
1.0
1.6689702369115125
0.090123538548184
0.39728488184239197
0.14431437982747042
0.1156627621356936
0.15729474110227848
0.6395865111182637
0.14156526699204974
0.02702148426982731
0.07541119845387101
1.4728946231763196
0.6108062529387119
1.0
1.7244182591174493
1.0540073355162107
0.5112109059030718
0.45105244277974244
0.26343889724279457
0.11996864362497206
0.019319294835005607
0.0620383289857509
1.9925616712157534e-10
1.0
0.22141104677474033
0.3538491294164814
1.0
0.33655535872954445
0.9113803729050964
0.2296992301214864
0.24406314906510573
0.12083967287760444
0.3719878316408991
0.1414492180582929
0.13398248673155777
0.1301108887198268
0.016778215997458545
0.16403845033580922
0.5051950595907391
0.432291088226048
0.24909187188101178
0.10990370874597577
0.023591198250080048
0.055834496067250106
1.793305504094178e-10
0.2157077543164334
1.2858835764481036
0.317970228429985
1.0
0.3512760960949244
0.2311356220158487
0.8663258208283189
1.2203067612545127
0.20757286687083365
0.1459544887539348
0.34893397028263884
0.1407025449256185
0.13359532693038467
0.11877762144758996
1.199681587796288
0.09711509934315465
0.49790466245427023
0.4139711665915451
0.23517305556750756
0.10127245769638549
0.026815528031796987
0.05025104644259226
1.6139745095955504e-10
0.19413697888478865
1.1890922416462928
0.33277832972949284
0.656964873994621
1.0
1.0
1.2313104129255557
0.35643202317582734
0.8492064006975575
1.0
0.8432131897575523
1.3740284483974996
1.0644283416577558
2.223925134323302
0.6087036128250709
0.8642857606278049
1.0
0.5742545587356318
0.6295242093798237
0.9017239148709386
0.09320861027833871
1.646064279660152
1.0
0.34377471549387906
1.3633885097820553
1.0
0.5801118485393992
0.17222013130835734
0.1662524369068059
0.32811082774693645
0.13999182312609548
0.1321135563821052
0.013068299476799439
0.11426061887596894
1.0
0.03761312316341048
0.48951131286799665
0.39609135548914143
0.22178299578039518
0.09382676472992735
2.1357992243308797
1.083173213702822
1.452576947613693e-10
0.19367038171879258
0.402759291144573
0.33090796603163497
0.13837287448684066
0.18243827599082074
0.30929892728485164
0.13920399645169645
0.11759537079621474
0.0003354076415220675
0.09376582400550681
0.01509932043972917
0.4801693171301116
0.3786605195182675
0.20898737267534795
0.12913583417615282
0.1344216809356822
0.15354326313794964
1.3073186977408113e-10
0.20077989955367315
1.0
1.1034608504546135
0.35171471951481337
0.43497038352271744
1.247426982118892
1.0
0.621585402718356
0.727846120855741
1.0720565953074264
1.179127615588321
0.10629175943907399
0.19512434112022348
0.2922894342015354
0.13704313388614864
0.10580229295244159
0.009074715523180288
0.0858991736489294
0.06160632010876732
0.47001843736892734
0.3616932048339754
0.17517505199019823
0.10278008266497007
0.1363338391559088
0.9902102186463346
1.1765866059221253e-10
1.0
0.8647366301468722
0.1945012827060033
0.378188287360377
1.0
1.4894688149846083
0.6342618276053429
0.8778571845650269
1.0
1.073172361393567
1.3507558975363025
0.3577553298972447
1.4039481162466814
0.9571939770462556
0.021203524312660704
0.07615014938314246
0.20484085042835432
1.2824449781610703
1.3511203940243615
0.09612953520951706
0.01675716133575378
0.08346988829491409
0.10244753183478394
0.4591859141154311
0.3430413895495983
0.14737953852468078
0.07886869048288236
0.044855842084498665
0.21734357035787966
0.0013100205086375993
0.9739927915715683
0.3219797969075202
1.2846804173082162
1.0
0.28978181721676677
0.32989864775937505
0.04805104940199456
0.056112267569412566
1.1542004803449633
0.2786440427161647
0.08819229782214144
1.4646603346835736
0.08536765264890178
0.13812137006284786
1.2140897768262882
0.9073192008563407
0.44757146165884887
0.32347520444710653
0.12475471562392393
0.3397110459401249
0.11227924406153189
0.0664962372261435
0.06210461491183672
0.1954782112712279
0.001179018457773795
0.360040285915602
0.5115064591605432
0.031503291759907626
0.03763471770485438
0.0649190072220236
0.4131817148897792
0.25959886822676204
1.4811254283899746
0.17843123276491646
0.03717009875537336
0.9360408455914406
0.2100264206459883
0.038704594395166936
0.15752699857235886
0.31483107997094084
0.09440169593276426
0.05363615201234584
0.0754419745477759
0.8837308846645295
0.001061116611996371
0.3561800238848001
0.629109846323324
1.0
0.6646525410862054
0.618993173165201
1.0
0.5799727318578896
0.04036314665657059
0.01710893501084243
1.0800986037994456
0.08552643856508801
0.09886270068706082
0.16430511936396108
0.0038059055708750122
0.2597982993080823
0.4666449439347691
0.2927881415671223
2.3264080353455414
2.4402121088443236
0.018239357833864656
2.985774454895227
0.2372099586639489
1.058928500441425e-10
1.0
0.871614155315033
0.3395689008516136
0.4635061424204814
0.03615274902006149
0.038037725491996355
2.226943662512131
0.0342339529427953
0.12006192743822552
0.8941952466504475
0.7818365206583877
1.0
1.1338150200449455
1.0
1.0000000000000018
0.9443133420703731
0.7177936350135461
0.9567237337701506
1.1100856477075975
0.9454476536234733
0.6682496959148114
1.1200893602401916
1.0
1.0
1.1319382948200136
1.0655599617834
0.8643274140534345
0.8272114682718517
0.10665253268020436
0.08686006477728547
0.10540694255474925
0.14749401687047836
1.1293261640825296
0.8425671107015145
0.4492592636980044
0.03086852387585548
0.06821750378837521
0.2051168073114864
0.027336250304281773
0.2134889627869645
9.530354283526776e-11
0.21242239841643595
0.2739230113553184
1.0
0.31674084220326293
0.9476711024797737
0.039764641961536284
0.0428167503923369
0.11140170914588055
0.5230719409376583
0.08871475255503292
0.7040572286940421
0.07984327729952945
0.10961564998632234
0.05970613291482074
0.7333441980025093
0.11682712794799599
0.8885602257792762
0.036222048482176916
0.06479945175781765
0.0019229349401648221
0.087097062321007
0.18733875161076607
1.9720926578751774
0.9362590889267928
8.57731663472805e-11
0.8184096298686896
0.3121449795973561
1.0
0.5848575964551372
1.1327680400489193
0.6389161185261294
1.3915169991564795
1.0
1.0
0.5961949924414931
0.6570938558486823
1.4501498710640384
1.0
0.6647468141654542
1.387525014397351
1.303792074053895
1.2848208724609549
0.42474726727659373
0.04006985280461706
1.0040332842585364
0.047954344137526306
0.48762054982934977
0.08282051456820838
0.10462469827917076
0.013841385483695845
0.07758050021835139
1.0
0.877107751872936
1.0
1.0814729089617128
0.4096656012107047
1.200723040247567
0.36869904108963425
0.40742018971578897
0.034603421867108075
0.1006413093017633
0.02860438933782916
0.17217639360024783
0.26407946510358093
0.0009550049507967007
0.2172025473473269
0.5527307612168357
0.09469578382525157
1.4038464674784308
0.6151697583681255
1.6330024248301775
0.3897517614480215
0.04593264774440797
0.005603145259161835
1.0731579924962027
0.08500093293930533
0.09554636699962238
0.0202152969571614
0.12130883446332064
0.3725711559522491
0.3701385129309207
2.082527092485866
2.1106531131200006
0.008526311044021462
0.1813667007505808
0.23757601809814322
0.0008595044557170306
0.36322285377642416
0.395749104211923
0.12240335279303949
0.04189969749588229
0.10227296851637746
0.5629564388467863
0.0860554763453365
0.08801325999537646
0.03032465070777768
0.6203739152785044
0.027292185637000088
0.14643506661221295
0.9934762834813764
0.12487195238924187
1.874274383237279
1.8995878018080008
0.010462990135438943
0.18698763248533679
0.2137324658427575
0.0007735540101453386
0.769072490617944
0.19685220497559186
0.3160254630866568
1.4517999639545316
0.34199335077918747
0.027482430894654186
1.0848385665538203
0.024734187805190544
0.035750027780057536
0.5152663425966413
0.0862512547103389
0.08497361763031819
0.5982827908357606
0.07647625586728601
0.03920647373452013
1.050925987803664
0.48416271523717747
0.07504268117340995
0.03586326669008866
0.4889344988397468
0.02811545437042806
0.18966211582107873
0.19228186385746726
0.0006961986091308381
0.20120478709661427
1.0
0.314928163911123
1.4212947168214
1.3192236125668835
0.8710586460882617
1.3185411799986504
0.7007910954596319
0.6687595601987546
0.5073830305903044
1.0
1.2121148453413753
0.5624020724154981
0.018685766246665736
0.019351609257615365
0.47236483380801
0.09377111658906756
1.4691931138345442
0.032686899428926
0.6616653212899468
2.7539611214676256
1.0
0.1859528019069394
0.4282421755961181
1.947091711411029
0.0811703899050551
0.4428525943928143
0.044270120515493616
0.18992409062471793
0.17298405761080726
0.0006265787482178098
1.0
0.34460819625997985
1.0
0.3568758197880584
0.9900714661085281
1.2219860918354435
1.0
1.0
0.6052906208854267
1.0
1.0140257808438697
0.09888280926949733
0.0187523505477607
0.0646529317126543
0.43450546208611485
0.8356484990196602
0.3910549158775041
0.0625253064532938
0.21639989909457036
0.6560862076394525
0.19475990918511243
0.5710015959569965
0.17528391826660084
0.04794280228571246
0.9644286692139907
0.19070878689540294
0.13887412374454833
0.23373004735561942
0.9955599770938903
0.185525320580318
0.12498671137009332
0.11733861035383075
0.40299434700508296
0.05883551752641569
0.24589179206871048
0.052951965773774035
0.1882300873233267
0.15562299397490498
0.0005639208733960732
0.21094966952705718
0.5290558796839342
0.08711929328777046
0.023342408664248637
0.14074367633775253
0.3456968936444227
0.002371596846666435
0.15296124621136897
0.0907904613864563
0.6055259588680642
0.1940004377311233
1.2581118576598467
0.17460039395801097
0.7997042032013493
1.2251081229967653
1.1497607112896642
0.18195268076032356
1.0
0.8287157667575187
0.17947145965929678
0.12422190126846644
0.14590418401895633
0.3738736606345938
0.06647977792872872
0.23324578723208944
0.059831800135856206
0.18496937798848467
0.140004302490075
0.0005075287860564215
0.19904690151544102
0.39811009678233233
1.0
1.0
0.16457194002873266
0.03508253543159867
0.1612389980684199
0.3113643639646462
0.017430561783138288
0.12858607545158485
0.13051234283989288
0.3621951629107585
1.1404956986394605
1.8145638186437996
0.16870113168052026
0.34911745237759284
0.07234555792111941
0.18047287043864335
0.9329859128958495
0.00045677590745074603
0.36770224117277905
0.3513271573469581
0.0725648695494101
0.047698181695281505
0.1762515346580411
0.8584009433241704
0.15862638119223682
0.2819709837464952
0.02854611314998401
0.10267623362243761
0.08124159226482774
0.21192607675573605
1.0264461287755147
0.32471662457594785
1.7417447031783952
2.2160793581769713
0.3344209007629857
1.0761984841020364
1.0314213643081676
0.11807049180051266
0.36091723406806775
1.9154062769521847
0.0831582891728706
0.0691269921051938
0.21920603306130193
0.00041109831670571584
0.21895322104212767
1.2690696605776495
0.19705789893791348
0.4167229774600969
0.13983667431317315
0.821348187972081
0.060538564424941654
0.07641615511078115
0.17096084144766266
0.25662849668684373
1.4163050479531876
0.08428445103371018
0.05192482536277154
0.06857612163338622
1.0
0.9445550708076631
0.027689999971062917
0.03883531171239518
1.0
0.05812721308801905
0.010440347678248862
0.6040746608042413
0.14105330855981268
2.2314547732318664
0.08413489620080439
0.19724431992350144
0.00036998848503511095
0.3393131581543116
0.7175428545586762
0.9479733232901175
0.8531759909611054
1.354211430897191
0.3295047850096964
0.046843092471370085
0.0858706237444693
0.17952760697158077
0.08933514222283989
0.18601807509592128
0.07066352339406201
0.039874730663155944
0.9322555384225808
0.35660515276579297
0.1423551660272686
0.13328488296604224
0.2981512422212642
0.31331412640937106
0.039640708549616654
0.28198271376843387
0.09544583857307387
0.17748288908264787
0.00033298963653161096
0.18125448839319347
1.169293721273931
1.0
0.37713612779474914
1.0376902910934724
0.30123861575586375
0.03357172084978899
0.09523632206718347
2.15977323325955
0.08571268986046476
1.2783506339693957
0.09900343551014856
1.29327635066746
0.059609697988340926
0.10841714495888688
1.0
0.5946620104921756
0.9847193205880469
1.0
1.0
0.9534256374860579
1.0553180567212852
0.8973279711898812
1.0357123278554567
1.0
0.9897061020853393
1.0717107434180697
0.9689361376672085
0.22168450680341856
0.02797881888196585
1.0
0.041008978947303376
0.05127045701139288
0.023501643766405955
0.03666781560157517
0.26332902624889787
0.10364954362403145
0.15970130121072978
0.00029969067287849427
0.1631290395538727
0.5062140457738664
0.012119647572045977
0.05069364252252129
0.30824376744466164
0.040224543107612476
0.3097712247913158
0.042807013693616724
0.11827109694320903
0.10697517672729262
2.432673180743903
0.09627765905456265
0.33518015409194035
1.0025422414368759
0.3016621386827456
0.14144813772114695
0.14977151889156382
0.35419870464180825
0.24736107798641083
1.957498046041212
0.14370120202236913
0.00026972160559068925
0.16404518648998945
1.0
0.3890343471454045
0.096598792055822
1.2857063712926227
0.2733969363894353
0.005224966317721069
0.28307480368154714
0.026699202629933083
0.4295443001321271
0.024029282366939242
1.3781471525731135
1.1026225862328989
0.2856407385865847
0.1422804758381888
0.2465633835479757
0.12805242825437002
0.17021423746658826
0.3435149419762684
0.17654786185909987
0.12940304398252067
1.64965402793867
0.13226860917559247
0.18754430791755627
0.09770830879251324
0.16878987712580074
0.3091634477786416
0.12797673089532502
0.27824710300077715
0.026875165583648553
0.11763143605339366
0.024187649025283697
0.3193746441890597
0.20631429414400326
0.2874371797701536
0.12930410965957306
0.00024274944503166473
0.18103302152687561
0.4568046059536819
0.14454768419635755
0.7689754401263222
0.13009291577672144
0.1411104292424028
0.24553474611871984
0.02360501068220522
0.2598401718130816
0.10765398666192105
0.29517385350206204
0.28698280844366053
0.20231393801127417
0.030107547151727587
0.038980200898699024
0.47236983576876757
0.2106519444911621
1.9126456524942848
0.08245006651867648
0.2716238727590956
0.12977675947667766
0.24446148548318591
0.9423513071022764
1.1518838236079514
0.21058455445934054
0.00021847450052847606
0.33597835462197523
1.6774653553444665
0.18898166790827986
0.35979079163644556
0.2013985070552593
0.15155286093003184
0.22334177257507015
0.047228526795292325
2.0333375639695213
0.04250567411576256
0.2230907559655808
0.10542296246087446
0.010891323623246407
0.5829623576584577
0.9046202472817999
0.03099481252642633
0.3557451847667856
0.043793246933613084
0.01748469782960793
0.03141926449487453
0.1258135956910369
0.14683866167057325
0.18950425156335382
0.00019662705047562845
0.18971201317872755
0.4385882053556216
0.08781729518180725
0.7138689172095418
0.07903556566362724
0.15873175209453905
1.2555672928252424
0.8699894364572813
0.3355377446911927
1.6355445006613412
1.2715264112258655
0.09596979857711041
0.046844473149040056
0.7654411423614267
0.042160025834135695
0.6931130307086981
0.03794402325072177
1.0
0.2891604549085258
0.2973368160547398
0.17574036121148584
0.001677815207382416
0.46761960563199256
0.12791610228899142
0.1511052206598511
0.17053416370197105
0.9796331442746897
0.15348074733177386
0.0001769643454280212
0.30582467955307635
0.6658797070436542
1.0
0.5920928451493701
1.279479778689403
0.8484681991795355
0.5566447275312747
1.0
0.5459826589919246
0.05085562207167982
1.2505632816575663
0.09696599124429284
0.30779504538780955
1.5849083833477877
1.3724038700371004
0.28997809102314775
0.2851771705704138
0.1579985435695992
0.04525192687655455
0.43364925529769316
0.13023501412607708
1.9374414532523514
0.13811497616405366
0.0001592679108852746
0.18709137896322758
0.5483642430389821
1.0
0.14514463284011114
0.07928626830124585
0.27318244744612663
0.11804889665864415
0.11911908250727699
1.0
0.05222414109264406
0.2943547489962235
0.31308918719929046
1.7162973398354406
1.3119466191645976
1.0327582213104218
1.0
1.0789857846124349
0.9709067175336337
0.902794254121984
0.9799378968293464
1.0
0.9585380856941104
0.9597635361963075
1.0
0.9409948231116019
1.0
0.9988505874273983
1.0206212685755247
1.0000150855114995
0.9760793571022734
1.0179473705429682
1.0
1.2416125236500228
0.791021121048443
0.8487356395924586
0.6673497081861548
0.29791238652379803
0.9862473885292413
1.0
1.0
0.9636148794095813
1.1287034929288478
1.0
1.0
1.0117783098590092
0.9599525829689739
1.1230307766721683
0.9798361426989644
0.9401858853762715
1.142250722427411
1.002053579276195
1.0
0.8460694054711819
1.0
1.0
1.0758922175604901
0.9983492462033947
1.0
1.0839219820957648
0.997906566218612
0.9756934419206527
1.004904393110138
0.814158222553619
0.06346984975046333
0.00694191288052437
0.037665452457290804
0.01887815449613406
2.1481419952623586
0.0765326326117659
0.1472752719518846
0.06887936935058914
0.3759518326388811
0.12428755175655981
0.00014334111979674713
1.0
0.43954458673891494
0.31983323710430867
0.05810189851077041
0.6519771703945914
1.5640621059389446
1.0
1.1704637918876983
0.9180994427411591
0.9465825873010729
0.41356976240914634
1.2539802443952652
1.0
1.1718395047829624
1.0
1.38309266294862
0.29366010324495306
0.05229170865969479
0.04403939672650736
0.2576690923673777
0.11815591524350744
0.11183520837278671
0.01756625208375695
0.8570536656164265
1.0
0.3667458867243436
0.9876226496763163
1.0
1.0
0.9506397234054322
0.9371221627408506
1.069342238506069
0.9825483616692523
0.939388862862863
0.9874029656192214
1.0
1.0
0.984836265160137
0.948324489437173
1.0448847366492693
1.0
1.028417787358972
0.9818750722093714
0.9404684603115179
1.078917241879692
1.0
1.0065957371700058
0.9762604023392942
1.010727699004951
1.0158331436359624
0.9681594848550183
0.9782324117886141
1.0
1.0
1.0291354860982125
1.0
0.9253388561600584
0.9067462552014334
0.8860680813570152
1.0018482213485758
1.0
0.9263038675228419
1.0500359030481388
1.0
1.0
0.9969718970020232
1.0581015245639485
0.9441902731384992
1.077236107181374
0.969654293908766
0.9563059756539722
1.0552248180251027
0.9579805141583826
1.0403962629843413
1.0509256388061985
1.0266487785235707
0.934638093866754
1.0180794628957788
1.0234849358914264
1.0419977421342033
1.0
1.0
1.0030848597582143
0.9775816150086829
1.0
1.0
0.9574948565427874
1.0664779258541142
0.9683194620832865
0.9028837240176575
1.0
0.9956852537888157
1.08193414606877
1.0
1.0
0.8961167284099343
1.0583957851657004
0.9818656757841779
1.0361422508436124
1.0472818661349272
1.0
1.120044294079717
1.0326626434635475
1.0549863087883793
1.0505123220904586
1.0602985847803126
0.979728371210772
1.0262219374883905
1.0
0.8328049705440517
1.0857501707276338
0.9325483181131364
1.0
0.941192413348757
0.9824593712269127
1.0
1.0125953516158912
1.118589457448687
0.8515439235192019
0.9432243115806429
1.0
1.0
1.0379758642211794
0.9709615261014495
0.8836791082057598
1.2388849644485749
0.2894979989778754
0.27245930787033146
0.14672388190029473
0.08409165971866894
2.194824118306734
0.07568249374680214
0.3887666309842954
0.024396249151642735
0.3507854045506491
2.31997106747899
0.315706864095584
0.11184446246892388
0.0001290070078170391
0.8644020445869813
0.2973664909397513
1.0
0.9005092326884885
0.7638308522947455
0.5037012134696077
0.5397184975692468
1.0909033608072392
0.49863139738834406
0.013868547817118326
1.1785921074731576
0.11752384455643394
0.10240831274388462
1.4333965843306498
0.7538289004251943
0.9136940293397018
0.9799908312321524
1.0556391942075773
0.9524676708893232
0.9089664123001739
1.0767173679385316
1.2275677170645185
0.8305970464518282
1.1114649890653574
1.2140349138571889
0.2769886535797017
0.35261902233922093
0.02266191816946339
0.05781705606347032
0.010014266838199504
1.681524951681765
0.4866275434864118
0.03201109176194805
0.19782386047971556
0.26450718367083415
0.04469260262814512
0.295320623932918
0.10064711552124983
0.00011610630703529079
1.0
0.2809720671214002
0.26952326378642866
0.052853332248087526
0.07541841767600133
1.0
0.3733293698579523
0.11601229137517777
0.014217177855115892
0.7929321827810583
0.012795460069604303
1.0
1.0
0.05854339950370502
0.17932177904369873
0.2877941298671214
0.25988576527332796
0.1480289090568112
0.10699090747055173
0.3519196032335161
0.06975540475862285
0.2758532730917511
0.09057079333842122
0.8097752651891224
0.08151371400457919
0.00010449567633175061
0.12856040664069468
0.30362960215844126
1.4952690328599658
1.186099537545136
0.3475976620096759
0.1017097984451869
1.2850814894900875
0.07062123745770421
0.19016901412603993
0.2850032934077422
0.24870007965167673
2.0319396309175026
0.13148377704684844
0.32370318338602644
0.09036519159193546
0.2654763965168758
0.07335189303648804
9.404610869856445e-05
0.2798271867879052
0.8502436283854209
0.5651062533292404
0.1117324771450825
1.469138253799045
1.0
0.5562514121347526
1.939452326032523
1.0
1.0
1.0
0.12097448307670788
0.06790359492615394
0.3230088756532279
0.013397493443612518
1.0
1.6333446390408515
0.3674981695913413
0.09295369947405341
0.0825760151245376
0.1996524420542105
0.28137297203213585
0.02063610859475773
0.36026744969462055
1.4846886251448037
0.32424070472515876
0.15070571768076668
0.3003693842066175
0.05201614648112862
0.2703324457859555
0.1078763120844295
0.24626394616883696
0.06600729912196979
8.46414978287191e-05
0.8390682879068976
0.39755563632004964
1.4714915129344526
0.7229086511098188
1.0
1.0
0.4591793734309988
1.0254344902401762
0.15575618733826957
0.09341412299886187
0.28936823874354367
0.02633421105657341
0.091915931039102
0.09428365781750436
0.6793406431120701
0.08485529203575481
0.2078244950520034
0.2552992856883982
0.08702331317725864
0.30688720602072017
0.07635406638428144
0.27619848541864833
0.09633850828771884
2.086704657458947
0.12196580828694792
0.4572491026226775
0.19270532891194758
0.24801251570358396
0.17343479602075274
0.2540868324158021
2.1544891340127856
0.06095977938849284
0.3371639888941491
0.22823828146415037
0.05939810505998988
7.61773480458805e-05
0.3083550934420387
0.8217298908798014
0.21809451174800643
1.3717385745943211
0.11300953457332952
0.9050776909595442
0.10170858111599657
0.8043990637519904
0.7127409809595591
0.922633903920687
0.5766500086195627
1.466382382517903
1.0
1.0533908984933298
1.4882786612484118
0.43489099353626415
0.07127345140760255
0.09153772300439655
0.7148053850763532
0.08238395070395654
0.25779799376353196
0.014509196847004802
0.10063823292051666
0.09715221233737914
0.21257197411564377
0.2384716884372846
0.02631600448015803
0.44813820485368083
0.18149999966025732
0.04694563466235824
0.32627141815114946
0.011479739254886212
0.01032195945339609
0.0748782130112371
0.016777584809180013
0.06739039171011374
0.2936442763360345
2.2110540769209805
0.010051330771116973
0.432459671515832
0.05345067681918625
6.855961324125914e-05
0.2789380442359146
1.7262009363479969
1.0
0.5100688778824214
0.3334589180326404
0.04519868009464645
0.09992535500991195
0.23056727470248006
0.0029944538702526557
0.10028963086220166
0.10869418851520685
0.21516194554780732
0.21199291914554053
1.3009325261049849
0.8291607265055134
0.15122266906372417
1.9807695032893822
0.18227142363260285
0.09001578017270528
0.0864204081619162
0.3945587720461674
0.04809875317594381
3.1241841113697344
0.04328887785834956
6.170365191715543e-05
0.0815377314984218
1.0
1.2529923140336336
0.07742813303831042
0.5060296808718405
0.05067134758617442
0.11298954697916841
1.2428998381988805
0.007333954602993131
0.10113008662750111
0.11934096421846796
0.5704023130901845
0.10740686779662134
0.2148450429075801
1.235217410958386
0.06197654817158593
0.6377784770265365
0.17304585928661353
0.29423647199324954
0.15574127335795218
0.08965624297162567
0.1172342445503416
0.3642416579449801
0.0389538197073227
5.5533286725473197e-05
0.089753010301731
0.44051051402636077
0.02546244869709824
1.386205038700588
0.3322344811253952
0.01671356780544464
0.1136918611662594
0.11815068530771633
0.06983879752098332
0.19314672780554076
0.00799895434822595
0.6068793425883401
0.14913277031931926
2.039806067813707
0.14193498588980624
0.33171287412121453
0.03505288440791765
4.997995805289257e-05
0.8555888030357259
0.4503595780260383
0.08171733634458533
0.14924456044396095
0.30068238979339945
0.026411397141526294
0.11413774358040563
0.1133194965290425
1.3841020320701887
0.1746319504598084
0.06788699317223745
0.5611046853614381
2.2953002291616516
0.31058814849984806
0.1331157241176788
0.27952933364986343
0.16091277471294685
0.3020468751498848
0.03154259797132042
4.4981962247558904e-05
0.2509968979277559
0.7042570574425682
1.503808034723857
0.2986977570957521
0.05862114666572893
0.16438834337890285
0.27325529052821196
0.035184031785414405
0.11405591887526967
0.7605453490043868
1.3155091858960528
0.036422656330881154
0.23804298880243913
0.16395745473105094
0.11720876239115796
0.27546419390912913
0.21878065763715338
0.2676676777561724
0.1750261847566401
0.27499644743202856
0.028383839977963676
4.048376602283632e-05
0.2585443207808673
0.2746900960527512
0.03632019766126504
0.17527503809383305
0.24944816465393238
0.08847969809520428
1.9170027512182966
2.2449957927829587
0.21565537837901871
1.724524789271637
0.23055897994425933
1.5168833575490854
0.23063443539530049
0.15928258549706165
0.1330343055429548
0.26979584028193226
0.22366935964905554
0.11001520797410702
0.20130242368415008
0.11914392954511133
0.18117218131573498
0.2584035284562187
0.18502321102417874
0.2503351866866219
0.02554140760356516
3.643538942055269e-05
1.0
1.0997529045413081
0.26015889830805605
0.2508531062136008
1.2977599499317662
0.20425788858774396
0.021637361613951356
1.5520723103444727
1.2070141653008744
0.16577568747688787
0.22349925040547802
1.1807975417118932
0.14671045901685353
0.30343065271863257
0.18889531602978327
1.9607559022803143
0.19155440859042283
0.22785580877831624
0.0229836233042664
3.279185047855293e-05
0.039269880370621735
0.357024432790471
0.09222012464700313
0.7337302732556736
1.467058932496247
0.6410192549000939
0.5190500053984266
0.5371719830310902
1.388093952293712
0.4834547847279822
1.0
0.5136984466282932
0.18599583589036683
0.11818046634779833
0.6883796439846677
0.9822797725320935
1.0204335180404502
0.8764451323122948
1.0582264968164612
0.2202694267157277
2.617134506025753
0.19309373147270037
0.17154804376974653
1.314909496323489
0.2894085575745251
0.16238247838703046
0.291977119049748
2.1442362863251523
1.764680312052283
0.19518454860921253
0.20736859023091148
0.02068198178879177
2.9512665430719842e-05
0.06686307625345833
0.454479711478033
0.9734029046660844
1.2546555543046694
1.0
1.0919696047219603
0.5525123951340944
1.0
0.48728072738336436
1.0
0.44372901837642686
0.15557820566655067
0.10188861627553791
0.5396061679956574
0.09169975464798341
0.49481552666089
0.6489414779633336
0.12066154800754347
0.5719811753662434
0.10859539320678735
0.08252977918318649
0.14766489361596413
0.1909391627024064
0.061848879987802974
0.284551690455654
0.31962331192224624
0.026177431958863906
0.065255061298366
0.6477898258996309
0.04835577851225814
0.07773138284089587
0.062414204023273356
0.08217116190524365
0.051293338945122
0.06995824455680655
1.9241788027300712
0.5117241959657255
2.981671730343421
0.049176959165265544
1.9557407367512614
1.5882122808470545
0.19640295277138264
0.18869992938669933
0.0186108323433698
2.6561398887681165e-05
0.9405093374167635
0.2592283190986109
0.3442671775019157
1.4588280292202143
1.69892295902115
0.33054400197612566
0.02591501390517692
0.08948287596779281
0.05951031190327072
0.15199232052460765
0.17803013443094606
0.027208822943457278
1.8976338897016216
0.024487940649111195
0.2771099837358939
1.0
1.2701129924011987
0.7343047981184991
0.29027872392590837
0.03008519489281447
1.2751500542038574
0.0270766754035332
0.0951740253597464
1.1976041219194329
0.9221562902725111
0.43796478913777115
1.5672776898172067
1.0
0.5730459315639287
0.057557090634519525
1.0
1.2503575234018252
0.048592368633724625
0.15159075606466033
0.29455384325360257
2.184665564869686
0.03380099161728278
0.41409920691988233
2.082089925959017
0.3726892862278941
0.17169101968236644
0.016747092969144006
2.390525899886864e-05
0.09741342818487553
0.30008110316903114
0.9723784840219665
0.01437522491787746
1.0679704607755376
1.181628045005823
1.4174837308920303
1.3695554841250832
0.32111707283522506
0.20107249564010132
0.07458355718068432
0.038360048660482704
0.15459610191524042
0.16539679734710866
0.02029182141254182
0.7698154133166462
0.8324783192956815
1.0
1.0987027123573387
1.0
0.7614521287846259
1.1217219815445407
1.1592768780568203
0.2435013765835432
0.7922313156505059
0.21915123892518906
0.6910930601929355
0.1972361150326698
0.276705949655776
0.17955114513558712
0.13665853510538462
0.066118613503245
1.731760922457064
0.10697629613283421
0.6889948158122987
0.125310751756051
0.3525894595733421
0.15619662701104442
0.015069993146329619
2.1514733098970673e-05
0.09588339695743286
1.259913055444482
0.8676179439614593
0.8660782500999673
0.4872102625719563
0.18842360179415962
0.06328919659656762
0.019064433602910213
1.4643173535871803
0.1508862997536511
0.07550741631527202
0.3903747279801788
0.06795667468374411
0.20518309849498095
1.1193292382637345
0.14793017711149048
0.11638082024452068
0.02725781312638631
0.7362157760132257
0.4969873696363285
0.6625941984119033
0.33295017631711143
0.14208396362457298
1.651488411696413
1.9363259789129117e-05
0.26976460204735275
1.7535808427132018
1.0
0.2556552253457589
0.6840735694633366
0.5626845148594128
0.4863812335168518
1.0
0.33813703887619084
0.05505383357662197
0.11686126920311324
0.9095586922164056
1.0000000000000018
0.731873505091194
1.0
0.8916787012052794
1.0
1.0
0.9235331969491831
1.0991600525616256
1.0936218482991844
0.8764683441623529
0.9635324296992831
1.0
1.0257823470363387
1.367321826595722
0.6608011932764555
0.6604680391159619
0.3892288667322603
0.15014407887818848
0.08167931706486797
0.07273186481910976
0.3937164107412787
0.12149907737588883
0.10201695690743051
0.16441302925626022
0.6296297962024244
0.3138635550478579
0.03727327390752588
0.1787077472020493
2.811765700232761
0.1608369724818446
1.742693381023841e-05
0.24730192948315377
0.2500557558082761
0.18141554463205978
0.03786232329865058
0.15190359868102732
0.3322109446803285
0.6488932873035047
0.29898985021229585
0.14329760269685643
0.08078457184029197
0.10483031941132737
0.36649467740473973
0.09914747394755707
2.037822039320046
1.7859456086647247
0.598053172086968
0.2787498721523196
0.0004085254516161818
0.14475153254027884
1.5684240429192364e-05
0.24757731211566636
0.20690862576424252
0.1670602224987192
0.01888573110068137
1.5078430818817985
0.2834206254607512
0.13704629961119963
0.0831891465973964
0.13099675521066878
0.3397599570590213
0.11454947737920307
1.834039835388042
1.0
1.1301810079250139
0.0695898369901018
0.08374759134394516
0.2405949828895091
0.2509157374822486
0.014842826160482492
0.13027481086220827
1.4115816386217617e-05
0.021484030977553914
0.2702397864103432
1.1246925708220168
0.8765781581115561
0.012029761749229095
0.11624299449850284
1.0
0.10553321141059158
0.2687831928757962
0.13166058430981842
0.08796990745872435
0.31117929341765915
0.0791729167128512
0.15187307539550332
0.29432901361519903
0.20524408702818953
1.0
1.6506358518492377
1.0
0.44933458402604565
0.5912144158417281
0.2273084463500723
0.02638602463065487
1.8289732468586855
1.2704234747640264e-05
0.04625985541113309
0.9048794773309723
0.14061847390906834
0.11160952960665682
0.12185820955711435
0.2550709320191995
1.2303622178910736
0.08644293258111624
0.16611866921747342
0.24437170355085946
0.27839814250601336
1.0015444691623614
1.0828368985051444
1.0
0.8379871177739329
0.2568798640747687
1.0
0.901390022246126
0.06842706336945881
0.07100561242548586
0.0513133339206
0.26435790298379036
0.20721620417813025
0.14478533917845304
0.28576597538283965
7.719580530363146e-11
0.041733620979716335
0.24328356052795996
0.011958466836208714
1.5072069808526436
0.13517948180331985
0.10652761702817237
0.2668893233432126
0.09441050624475267
1.4809132355845325
0.16640673253769656
0.3311918776672922
0.7376114039883976
0.2980726899005628
1.0
0.34321471190080466
0.4635225672076144
1.800860525581606
0.17201604984247165
0.4700278995494802
0.15481444485822493
0.10173020772232366
0.25718937783683615
6.947620256880782e-11
0.7685226743531288
0.22015105115878697
0.16148331823785256
0.07597589057531806
0.13231429532580563
0.12256378765967746
0.24964144163336677
0.06312186793817709
1.3328219120260787
0.08683960252714051
0.28026196105724743
0.3552454974314845
0.23708425792869203
0.7883145413386057
0.12915997960017034
0.06583824916640779
0.2314704400462051
6.252853790300605e-11
0.24351044348052397
0.6895919188466522
0.027727435470236372
1.36408387182491
0.6529164448772242
1.5222244284191433
1.0
1.3809347490367436
1.0
0.4916382785428439
0.5650150531364346
1.7455070934292714
1.7965076858402895
0.21428427786669246
0.2741457845390265
0.21801811823285888
0.131339244559193
0.5803187820407771
0.11820532010327511
0.13527155305704497
0.21836511067621345
0.0751001860867273
0.28937572662131394
0.26696703856295123
0.12610203942640652
0.0303947663733517
0.05448379578996487
0.06903638457499728
0.019746210230160877
0.3042427805333112
0.10966015672351226
0.46238856771272374
0.09869414105116103
2.3045795752938623
0.20832339603533145
0.3937943608848138
0.27323314489503003
1.3693930982965812
1.0
0.24590983040552694
0.8407023388803985
0.9999999999999999
0.9264971800000001
0.8251715542960466
1.3352816936039535
1.2013979374012265
1.143381127288734e-05
1.0
0.2246580912495837
0.6719346640029435
1.0
1.3534272312514695
1.0
0.08926344520940077
0.13956126728241713
0.5807158080861505
0.1256051405541747
0.5352047413329544
0.11304462649875546
0.22117076287581483
0.1199119433986553
0.14358090881896146
0.1890185809999192
0.09652774014018561
0.2871348578154773
0.25288053864929694
0.11653131212110068
0.02190691015701951
0.042131777753468214
0.06291780423068971
0.9617250266546842
1.0
1.0086575579098058
0.9474939349591693
0.890293446664189
0.9580669708956275
0.855462678113275
1.0
0.9849756396772591
1.1080215124092865
1.1812559050867648
1.3761041904665356
1.0
1.104332285336227
0.9550604112068957
1.0
1.0
0.9007031506965744
0.9954328651537301
1.1041104213616428
1.0
0.8714239050279087
1.0371745422900016
1.1606701308917176
1.1401813474598619
0.9648549144638343
1.0990479906261816
0.9553806368094317
1.0
1.048963808629689
0.9973283345859976
1.0562917335936906
1.0
1.0
0.8558590302222902
1.0353207940519313
1.0
1.0
0.9643102849801704
1.0
0.9209664480553403
1.0198358606035116
0.9595543700862059
1.0
0.8613256527634245
1.0027806388316423
1.0460698305472231
1.006300620774521
1.001936050151607
1.0
0.8374941526554149
1.0
1.0495241011501735
1.0972484438904528
0.9968248336359098
0.9819817805010578
0.9556203783974047
0.012652688846186422
0.2946539322574466
0.14163323058334143
0.21518291688777325
0.1874910564317982
5.627565080601471e-11
0.3073223861104495
0.6017367620842968
1.0
0.599467656511262
0.9191427278962863
0.07962308756129843
0.5009510386056633
0.07166077880516752
0.2110448809280996
0.12227883994068023
0.4862472934924398
0.11005095594661185
0.14812467603705848
0.16046394888590854
0.10895526159376878
0.7760817039145511
0.8370758775993767
1.082994488434295
0.685306915906164
1.0294823991793791
1.0
1.0752712253371364
1.0322558971965776
0.925741507864009
1.0
0.7418869484204649
0.2387073115981284
1.7693311894216368
1.0
0.215374884836665
0.10706887192469239
0.015503041365970915
0.03162681955505242
0.05655031783282549
0.040852813187312265
0.25102521597336835
0.10595161583623014
0.2124137308421754
0.1687419507829908
5.0648041316492254e-11
0.028479880401775404
0.22027042853392587
0.18170782988144296
0.2131733724240199
0.11385832795565776
0.14935860332194295
0.13352202783794098
0.10469292574833844
0.32529030450546514
1.2599647200569972
1.0948387718597754
0.9814076776978986
0.9819441071464112
1.0
0.9142864179938499
1.0
0.9637871825766773
1.0
1.1127300286008293
1.1658346878003876
1.0010276555422113
0.970107476488673
0.9631629162235811
1.0753198383717848
1.0
0.935345797580899
0.9699273483145738
0.9474942861024562
0.9128156340914373
1.0
1.0490017496041908
0.9794431670586228
0.8760885744880529
1.0272215270829381
1.004322880288825
1.0
0.939145781656805
1.1547687965088755
0.9545318412942017
1.1522206995744089
1.0
1.0
0.9610352166238947
1.0
0.955937336356893
1.0
1.0
0.9800497473750713
0.9743458068522699
0.8910565320783324
1.114238434613581
0.9936344881677428
1.0805142717266367
1.0275371554460264
0.9634950811425149
1.0259062794945368
1.020922775913169
1.0573941633032522
0.969107707801566
0.9603436027212027
1.0
0.9139845265789219
1.0
0.839606983421854
0.9275373731603018
0.9842854563496832
1.0297289267224858
1.0
1.0350358385819423
0.986025504974247
0.8912018697475421
1.0434582585674193
1.0
0.9028145911522234
1.0075368264599245
1.0
1.0
1.019949285363559
0.9591498047508615
0.9697362009777173
0.9920257045461742
1.0169429961300729
1.0067831438139319
1.0
1.0
1.1098976240100704
1.0334576213512037
1.0245699146521776
1.0485655177530848
1.0526714317780197
1.0
1.0084224371658852
0.9429891382096987
0.9075801934492969
1.013869337302289
0.863234824275775
1.0
1.0
1.0106815716542759
0.9901718729144111
1.0
1.0
1.0023524152073744
0.9630666890304802
1.0111701966130369
1.0169177999794528
0.925639014388933
1.0861059425607458
0.9315322547237486
1.1335205101500687
0.9853818043945832
1.009970419185084
0.9743786084384016
1.0
0.9676840420933619
1.0426289713987789
1.0119787258340676
0.9984239342388648
1.0019618818340739
1.0
1.028662350147
1.026969474962268
1.1360487912049546
1.0
1.0349039614771858
0.9152260199815068
1.0
1.0
0.9495414241741251
0.9816107781286529
1.0
1.0
1.02526233288512
0.9878406658736338
0.9089733772665749
0.9976215126705767
0.9948100503447268
1.0
1.0424057872698995
0.974422982570573
0.9769407475945613
1.059682234179773
1.0
0.9298585058598583
0.9751785350239022
1.029445444940901
0.9875406691977382
0.965300035154069
0.9824095959375843
1.1369588304739473
1.0
1.0
0.8596430187395292
1.0
1.139668393449158
0.9913279586247388
0.9893767533254536
1.0217336476014598
1.0
0.9182091078345955
0.9988058859996372
0.9769113418481972
1.0
1.0
1.0024110373948272
0.9948480167199207
1.0
1.0954577638666603
1.0044852782960465
0.9799539370129278
0.8312307021939329
0.9723870832184751
1.0
1.0709696925230805
0.9805329922781763
1.0789423526877364
0.8565938795590977
0.9703438155025985
0.9331673570776076
1.0
0.713106473221897
0.20454428354546828
0.09791228886881953
0.010790055273869115
0.02774325967846991
0.7852298889046452
0.29220728626968295
0.7184760303002724
0.07411508116838927
0.20804655283625673
0.15186775569962707
4.558320387815229e-11
0.03380045021415512
1.0
0.21641416866867758
0.1422197096508988
0.2032418679771837
0.11740835549228734
0.1477749457735431
0.10970053247931233
0.7599139073124466
0.09873047923138145
0.12675266362405146
0.31704304344633805
0.19388108407780358
0.08920006550932413
1.204024174108861
0.08028005895839208
0.006936723778634857
0.020034779848417728
0.04681000473081198
0.06187005346591867
0.20791602467556913
0.045898917767924985
0.20242867312259394
0.1366809801251061
4.102485018364632e-11
0.044868155008238375
0.8143915295978736
0.00174868879172152
0.19465851672869405
0.12044501452041345
0.15384055236725835
0.07618216494583763
0.1388889946276599
0.48064212091835756
0.050129446168702074
0.21671121520837566
0.3726501021081745
0.33483416067274163
0.6346270273766148
0.021066158678873848
0.19585390382284507
0.12301288210849304
0.3988581918953007
0.4333632166395378
3.6922354063051444e-11
0.24384688780207497
0.6117063824410458
0.017892031760318616
0.1872371665078667
0.12378456830509421
0.14607471362511504
0.34806576274747236
0.13146724226260353
0.054675048988489294
0.07693588307305887
0.43759085344339255
0.023445380030993945
0.15777508347672153
0.3688685079646312
0.3648134473431286
0.17846932185695685
0.3283321026088153
0.5690577087710658
0.0006258475712987988
0.1885698016514099
0.1963711756807811
0.16971282148626887
0.11071159389395135
3.323008535005556e-11
0.6809555583554001
0.34412584572687877
0.06948398356443519
0.18089190668758803
0.13916030706336002
1.6998875377535363
0.04151395578233341
0.025483209421413022
0.39617630610215215
0.005323333680223641
0.10511072433258661
1.629570148604822
0.35240466322504016
1.8918220038021003
0.03639152512793764
0.1638126987270372
0.09964043450123317
2.9907076815050004e-11
0.2411589985552176
0.07050161821767986
0.05291573590383081
0.17671874672516807
1.6348481887851456
1.529898783978183
0.03481423926195859
0.6533309277602015
0.031332815335762376
0.016682742130942785
0.35709100885996037
0.6333102502441452
0.32138190797396504
0.00572007212105774
0.25755666675980926
0.5994936933463499
0.473437496921024
0.5395443240117146
0.1279819965223261
0.0797505134356431
0.1151837968700935
0.7050358755440929
0.04913364248784635
0.1573954723044566
0.08967639104811909
2.6916358031314758e-11
1.0
1.0
0.21704309869969407
1.8033322696379486
0.027750520296766723
0.1815305365506532
0.02677451986671997
1.4735826630388686
0.031962402694894365
0.6498148032284838
0.9074163916787867
0.8277294975030856
1.0
1.1621965871006346
1.0088628233468473
1.0
1.0
0.9639625519767101
1.0
0.82327957673537
0.8308282783450487
0.25064237835836956
0.6230910944196371
0.4575327561463709
0.029867808015278996
0.08286175960124176
0.28867170996446134
0.5089738634258882
0.2598045389680159
0.03090373158493165
0.1178971983480217
0.5099064709497849
1.9397429175949314
0.6394456522384688
0.059959825469507066
0.15062356417882272
0.08070875194061555
2.4224733330413528e-11
0.20638524899370836
1.0
0.6045142870453475
0.5442712489283146
0.48857928231088366
1.0
0.5057011218932281
0.13972407920853414
0.01469997894649211
0.4147662613332628
0.03516720317387545
0.12942320853436406
0.23073371191272152
0.039603078261240654
0.055116831418240864
0.2649415320953121
1.7457686258354386
0.5814970695615731
0.06902619934043841
0.14363208295500218
0.25525172207786273
0.12926887465950188
0.07263787674413136
2.1802226690681437e-11
0.6100849504901831
0.16605493488225775
1.638277000127644
0.12722166918232958
1.46963712753179
0.3768063555173242
0.04459280370992502
0.13955425887219874
0.20370003289532512
0.38865264870569405
0.18333002960579314
0.04115445357694014
0.8072601933854706
0.03703900821924577
0.023110995066884854
0.07121456307445406
0.28753305821579467
0.06409310676700919
1.0547539032110045
0.03594199891113892
0.07647465058688319
2.223546027132727
0.0894136751678456
2.242653437336026
0.06537408906753805
1.9621970714922554e-11
0.22122426446287946
0.05815988280552631
0.05536765447883596
0.09511611386213303
1.0
2.379040883252376
1.0
0.6375694170397175
0.04197582187529747
0.23935095549008167
0.343585000336585
0.05408894922615204
0.16430183923509034
0.157177680465594
0.03564620690400844
0.0072691285760519975
0.050339749318091265
0.6648144312605337
0.5391913500562442
0.14379303608254101
0.35440852750832086
0.053828946353255525
0.3189676747574888
0.05883668015882204
1.7659762541200053e-11
0.2049178262971445
0.05788065997285585
1.4681184719026668
0.0520925939755692
1.5433471298137498
0.013843144138760977
0.24977435997473307
1.5984870523556793
1.4315071229619196
0.16358942335814142
0.13789529172863269
0.03280849907121208
0.0015082407866380265
0.11178721751233667
0.6522521231401042
1.949156798161927
0.062076112247705595
0.2929545752976219
0.052953012141174094
1.5893730775928816e-11
0.010058610447032379
0.4038867083473363
0.9578998096988975
1.0
0.49189277520797603
1.0
1.9219526756476135
0.012518606272589494
0.06494821874169077
0.33133338816491786
0.22461989285905304
0.6891816000483679
1.3797365599564682
1.7339367214258399
0.12082491264864892
1.262916454533629
1.1841106629173304
0.16583370807511244
0.21957437422696024
0.14925033726760084
0.39211123100990086
0.6596009800337885
0.026573043493173465
0.26895441898197703
0.13653371862163866
2.122880346759475
0.04765771092546722
1.4304335493875442e-11
0.004939652177615272
1.0
0.1750735844599305
1.1382035569468663
1.7686322949251618
0.2574473555649064
1.0
1.1368443528587306
0.024248516079982352
0.017761567519499977
0.09158673568401099
0.2213043423595895
1.5573820679466923
1.3407496254161213
0.6450433110551579
1.1482820260703335
1.1768059561141975
1.0
0.7728096883463813
1.2492370217503055
1.2442727923562984
0.16055794840272242
0.21809984987916486
1.0
0.7364271110512632
0.4900420849871665
0.1663121385503672
1.337215600053863
1.0
0.7965059599515225
0.2786494624436813
1.5605430492832557
0.017549224069579594
0.08134257622529972
1.0
0.9907170595493557
0.004239573415929954
0.009756101499380776
0.024700333961336973
0.15352741718507712
0.40999336961075095
0.2093083319216058
0.4591127828522734
0.0428919398314902
1.287392414894839e-11
0.9873932320122947
0.03182988665016495
0.36710948466296145
0.11146155611443831
0.025144084335948946
0.13724550504688082
0.04382431093431194
0.2021464786522671
1.0
1.0
1.0
0.5007955561240056
1.7083804852027846
1.144759066702795
1.0
0.15974077586926505
0.17353642664182978
0.41886020591229034
0.5700527444889314
0.1424662204442182
0.4174906985501954
0.0386027458470537
1.1586509529593059e-11
0.1954233690622722
0.19007189194794094
0.10282980893658689
0.03635422640704178
0.12790338563562287
0.05965652770610852
0.12459511901816178
0.2798779519913257
0.08088397237313494
0.768853554599497
0.07336968278200828
0.002840005924399591
0.006310457953309978
0.03758304228371134
0.09717533850549387
0.333816577413093
0.08647052854477622
0.3796019032798812
0.0347424712611899
1.0427880781094245e-11
0.04029445196129089
0.2676001957963159
0.029749652298235674
0.04550914232989811
0.12107869984267339
0.06615038683731456
0.14012340231547782
0.259978554029507
0.04061370057259417
0.1005178325535514
0.16112034094652117
0.19806880456887654
0.43397945976995445
1.8772064907980068
0.03986328536231021
0.34511596007801204
1.1763961864931258
9.385048294063836e-12
1.0
0.06132840125531658
0.30896939969155923
0.10073316491662254
1.434334390749349
0.1155858685421407
0.07354768838512982
0.15210891748688127
0.23804206868381605
0.04660411377068918
0.10657808339284891
0.164815187308756
0.2216598700889847
0.20286086471315912
0.673888115684707
2.340768531356125
1.9909515064222898
0.001365360818278205
0.19296474542089825
0.14890784278240243
8.446576771348191e-12
0.056892186219265284
0.23786521098685753
1.4798491169527033
1.5178305644490528
1.0
1.0
1.0
1.393230499299218
0.9638199592885464
0.05277359064997711
0.20805812401032497
0.11138205052643713
0.08140381129530638
0.16070223260657457
0.6110228027040652
0.14463200934591747
0.21889827319250266
0.052601510732905865
0.11240179378443926
0.9377670689944004
0.4403872335725616
0.05858153903805885
2.152865091918896
0.052723385134253675
0.10116161440599569
0.17049965558677904
0.8686828074032693
0.1534496900281006
0.7664695576601321
0.13810472102529125
0.21977996955140178
0.05086843916808448
0.8054579186766375
0.018067649805639796
0.18855905515704885
0.1088768266173572
0.16970314964134392
0.13401705850331735
7.601919094213372e-12
0.07498948869602273
0.2811560793300991
1.0
1.0
1.6695906734029755
1.4550219686634804
0.7717676645581655
0.026690419183946545
0.1983905166619344
0.1083842266033237
2.0615382880103468
0.09754580394299239
0.1037968543610237
0.152058635730576
0.21339908936377405
0.05756720806142823
0.13725085962941286
0.14627224587790266
0.20288881651307022
0.12632738711893943
0.7267188917895382
0.05208710530491523
0.16613454052754095
0.12061535265222556
6.841749389252527e-12
0.1948882213508405
0.15865480635121543
0.00418232559935916
0.199144468050374
0.09817090898479819
0.10862303249797911
0.15819268109389562
0.19781590123353965
0.06553557321822545
0.13815299825426308
0.15193390294141906
0.19523267357365626
0.1863665375859993
0.6592557131410759
0.0634918488271774
0.16158262174000937
0.10855381738631897
6.157518939176043e-12
0.09560614775942966
0.33394799365043326
0.09643638479399641
1.3514602625466736
0.0992161213361129
0.1135799973575704
0.1621550031078609
0.1845878684320077
0.07279731572182868
0.13953108872297904
0.15626378000464314
1.9384247530162781
0.23365545514150643
0.5996793267096869
0.07330092611845984
0.1562797413046404
0.09769843564707115
5.541789249718931e-12
0.1194403323485318
0.2909095558059889
0.04835327994006988
0.3341147505320947
0.10065250893826061
0.11843749793259839
0.16439828964027647
0.17340881316098944
0.07947069302194443
0.14120435785114438
0.05320507329744828
0.411554080790669
0.2702578422983244
0.5470414866505644
0.08159880763707772
0.1504216107388836
0.08792859208180959
4.987565915826053e-12
0.18678982330445493
1.7333208529793893
0.12857645205243173
0.19918701031825137
0.08558419743584267
0.310768526372712
0.10243100783769421
0.12303357710336726
0.33520129419233946
1.698318835226896
1.528223139458193
0.16401500114708512
1.8576055703961565
0.12176341473628405
0.006729157888635484
1.785737685793718
0.39283608278565474
0.5759982255208058
0.2979362067335485
0.5004972187492154
2.1066916782205123
0.4504474968742942
0.08848108794725906
0.1441723088731761
0.07913573287313014
4.488853733164433e-12
0.16811084097400908
0.5598642265049811
1.0
1.0
0.5878913297873645
0.642703497687183
1.0
0.37211451659561234
0.28993477451921024
0.06534061875842667
0.127739788969901
0.3345231560528745
0.03814705600724011
0.2835809580181099
0.10891415747379263
0.12703018812706368
0.5481920236420805
0.3632370576225439
0.4142508559815905
0.09405021003985059
0.13766865127317152
0.07122215958536815
0.4207485200360912
0.22589218624537266
0.9999999999999999
0.18530201888518405
0.12372960948903255
0.2666539282193945
1.3366725157428263
0.25440723519144726
0.04603257798559213
0.14841812567819979
0.29725613484686164
0.5614212453976517
0.2675305213621755
0.005974254604703688
0.2661142779636769
0.08531972291370771
0.05950796695015015
0.5296965270401266
0.36833843745844863
2.4728604144593707
0.098412054163183
0.1310240021043909
0.06409994362683147
4.039990564308482e-12
0.12326454693011257
0.1878267290300073
0.00848527591607251
0.22436325387374367
0.026587507619215245
0.2984431911439387
0.023928756857294786
0.1900549787312844
0.24018004376548774
0.02123459865213384
0.24803482245867947
0.24838198079941165
0.223231340212811
0.07083695392732281
0.0005875175511231845
1.8118362031132111
0.08421855226666608
0.6393580382496724
0.10167324895730356
0.12433159625663492
0.0576899492637446
3.6359804056473877e-12
0.4112301416469286
0.15091745042800753
0.03007307371183998
0.19687530203871972
0.002530383298434913
0.19506748523470385
0.40538501043438835
0.1755607367112333
0.21828549925415253
0.06623775505407004
0.20799190158426129
0.06369450677947874
0.18171238610733198
0.703166193619948
0.1397325008649668
2.2895101768384007
0.10393908368723714
2.2321209662016015
0.05192095433700672
3.272382365082649e-12
0.12569558666906033
0.2638893236295061
1.6223932084987958
0.1651882211642146
1.4074476515050236
1.3773606205447955
0.034785477226002115
0.17983321296552468
0.20308072483414463
0.08041316970708934
0.19356216210378285
0.03915381749079749
0.0932245281346038
0.6468228243444498
0.10319176690536924
0.8249344853729985
0.1296669213016468
0.34607162361120647
1.2030104037213443
2.9451996397256153e-12
0.1336700285896164
0.18088205324714934
1.8249628785283392
0.2375003912665541
1.4858944820791464
1.309519771797131
0.24119496221525694
0.9621098287290089
1.0
1.3685527969154698
1.4180845081263236
1.6155925602307946
1.0
1.0
0.14989799663279513
0.21375035213990046
1.0
1.0
1.0
0.11345962182652869
0.31814934328208366
0.04929025079995597
0.1821579641523865
0.3110913180080299
0.16394216773714732
0.19081396932143946
0.09172806894675745
0.17812132764248467
0.025915982928257364
1.3172351812851701
0.5718213652194679
0.010379141677532289
0.048416345600101884
0.00934122750977906
0.7294743447055341
0.0820930668103621
0.19116342087795113
0.16702989927481893
2.6506574712925612e-12
0.5316663835053141
1.0
0.2735631631645248
1.4038366152991237
0.2462068468480716
0.08157693396875487
0.29126343403387267
0.6994341637780899
0.2621370906304854
0.07897123890891322
0.16662934789557582
0.18090537928397055
2.296331423466208
0.16281484135557278
0.10036739481633106
0.16290079317106176
0.06721177036669168
0.8923533115284528
1.0989867308720154
0.06631671509624759
0.0019249595366286343
0.0019211079296095335
0.04099618313912856
0.3609406335974841
0.6483176035539442
0.2808318025178105
0.5834858431985497
0.05476741804153029
0.18875006871763755
0.15032690934707205
2.3856472353145364e-12
0.14752092761361624
0.23904876925517726
0.12875929303831413
0.7122634909447711
0.11588336373448271
0.24382050545833067
1.7450599106483686
0.18433843516997328
0.1565700967016479
0.10662073465180377
0.13988953681728766
0.10167795645641675
0.16968586176376554
0.7975197506669698
0.15271727558738846
0.5126671917787897
2.042640588289113
0.5196605170745414
0.03041566936561324
0.18490775278058136
1.114445044211399
2.1470603073225902e-12
0.1415311394221419
0.29079581808549193
0.2136506969843488
0.6294488054768443
1.4334960750708419
0.04493246384766181
1.5705539195835314
0.18156160132314092
0.21033503099464568
0.163405441190827
0.1515751604966642
0.1099476148683518
0.11573278748991811
0.10140079781731082
2.348128596360848
0.11052613213050932
0.053321072451618434
0.09947351891745804
0.10415950874092594
0.059269847075659854
0.18871226720652778
0.2571364137720007
0.44395078492336815
0.4646528984305256
0.008883327150994269
2.0999981561801793
0.11000165943783902
0.26497228869940104
0.24673872283305132
1.932343174360085e-12
0.14252059783555637
0.2893815719411137
0.891441711821404
0.6166352318952484
0.2600507867029833
0.043862815075382144
1.0
0.4722289805991622
0.1622224131214125
0.16841237103862916
0.09994211789980412
0.02804740152473073
0.08994790610982406
0.08781657315926772
0.034471635647442156
0.19555468186307579
0.27581785088713673
0.07260423323593201
1.9346561900876615
1.6048554555432464
0.44170168480718885
1.882771607952539
0.4172992758723737
0.1914975811839721
0.2631489321127658
0.22206485054955305
1.7390533457728452e-12
0.14220554750492198
0.24035116657850608
0.19239259216313798
0.06500699492799811
0.44122832385138366
0.1628414089131347
0.17056013633572853
0.0897347728147686
0.07558775227859726
1.2470364644617629
1.3359306468654264
1.945846285113939
0.6760280846565747
0.3564195901667393
0.1460329298542984
0.2590405239564446
0.1998583654944237
1.5651924201165457e-12
0.47849974515478166
0.6850490527083792
0.6146009017070533
1.0952141237360031
1.7316723945658872
0.30509107696535054
0.26563295079837346
0.01438346305005922
0.41338963235756054
0.1636132816553939
0.16247759998363343
0.08832007076115111
0.0015576135963186744
0.07948806368503547
0.056674669395439636
0.005480334118741936
0.8033104763292691
0.001540352790005528
0.002370621177265164
0.039442653591977184
0.05407614691363438
0.30083951307721524
0.10552558447322458
0.2531223081102425
1.0698667336779617
1.4086509736443986e-12
0.1520201094122804
0.1970767907043438
0.16521428714901987
0.6832902373564025
0.23763130941352983
0.02839384649070098
0.3884119972873421
0.16349971348821768
0.16301065342988963
0.06587179037698832
0.05155523586777022
0.01004069239870553
1.0
0.0049652374174566916
0.7852445658015288
0.006077824418735389
0.04090600292414326
0.018584580914549065
0.5691748318273291
0.2602030033221707
0.06966079521487689
0.12082340393142221
0.2868592023124803
1.2677636718194663e-12
0.35147493799946616
0.1608476829190053
0.1515322430831887
0.06439566157036225
0.36592076890743286
0.16345080748238416
0.1532967671245995
0.05412908775251246
0.04740378152086322
0.01930284322675746
0.006209491845670101
0.47144179250826745
0.201594164146627
0.42429761325744053
0.1390049864062206
0.3818678519316965
0.6440672352075918
0.2886557001958252
0.05061237530024787
0.1374269837695281
0.25817328208110535
1.1409762024072734e-12
1.0
1.0
0.08070393243638563
0.2819873845749967
0.2231471292782814
0.09454817230407286
0.3456737727649255
0.16243540344660623
0.14337999918739008
0.04397580082517649
0.044593687691453
0.01799350808864908
0.8829489197676992
0.01619415727978435
0.796273443518908
0.0845270720652529
0.043553085459150154
0.01457474155180627
0.12217218310863664
0.7865626724365651
0.10995496479777245
0.40808779025928743
0.6085260817064153
0.25472889264621834
0.03180843939327094
0.3338298957079253
0.02862759545394411
0.1495016136006857
0.23235595387288077
0.3462463298366196
1.0
0.23653115062416985
1.4000264502710607
1.6743907906175464
1.0268452754758073e-12
0.10083227765024816
0.2314739331896689
1.4311166302484182
0.11966073235015884
0.32734993583309446
1.9248453190346169
0.1334395793511689
0.03076354342759835
1.9195703265953572
0.010095447394016688
0.717094028582796
0.009085902654614841
0.13976824734392324
0.4281316194040006
1.8873565873143425
0.30137907141709164
0.7618820215318296
0.2232123998968758
0.010814674548480951
0.15778704762790507
0.20912035848549015
9.241496456979803e-13
0.9229027463151702
0.1231457434509835
0.3190784782326084
0.8639610638287856
0.5645982036007631
1.0
0.21567119406650193
0.14042965269845098
0.10213041034632653
0.36635835285926355
0.12317197575881167
0.1642698435746972
0.1532199165959831
0.02215413712354497
0.16860458454993044
0.2727710008853492
0.7080150593683339
0.19980969245234004
0.00604549766915774
0.16292037871366372
0.07787285455815152
0.2971072289038057
0.021732985773608604
0.14662834084229726
0.18820832263684872
8.317790900491673e-13
0.10831804150980773
1.0
0.35143820289554384
0.3794079351105637
0.13659972846323853
0.128553204597619
0.3420397151492178
2.023304553347245
0.13252086755762882
0.14011333864873876
0.036799181866182806
0.1790212261834725
2.0239813384824323
0.6571945226767344
0.18260657155138293
0.0342225212804772
0.15078633902175254
0.16938749037308076
7.486233855047431e-13
0.12514847768834514
0.12960969031878733
0.19194241351349461
0.13579507607667907
0.1499018556527787
0.27302258415505776
0.13491167008750082
0.10550528829957173
0.2835061624044233
0.10525744693699224
0.12978192297048352
0.05102138629791142
0.041279030283117635
0.5844129928495647
1.4889662621772946
0.5259716935646086
0.6097357275641988
0.16776816652429272
0.6185785770669954
0.15099134987186336
0.045878903054604514
0.15264645415688527
1.1319151542700157
6.737943536450075e-13
0.104666032607593
0.5353728985836455
1.6804541654345222
1.6088022577811039
0.5520779679970076
0.2783535890949338
0.3687066220535016
0.15069692104303556
0.13197103190870862
0.12330537571005706
0.24462980147028013
0.08175350994624431
0.12190586930322667
0.04179134463980816
0.07388734138661235
0.5343480969645675
0.5806381064473944
0.06050537948346779
0.5225742958026549
2.571819854347483
0.05655565816483232
0.024190293314195088
0.26564025676263214
6.064038160502605e-13
0.11293022746816916
1.7197950006612288
0.10163720472135296
1.0
0.097454479935557
0.2013973718741191
0.14882433212959967
0.1311044662888463
0.13543781828608026
0.21199147032862697
0.061387572021295966
0.1138944168368834
0.045000944314489644
0.11993341694440751
0.591234527493115
0.2131348807876412
0.4033176564413692
0.3549696345568707
0.36298589079723254
0.05331912167976949
0.2885674250087549
0.047987209511792805
0.04833528965903877
0.23907623108630816
5.45785638905727e-13
0.10876742594136246
0.23833318980497253
0.3617880851654185
0.14705234554552504
0.13153780148856598
0.14309318349033617
0.1460652394893973
0.1287838651413029
0.18465356609363326
0.0438593731354775
0.10700506958464473
0.19579465267018215
0.09630456262618026
0.052494191577480365
0.1670635279992787
0.5534245628225678
0.2684517474327368
0.3368179348366658
0.04802201752651669
2.1223442408017537
0.21516860797762272
4.911626660941693e-13
0.8877753796106731
0.1030065611318598
0.06756929475459117
0.21084530245422073
0.14550089113982878
0.14557172620287417
0.13437083523653648
0.16180227217072307
0.019142472600847782
0.09192352552130956
0.06395112521965984
0.20569963148160753
0.5249272812835857
0.2752883661731298
0.3079383431056506
0.16901460830631088
0.3011606686797035
1.0907121484256708
4.4209080840573733e-13
0.09946283449413329
0.039727835033712466
0.20431086132278153
0.14550797464613296
0.14445163710624342
0.16376549243128125
0.13000647339561766
0.13711397892995514
0.14370779769356545
0.008035872788632048
0.03279801501276758
0.007232285509768843
0.08912628549114565
0.0781259758458539
0.2376223964618056
0.4999633897725406
1.3400696359595656
2.4859150489229282
0.2785533638663811
2.4202468879751375
0.12199708060770931
0.16456581034563245
1.646075922172817
0.3565165012036493
0.30272296202233395
3.979039320256561e-13
1.0
0.09348933454809227
0.015323965398064132
0.19843057265511632
0.1584029882317104
0.1307172239490484
0.13777336080631564
0.12781020209436988
1.9697585579375332
0.08802625452661594
0.094075617907448
0.015264990900586639
0.726413892074218
0.00867333868222886
0.4900680287011978
0.09334079151237429
0.1757891021368363
0.2724506658200607
3.581579477440755e-13
0.09252892240549926
0.4818356087252802
1.0
1.0
0.60636959044135
1.0
1.39233471918266
1.0
0.5893988409121071
0.5460840864225993
0.9379457031819101
0.06322308366243234
0.15563441180344384
0.13142283763477636
0.13677704493512088
0.0819466739088206
0.2081820528367384
0.0886311908646995
0.08619455520676134
0.08637988101795102
0.6546398367350186
0.056812807684125666
2.2272290020477437
0.004506101842969734
2.004055491658674
2.2308763571690715
0.18545525850515832
1.0391582963673431
3.2229774404868294e-13
0.8285937146670115
1.0
0.4015481633212161
0.006051488407255334
0.20999125539312047
0.1532132543865785
0.1319582583648078
0.11490467305072727
0.052933801234264166
0.19622696663953398
1.8691859944998317
0.08621308778787906
0.14320587658965778
0.5948571338299296
0.37199692245492866
0.6317679603335753
0.1752053594199694
0.06299390301790853
0.34912142887472086
2.901012763345534e-13
0.09111652595124653
0.1774687594635509
0.4161404632241954
0.15108775478439895
0.13025289983340116
0.0819531738703887
0.11722760985006175
0.09812082562222812
0.028017724446884884
0.010314329474402584
0.2839274355276764
0.28933986139738366
0.2555346919749084
0.09191236666805835
0.18837100231368353
0.4981717282014442
0.27162043417607773
0.5861117002422143
0.1639842137797638
0.09160665560358972
0.3142092859872201
2.611244553918368e-13
0.47850562636163474
1.550673631171911
0.685889159532433
0.04491283246024125
0.026445465105840782
0.21942223077090617
1.620847305654408
0.11531693142727839
0.08550697061531842
0.03412356010670692
0.07695627355378676
0.026247384949638075
0.044663316223296334
0.23917245944422483
0.10155823023261945
0.21935107490246075
0.42119251196369145
0.18584722073424853
0.5438989515959696
0.1567464579621456
2.008266956550461
0.28278835738847174
2.3503421431314564e-13
0.03777700270363127
0.04574314167234661
0.035395277128376534
0.33434345398247345
0.12003156270145965
0.06663590770344463
0.01635198597031362
0.059972316933100345
0.019156314832343924
0.064114230545389
0.22541103652306305
0.1133375146996034
0.2395352186085855
2.5268510543110665
0.11287260350122708
0.5051837022325874
0.05096859772759643
1.0000000000000004
0.3429724500358464
0.25450952164960094
2.1149748619109232e-13
0.029424988266033125
0.04470835521794925
0.06529009481378623
0.31291226485437207
0.4765118530273469
0.5593907222210603
0.2922760336984602
0.2816210383689359
0.12068922889496747
0.05205945375655574
0.010829260294570986
0.08024391114315677
0.2142036843407169
0.12595728509050197
0.03710340868338058
0.6018863837748807
0.051066972927845455
0.11746330619857659
0.3343545872574474
0.5365910481046079
2.1057169755787193
0.10485472197915335
0.1646114219228112
0.07790810758895539
0.14815027973052963
0.44956847223656915
0.020360778712770866
0.33412615719722183
1.0553053261206102
0.493048288444208
0.21287803556175278
0.16677181699666566
0.022011653917637375
0.04676652917753543
1.6987720718816632
0.2655278574215387
1.9735686768040281
0.04577058235144271
0.0017219431507982108
0.09363988846291349
0.20537904441569488
0.10965121571311442
0.08045467537290563
2.3545782333421634
0.1782920989811334
0.03747305895889497
0.16046288908302042
0.4025755471416357
0.015087914878228581
1.8751501216187214
0.3345891020966809
1.9029222642075183e-13
0.015133835608118318
1.653532684306473
0.013620452047305776
0.1277873309283848
0.3146444085850568
1.6258542218544356
0.3157601772966707
2.0010634479308287
0.00781424001057296
0.06451966104259022
1.9419323050616697
0.10481380405819252
0.195806261545437
0.10673156167909248
0.16304861549860128
0.5729697380422429
0.1846741548888824
0.0007879513341837452
0.17641738381217031
0.5341401797269061
0.16620673939999442
0.3638267839152949
0.14534445157138265
0.037223733255000724
0.13081000641424456
1.0
0.41615693123697906
0.2707491974194536
0.3745412381132813
1.0325385325626382
1.7130741269966165e-13
0.025037139935413677
0.08354415697704098
1.5070905908788035
0.0751897412793383
0.12059454554110616
0.23577964391409267
0.08407781477392362
0.047715868089191815
1.7477390745555024
0.36873652275161106
1.4150089098102931
0.6049028418209925
1.0
0.19427131005333642
0.1318296261752785
0.3864813343770521
0.351513047187181
0.34783320093934655
1.8509396861872602
0.3341542824314665
0.2990070184256446
0.18689879155880185
0.07975354396132239
0.036032762171826604
0.49734683569421456
0.1859687438515243
0.2998286597252031
0.0672506260378789
0.23383326104568924
0.9292846793063743
1.5420997812043424e-13
0.05190118666631349
0.5798541746241099
0.17875586211362915
0.22060946100007328
1.816195608330684
0.04521521002611095
0.15785661406924945
0.2877961957389612
0.1761842667990532
0.06817491334800785
1.5017590188288583
2.261924346973064
0.1973547354388927
0.2631207311488941
0.0371422373295216
0.15009584922145525
0.46474842129289695
1.0290430145554197e-05
0.033181522484358794
0.08960382640430353
0.18294122200227392
0.01692895406699435
0.2443566973183806
0.024908027616575623
0.1950394654297991
1.824464481113182
0.1708505722362208
0.27663500284496934
2.1471163440404766
0.2489715025604724
0.165383331453949
0.08881847986967806
0.058711335199644665
0.7121369347511433
0.20393133500989258
0.23309443430105325
0.018418428674424447
0.18156110642859957
0.4182725501205926
9.261387130976573e-06
0.03508866351907258
0.055611312597292795
0.15586689688511157
0.03967172839213262
0.06241959353042503
0.9186028229947638
1.0
1.103046537856649
0.17711428048002276
0.20632616555314165
0.24061268544982006
0.13996315032158613
0.08580776540267365
0.01837349179543324
0.6613163747770185
0.20684764493900865
0.09674007606469637
0.18616288044510743
0.20794314800350566
0.0015795248358774217
0.2052322507977986
0.3764443689698205
8.335248417923324e-06
0.060406611159898205
1.0
0.5548994785191077
1.127969234730994
0.5430853807746026
0.874925084632661
0.17030716804795887
0.04194651490595902
0.04645324540853224
0.18003546898733447
0.20975481754280878
0.23054773193699774
0.11738605874915997
0.07538963968286261
0.08266778009359044
0.6344857898377292
2.1056823565027365
0.18730678568674275
0.021944797432070118
0.22235346261500055
0.3387990985479967
7.5017235761087875e-06
0.5011278063255595
0.045318604758847414
1.5789763785872815
0.042397187956215276
0.4769978513074591
0.038157469160594815
0.4254823192606523
0.03434172224453391
1.669899001123344
0.1830074038428826
1.7929003945656152
0.21923156461821414
0.09810848890595736
0.038462748654389145
1.965383526211049
0.05958389770521677
0.1378495810680036
0.36046897520368226
0.417639821419896
0.17077058686127522
2.010491662310689
0.23399802620830013
0.30491843852083944
6.751551218542318e-06
0.6472023284644308
0.09865582434610332
0.135592029004858
0.32685837852861965
0.1360823500922521
0.24510210826303336
0.014583375997966996
0.30542458926690763
0.013125038398170474
0.4130473049006085
0.010580904425884441
0.2788776028659452
0.03984054982789509
0.1601115204815713
0.3661860598253046
0.392952897964034
0.04735563805592147
0.2664346328022624
0.24109006743955375
0.2744259195136338
6.076396096732495e-06
0.10234944481197772
0.08934698825150988
0.28056430566653034
0.5181789908519292
0.2525078750998766
0.09796390425672286
0.21782105599711699
0.45079858256297456
0.19603895039740493
0.0294921959317076
0.3728006648531359
0.03741057426988981
1.7967329338765392
0.019845342796948273
0.1807189744159441
0.3688627436391769
0.34892204436203933
2.283414125029667
0.2639001762659916
0.24442365264696164
0.24698271992266108
5.468756487103654e-06
1.0
0.0986560169596693
1.455474481551736
0.08879041526370202
0.6273787653981913
1.0
0.5307588273856965
0.4977979861465833
0.17255828175773402
0.04678151319159696
0.17938427495083786
0.06382304282385043
0.33926165579481093
0.06220678306167926
0.30472684750948353
1.4411427722435288
0.794555580251469
0.8217912593136525
0.681638362662035
0.20540962790462203
0.06003157481928589
0.0022311620706041424
1.0716064039728668
0.0020080458635440834
0.009560642269276443
0.3814785476803877
0.009294177509122648
1.0
0.15670654843481646
0.2619525239040881
0.11132877062314606
0.23575727151367953
0.24467955937453123
0.22228390105474638
0.2181924781297817
0.20005551094927165
4.9218808384488e-06
0.0823045559335931
0.02710507134971607
1.503335651698908
0.6469979134709831
0.21278254584505518
0.024164934377356673
0.16782815173814214
0.3513935865980393
0.1510453365643265
0.09136690412094772
0.29911481190916156
0.08645878950646058
0.29479512554899756
1.3502390470426988
0.08418554098599706
0.10729242311071374
0.26531561299409745
0.19087182259608682
0.05445233813077266
0.0027633055041178523
0.02166610039676975
1.0
0.00040341179576763864
0.007305895085271352
0.0912649140495585
0.23664950029976506
0.26244554463748004
0.1800494676662605
4.42969275460392e-06
0.01297185220566277
0.03446349164905271
0.12943239927075112
0.01013890789062799
0.14507749331998454
0.2866419449498032
0.13056974398798715
0.1121416948997691
0.24982820945652584
0.12040797697686756
0.4246945467045222
0.00021108892434007487
0.19953335133826755
0.5763625466547087
0.17958001620444008
0.3668686737114637
0.08568842742286886
0.312190748731215
0.23922910473353642
0.254205936940358
0.04117171786939444
0.22878534324632227
0.05993308040708634
0.029032305906134148
0.2636053222788508
0.20590680892169022
0.16204407793035913
0.14215832466221423
0.14583967013732324
0.11335852518226064
0.13125570312359103
3.9867234791213235e-06
0.00896884841165857
0.09141307162767731
0.19010168861187893
0.0366897408323581
0.12872693907916855
0.12591034635544496
0.21280459081318703
0.06589772460872823
0.3822462009265024
0.038101316786178785
0.19830888195514262
0.33875064908260377
0.10833865955370303
0.3312551165593325
0.2578354709431352
0.2292300731486483
0.11812973413888406
3.588051131209191e-06
0.6261175303977531
0.0073314329790257204
0.0180739025570702
1.3747153765991982
0.01626651230136389
0.12117202421597639
0.045893460657037366
0.40072697436392346
0.4008218808110513
0.17934983989962916
0.041304114591333985
0.12844527980679743
1.7660787842331374
0.18493435927099533
0.021083332055205517
0.3478317125124697
0.2674631134967651
0.3130485412612227
0.05412207330307517
0.21235305866788856
0.31570945012971485
0.13063030525426544
0.3239131519977132
0.1518086142555255
0.2915218367979415
2.0260150040066778
2.402134585621238
0.1657799365097672
0.059768152717479595
2.063626962168134
0.2181200392476721
0.10631640191988234
3.229246018143783e-06
0.0031642481952793844
0.0025226586496280845
0.11777457931921376
0.05001823111287962
0.009621274571497196
0.6524650272333776
0.9830328051974249
0.9922542398732865
1.0087647502081722
1.0
0.9606321584534854
0.6543943127900125
0.4069997254409756
1.8207895148089008
2.044298841212248
0.2871558944654069
0.06994517183955651
0.5196768199843333
0.06295065465560157
0.2226886978140712
0.29720153564217
0.47793063093575583
0.26748138207795336
0.18508758888015286
0.03327683363696643
1.7279238456975605
0.31872576193699054
1.0
0.6857511317059357
0.20693967551489312
1.933547511254201
2.9063214163072004e-06
0.002595557510790769
0.009507065147253968
0.11099894449858283
0.04405428054444016
0.04137987850393543
0.8451099365406005
0.8568925884879466
0.9032854070974228
1.0000000000000018
0.926974040950217
1.0000000000000018
0.8939662485651265
1.0971625006524395
0.954457160429877
1.0985964248215172
1.0078882751873568
1.0000000000000018
0.9300083738871407
0.6296548540551079
0.5483787043777681
0.17824431091613313
1.0
0.28025850009545117
0.27172988766838024
0.07892445897144817
0.2568881198046764
0.2592420027581728
0.16325114662844076
0.08066856223679153
0.6378699860868311
0.007109043162016437
0.2890388992965709
2.6156892747319915e-06
0.0032867082744374443
0.019656253082388275
0.10430447810316679
0.03551086463960118
0.05590701128964781
0.16544656476235708
0.15218307641597129
0.2794056388527437
0.25244934479868775
0.09672082505477064
0.25712350810002604
0.24964291714519948
0.13885917574191797
0.008814707404429356
0.5733720831619458
0.02250575108384245
0.26013474779798607
2.3541203472143835e-06
0.004923662755231817
0.02812107558446897
0.09742511675680987
0.34280470873998325
1.691475762134015
0.026369077046673794
0.03377165368444679
0.16412021592771708
0.16490533265964835
0.2767100094473385
0.23687649282429568
0.11276109335929618
0.256375449004544
0.2385645430048715
2.092251127575194
2.1429027478027205
2.0469635860467923
0.04626865075525677
0.23412103760615288
2.1187083124596384e-06
0.007243404038156598
0.035051479701703414
0.09031951278579342
0.020355003973563157
0.013982466723231113
0.1641987276009118
0.17608580033841648
0.272726657785034
0.22446495287779555
0.12712252892382203
0.2545943584045762
0.005482975946863533
0.11902662540453068
1.928612473022448
0.7276086736343403
0.06505388944034607
0.15263135686141194
0.05854850049631155
0.21070872197470658
1.9068374812469813e-06
1.0
0.010024211604509503
0.7701108313172043
1.2438372252548717
0.21447418782715744
0.35232358931391516
0.016921256903884796
0.003835652709181403
0.16538743487466334
0.1857498860830784
0.26790048729430893
1.91785570924249
1.5801388181105942
0.22968322015880638
0.016837340892630337
0.0857372844381672
0.32462000249348044
0.6672080452645721
0.07376452264415079
0.18963765909348784
1.7161537331222831e-06
0.026373684910733886
0.1577944101130484
0.3187833560729132
0.015612696484414101
0.019990830925728176
0.16742367999550467
0.19396494620420235
0.049324867640628156
1.7260701383182404
0.320851915698837
0.20839863223218913
0.006579878359548985
0.5345206718607063
0.29112689775460154
0.18821675684492511
0.005921890523593376
0.044701555745002786
0.3588788067705897
0.6078636930025301
0.04253526863225687
0.5470773237022772
0.08535183628908438
0.17067372156876592
1.544538359765646e-06
0.038528086685218454
1.0
0.11013663349445224
0.2884662901140622
0.016050509928547285
1.7677128657187815
0.17007780661637462
0.17950093834784475
0.04027201542751335
0.7313496360107514
1.2689369192870323
0.02152562834017857
1.9806269344938396
0.24103083351818455
1.0
0.17722987414955504
1.7269614583305408
0.44573468750251344
0.049283434868106824
0.004653584993382864
0.9653882572116856
1.0120964640762544
0.04482044988063549
1.131150568509483
0.04454548159113614
0.000367518892335994
0.04757437317539903
0.11951936819169173
0.5009047749609579
0.09388402481705294
0.15360619495805317
1.390084523822388e-06
0.4661390319818288
0.046676612111888005
0.07027634113360293
0.2612247120955118
0.16232582763618453
0.22851318306622304
0.17102011978952092
0.023263461229342752
0.24055235369839423
0.020937115106407944
2.7625657665650376
0.13742824091501937
0.27646659975890664
1.243452125237276
0.9974819247510265
0.9814613206427492
0.9653784146442153
1.0
1.0
1.0370903231257014
1.0
1.0
0.9979356376368571
1.0213120538873142
1.036411827073442
1.0
0.9953290453102532
1.0
1.000709976993523
0.9872244788095088
0.932505100328445
1.0
1.0
0.9191487438818928
0.9070227692290587
0.9298120682073883
0.9751483748966265
1.0785777747398377
1.0609071048210321
0.9903739283191317
1.0979418093476667
0.8679688731534494
0.9666261696600991
0.9398506213698461
1.0
0.7153991276111107
0.1243438064592226
1.0846311373433064
1.0
0.9281562535501937
1.177162569760437
0.32842826303666506
0.16998727021279159
0.0008595458967359804
1.8818847933398102
0.4885755052601075
0.46020269994656626
0.09985624183115283
0.1382454364537955
1.2510760714068425e-06
0.10729032431240526
1.0
0.6154242234610265
1.0
0.9151723112578942
0.8236550801321059
1.9739037859415447
0.05146085311424997
0.21886965812234394
0.1232419265659459
0.2227638767385507
0.1494980501769927
1.7814091701608046
0.39256808201917615
1.0
1.6425250613466424
1.7963070651359576
0.28085232743771726
0.18460118629693056
0.9899743462378172
1.0
1.0
1.014875416670872
0.04795168825052265
0.7840115451121843
0.15307449778118531
0.1874148880269182
0.23270251036654788
0.4857382247287534
0.4241680541350261
0.10369516129341694
0.1244207677008089
1.1259684642439538e-06
0.04903658501405772
0.015239269998456706
0.1846584996535121
0.08864134623549447
0.21543729408239543
0.061018146370431126
1.3749711727780252
1.1583775256383309
1.1223150601934044
1.1688435978568563
1.0878792553505523
0.8626285900792396
1.0
1.0
0.8515568466757166
0.6488747146570191
1.0
1.3533118080640545
1.0
1.126967913959751
1.0880754399224983
1.1005669338412662
1.0742834893747553
0.9399309073378923
1.0
1.024342567157987
1.0895256098581
1.0070994476686188
1.0
1.1184263599526059
0.9999999999999982
1.0
0.9252026966446696
1.0177469111600779
1.0
0.9502160248523523
1.7150863511471837
1.4782725552119782
1.0
1.0
0.25457079838563956
0.8020468749280631
0.8085930166572961
1.2523711631244723
1.2218782034298101
0.2611958574467028
1.0
1.3294027658677994
0.48603743130096255
0.3278916135323975
0.4801578844736767
0.2951024521791581
0.1190255592003755
0.14540314818757416
0.44846494469521936
0.1308628333688162
0.2580060818027681
0.47958120766938084
2.2315170270435143
0.10576772193415618
0.11197857833388136
1.0133716178417629e-06
0.045656853512497264
0.004750506966740176
0.15732851506460932
1.6285444165512395
0.5343100251038848
0.10462095945142025
0.04831565400210991
0.6975295329256461
1.334503006154069
0.33755542006417016
0.01145154952218519
0.061818557268924934
1.0
1.22159531937473
0.7839872431913157
1.0
1.3304452996907798
1.6421334384609256
0.4217158266568646
1.0
0.7533112738172569
1.0
1.138360868394674
1.0341970630874613
0.9999999999999982
1.0000000000000018
0.8702137144312658
1.256985241278425
0.9725928028996886
0.981861741639225
1.0000000000000018
0.9999999999999982
0.9112943899624959
0.8673363865879296
0.9652473345398782
1.238169684579205
1.1862300649652298
0.9905102404571391
0.764813434872206
0.8548764753332261
0.32816522838874995
0.6944515800576987
0.29534870554987513
1.0
1.0
0.42712315159659653
0.4997330947420213
0.2774947628812807
1.8010162004247867
0.09197594185165592
0.28016359438942917
2.555789051814397
0.2521472349504865
0.20847138419809141
0.6258492397486322
0.10638880757412839
0.10078061916333159
9.120344560686888e-07
0.1256092810796403
0.10240043508687435
0.010796682151834602
0.30058602025088277
0.009717013936651142
0.1001355838587088
0.004124538843072401
0.24257326460921114
0.262862991131696
0.43438414591113883
0.4775092615559462
0.06964366655067522
0.25040043098201004
0.029547264732498135
0.24777964987524648
0.25020916975314567
0.573903196531182
0.10582798873304844
0.09070246604355314
8.208310104951266e-07
0.4336621338474913
0.040616117464573165
1.5676227756794212
0.03655450571811514
0.017956938167674963
1.4023157490560045
0.09010902196933657
0.0012682458428869836
1.539596631737517
0.010058742554939215
0.9388084713998008
0.8326824269802025
1.0075037128407374
1.0608482311710699
1.0110824317488394
1.0063895029017544
0.9999999999999982
0.8757039941070826
0.7063186749487738
1.0
0.6807511352928692
0.280015106609639
1.6062424070312922
1.6997911032463104
0.08771934299380924
0.2224056614105585
0.0018145732717229635
2.0763551263257165
0.28257857243094886
0.5270956757513687
0.18105013554228133
0.4743861081762315
2.2206767017365205
0.08163213735609665
7.38747909401205e-07
0.031103361329535062
0.01628806893519652
0.024490688628315382
1.8827497009814635
0.15774186015735125
1.7598420783223432
1.5035182242031553
1.0
0.7794387619152658
0.15036917305232222
0.24348826827540293
0.5900142046086927
0.21913944144786157
1.6967518565232815
0.41923503449157806
1.0
1.0
0.1501358184056656
0.1640281283741558
0.11152602522075306
0.5300311392007302
1.5229719747193418
1.0
1.4456181663281633
0.2451076275789692
0.1971172520928839
0.03524463508574982
0.8112213957060295
0.3591460735658192
0.1011879748354847
0.19998363794232965
0.20926862857712258
0.4839159717387034
0.35446889358061373
0.20487982718495612
0.3345463203733612
0.03206366360020496
0.23087171552417107
0.21784647650379796
0.30109168833602507
0.07346884974569567
0.03689225616193026
0.06612196477112597
6.648731184499823e-07
0.0937974072660559
0.06373895818862962
0.08906948477476462
0.04256389349131595
0.5048424506539071
0.03830750414218542
0.12784100454006264
0.7332805023905706
0.9718582560637063
0.9836755674753004
1.0
0.8771274813831234
0.8798409976173271
1.0
1.046745657652579
1.0
0.9989899073482267
2.950627880452254
0.2887699104865984
0.20737153987606405
1.0
1.0
2.4780463171234715
0.5739036044869348
0.625592544162977
0.1110675411461699
0.15905841129038478
0.13995016854554088
0.4709712639228947
0.3612946345914274
0.22617099768702076
0.2849416009541046
0.0595097018067019
5.983858065716774e-07
0.026364218303061904
0.01173367260386371
1.2466993761346075
0.04845811389228771
1.70223477031929
1.5494725448257007
0.07705833222501823
0.2391557654503309
0.12462534002367498
0.5790724984545399
0.5741400438612967
0.11586662816059068
0.12915755330679168
0.07885802529869679
0.46000360098974813
0.34778227090098657
0.23204805801372874
0.26239841103936445
0.05355867178745077
0.015283996709209546
0.04820280460870574
5.385472259256119e-07
0.024901163733140663
0.18078378237540704
0.01614924704899323
2.6295475677361217
0.3179518819738476
1.4422347213000961
1.0
0.5608619881668417
1.3945252903431289
0.04543692245747977
0.3909526179170655
0.040893230211732856
0.2027776549029312
0.17007005586676271
0.5785792529952154
0.5283127022912257
0.11719572067521078
0.1083559954462423
2.335390706661089
0.44878146798087215
0.055086844156365444
0.40390332118278494
0.3362088496122606
0.23508309331629196
0.24633471757504344
0.04338247029311271
4.846925033552552e-07
0.031408173809378326
0.07001999192871011
0.4303801659064703
1.3634498665825205
0.6442283183844708
0.35799948618828026
0.02539000535757907
0.7274813500547257
0.7039251046562391
1.3245475188417775
1.0558716512288484
1.0105529365740225
0.9999999999999982
1.0057505526115804
0.9295150565314145
0.877398833006545
1.0107140865792115
0.9999999999999982
1.0
1.0828186051852544
1.0
1.0159217450776818
0.9111127122363438
1.1405365878624103
0.8595138871039794
1.0000000000000018
0.9377349549769622
0.8884223898944068
1.0259022456026532
0.16549288382596217
0.21092097557960798
0.5735525979248166
0.4872010041296253
0.11631174815231304
1.7278507494201403
0.2938356869126224
0.39713387402573286
0.12968187926158237
0.35742048662315984
0.32609627398266383
0.23620825574216742
0.22603949284685054
0.03904417479455091
4.362232530752408e-07
0.021265357235570548
0.0199799761451942
0.3592203856639884
0.3247385381052119
0.0025621472180858973
0.34548524729023455
1.6890632774387875
0.1278514978854055
0.24718413781412885
0.5649174385452973
0.4119411110639728
0.5084256946907679
0.4501120785318946
0.06810450160493353
0.06614996886878544
0.3399075542862491
0.3542880653591105
0.31710747215861357
0.2351913794526368
2.1609378883153236
1.9993073479313486
3.926009277677167e-07
0.07319795933135964
0.1282260992337676
0.1263629758846463
0.19927744761240263
1.0
1.0
0.15381524545906444
0.09034793431545296
0.329800037356323
0.5025943330748799
0.3982904205182116
0.05467905455756217
0.09352572741053322
0.34134560539353487
0.3505700060390602
2.227912352533309
0.005121117279978549
0.5317070981413465
0.057779715366114814
0.47853638832721224
0.004421547324159114
0.2235030150800177
0.2350704092258129
3.5334083503535396e-07
0.01714082389749194
0.8264834675183614
1.728355532459787
0.176956626431231
0.0937989335349414
0.11855592161366602
0.1293989274816134
0.048333137148274474
0.3470794669281787
0.4921639418192125
0.3529934730106348
0.03985857636075352
1.5710332441060562
0.34226804545808776
2.222941547137556
0.43024059476207555
0.01837090891625781
0.2246597544945974
0.2115633329691482
0.15596001264229065
0.1904069996722333
0.1213233114108383
0.17136629970501005
3.1800675148740964e-07
0.5702657414858905
0.16864085714160026
0.0725634480200803
0.11964022220045933
0.11162572101862267
0.008791876740628979
0.36158791441728333
1.7795713970009128
0.31370826807349594
0.1929760431352836
0.3096378441652483
0.08574708619852522
0.24216203381988066
0.07717237757867323
0.4590643330186417
2.1428794421384323
0.03899979347409133
0.25952744227977664
1.9079456497007459
2.8620607639417983e-07
0.07870077332160008
1.9500706787895083
0.07083069598943936
0.14467602505435906
0.05334308099802598
0.11883877208227744
0.6210221999109535
0.10695489487405041
0.09958396124269697
1.379583654931679
0.14747198327546407
0.6875748614457926
0.26303983695261834
0.14271465440523023
0.29496600612644386
0.11536157312266937
0.19886995550293385
0.6072415497387462
0.06105255835466039
0.04278013308172435
0.3450241742833009
2.575854687325574e-07
0.8130278932326114
0.1355427306487229
0.02542940620259415
1.4517755095675469
0.06982302676183494
0.6843901427524077
0.9626565302190695
0.8027207796180278
0.9406525699136399
1.0
1.0484845662860351
1.0
1.0000000000000018
0.8821634904210978
0.5112079609387283
0.2014822710924964
0.6451213589964766
0.2224643878168333
0.09894658835206371
0.2770055628260675
0.12371241136069422
0.24957046664409788
0.11134117022462497
0.23970711492651464
0.5526226506003384
2.3574395413854035
2.019891133977403
0.3105217310964241
2.318269218815061e-07
1.0
0.011041164311816232
0.1669103649495085
0.1680640165390912
0.25837765514385325
0.046852404452060625
0.8735624983935786
0.9200519159790979
1.0
1.164885012428213
0.6566867112396366
0.7519912705809695
0.4399389377356062
0.7435634528978667
0.8486617239057797
0.9034348878730949
1.0776431078348327
1.1143800455362989
0.9999999999999982
1.0981133240467287
0.20109989330512512
0.2458461798828946
0.6028556618785128
0.19032329019994343
0.06135137323425077
0.2728103647019928
0.12417776469481367
0.24816531347163284
0.11175998822533195
0.2709986684938963
0.26161643140176505
0.09298015656816627
0.3060458237092645
0.2794695348040894
0.18934737125094703
0.25152258132368055
2.0864422967115104e-07
0.026628084375584393
0.16702573010846677
0.12541984937079675
0.23722513007467327
0.03989035416561393
0.2055745219629017
0.6433509237449009
0.18501706976661225
1.6300187674586937
0.5616024247106566
0.16515582385652472
0.027935199440626945
0.26912310352380864
0.12768385625218848
0.2700604447846837
2.070739561098673
2.13099360290368
0.3285404529511151
0.22637030232688948
1.8777980670403593e-07
0.03680940178643155
1.0
1.4942086977100857
0.03360064906360094
0.9166706740125043
0.3201150398836887
0.2095135816506435
0.0031578404238992164
1.4394858756062519
0.5007092472993921
0.5219577646252436
0.14584672152680866
0.0017706308558178563
0.3355480409357465
0.001593567770235893
0.25497917879664556
0.14192151510543916
0.03598044419634849
0.23872739973790402
0.3602401288677557
0.31832343788869233
0.20373325331621994
1.690018260891435e-07
0.033626843863867606
0.16286514203470048
0.06820399326118576
0.5429222017986746
0.06138359393506576
0.18887800752796835
0.07227895038457888
0.6465481103751127
0.9176920046318173
1.1670460238741551
1.072733225279599
1.0960169881772899
0.9155148607255299
1.175407034254082
0.8541390403025133
0.8907345069206158
0.9243034341789294
0.8699310276676915
0.8292920294011079
1.1539712453545796
0.7463628264609969
0.9999999999999982
0.8890618312464245
0.9999999999999982
1.3092117809833042
1.0684180854018592
0.601562356136256
0.7126498181039889
1.1259289001501127
1.1327702622272007
1.0433785697392768
0.9999999999999982
1.4138531186565295
0.6495210554860336
0.48429137798968824
0.5028340990319773
1.9035254644664885
0.13159846923673335
0.014689899338561574
0.1184386223130609
0.026932128872877215
0.24367341242752438
0.13132740801452947
0.05625513975050378
1.8875383449625964
0.3560484597698492
0.30686441943144516
0.18335991108441552
1.521016435024336e-07
0.48442848110055436
0.04655067368094734
0.15953738655085914
1.1580281126256047
0.16683854351472505
0.036357433788761995
0.4984040843911899
0.03272169040988615
0.16276231173671363
0.13387863614065765
0.2478164082378438
0.2621981426821307
0.6997029159170278
2.0250647716360106
1.700859332822139
0.23243881198622418
2.2746180588842186
0.13812420872080633
1.6987845104663366
1.9895231014770722
0.29451396859674217
0.16502390476580953
1.3689147915219024e-07
0.05784934496793781
0.15049156031563982
0.013173290195226173
0.1330982169489765
0.09570913170280448
0.24925458168227266
0.30594862000562095
0.4272261471617238
1.82255829447241
0.24193607170917986
0.018266875100820812
2.047156252995796
0.16881212189825856
1.0
0.12304736942924599
2.110742632486321
1.220338752329309
0.05476887267702768
0.368793929075772
0.5795337627433907
0.2815649622136487
0.0014873270587534293
0.2534084659922837
0.14852150060008085
0.05255948878414296
0.13366935054007256
1.23202331225869e-07
0.06711356650270872
0.13675973330359525
0.0014538605191916076
0.11021748208380089
0.0612127603642989
0.2549239855146084
0.31807637272123124
0.20224770299831007
0.34815795346858813
0.21591577702817943
0.22115581289031816
0.31422971606559
0.04085664645980014
1.0
1.528906059419703
0.575077729289645
0.2562867045070707
0.1203024031658324
1.1088209805887317e-07
0.07407818318279524
0.9057946736560822
0.012330222675654312
0.45177476569309505
1.0589091557145167
0.1570015222831529
1.6575927770633996
0.1413013700548369
0.011097200408087815
0.09307445783898771
0.029599085776411016
0.2612392242352719
0.3064935057489393
0.216838728045337
0.33493373582454744
0.17220861803632914
0.1676172599947261
0.2787210798130495
0.09411792593868284
1.103781764364081
1.656665717797309
0.01056509158834551
0.08617137831690247
0.2164533869648908
0.5431986268113871
0.24268827437294682
0.10827215176103921
9.979388826408808e-08
0.09398579033866028
0.12436385012899365
1.812156487184815
0.08080710347744713
0.5460066467409028
0.40548756908297534
0.02737563649892394
0.07272639312970242
1.538325770525443
0.26576465238663793
0.29752802797857925
1.8677744674320813
0.3186612240457247
0.13822603023322344
0.12298342601394907
0.2414371792378791
0.12735918921995193
1.0
1.0020207257593627
0.0991995791817013
2.2853387509144687
2.3045275463610855
0.768835111849473
0.5131475915675434
0.22924666211175593
0.09744492660554638
8.981449939327035e-08
0.05698085622281823
1.273449847878421
0.0721508262918924
0.0489076348660582
1.704940848984819
0.04401687137945132
1.0
1.0
1.0
0.0017801317374157577
0.023460238769597908
1.0
1.0
1.0
1.0
0.1798937875159652
0.2689409899458326
0.08099777843751177
0.27550452989663476
0.07289800059376006
0.44729179797104024
0.3006177046644751
0.22946047317449647
0.27055593419802726
0.11210508460850477
0.08654136548876501
0.20455754239209334
0.11600848205208081
0.13816585512936186
0.1044076338468729
0.7432663598212796
0.48475749862196515
2.099501605051284
0.11044855545384458
0.42601664906626313
0.08770042496354202
8.083304947614778e-08
0.853372003074913
0.1233239493586531
0.03425673603896229
0.07273546836117362
0.18879850775895335
0.5786375769996077
0.4890608657130002
1.5598452208582998
0.1699186569830573
0.257436468854376
0.11033738033148843
0.45967998206018734
0.25471084923907483
0.09224043959877726
0.05743147470067811
1.946335179447079
0.01964023448005836
0.7174154737013483
2.060142312232758
1.9431979649981663
2.007435385797874
0.19330815278191338
0.25112183150165013
0.3857612845760201
0.2796739129636703
0.14600994620735497
0.2517065216673031
7.274974456183969e-08
0.0556432930381483
0.07875864740068295
0.16251416360866244
0.1263943170349755
0.17867043817019024
0.48591490978432006
0.16080339435317015
0.2427265600020867
1.7703694611855525
0.43918306877807645
0.23846380827504454
0.07727324816883296
0.2152442569644144
1.0
0.35472967105969033
0.054065336338082304
0.4396596951079381
0.31920381634232786
1.812566480106117
0.22653586222559818
6.547477005014457e-08
0.0579548284744007
1.0093506624071225
1.6550601658400232
0.14770226858381363
0.16899571091806465
0.04141695788332278
0.3662268935007216
0.4191111427277736
0.22234475226442285
0.04802149765550823
0.35943392375622096
0.043219347889957405
0.18932445237290807
0.32466323758752935
0.09262477221506771
0.12208504559380451
1.8901234589655758
1.873385872161844
0.17233512602106416
3.058383588664779
0.9999999999999996
2.4149515167495066
0.08879327409537652
0.6042334338146875
0.20388226945556132
5.8927293045130114e-08
0.07387306166728536
1.0
1.4095496844990087
1.0
0.12188905224908098
0.02385292699354835
0.10501734792500272
0.14983161281723767
0.15623783561458993
0.07389795144506195
0.3715153184234268
0.39943450368143907
0.20923436159252695
0.019964967863671745
0.1379256833768654
0.25277430831975956
0.15508161680093124
0.22749687748778413
0.11682376737205935
1.894858609365146
1.0
1.0104363090075772
0.5079443448235876
0.9213145321509986
0.6410655344592069
0.14033729006730677
0.564198317378775
0.18349403661727592
0.04484708259004533
0.16514463295554815
5.30345637406171e-08
0.11208543972352913
1.0844801068689094
0.07953245185078117
0.1504722350969736
0.14800384719763926
0.10365968814289772
0.3743072369492282
0.38041448947254786
1.9130165446998646
0.004175902739618209
0.22349118759464126
0.7149051140889675
0.04893423291759369
2.983634071222369
1.0
0.14914260711985516
0.590992710020017
0.1827233927984544
0.5426423525981798
0.1486301643565371
4.773110739986208e-08
0.1223096565036883
0.02395022334813035
1.0
1.0
1.0
1.0
1.0939794261684028
0.14931012702995616
0.07668331268950368
0.15022539630703946
2.104936719819758
1.6868169537384468
0.14356943129216404
0.13072444302353148
0.37491796220155926
1.9355085191579775
0.3820266669635899
0.01859080629380827
0.2386456989335315
1.0
0.2688200482214711
0.1933276174098717
0.5501657782978606
0.13573031277663183
0.49514920046807465
0.2187152887784265
1.8024172424746698
0.1337671431477725
4.2957996715387026e-08
0.531534004652606
1.0
0.12740472589112883
0.1267107830580123
0.05445632896362085
1.9509893039327402
0.0791985414262264
0.3182414951793966
0.1422849324653015
0.1551437949413348
0.14387531406560505
0.3828249046674639
1.7599175569262364
0.04059629555778166
0.1924961639199747
0.5577190175843132
0.1732465475279774
0.2612708051403114
0.2785263535454776
0.46750580929911045
0.016602035653116687
0.6968595723362596
0.12039042453719562
3.86621969994394e-08
0.11811686806382227
1.0
0.12740519179119758
0.0394545377656641
0.30064583890798957
0.14357081871290234
0.154016946853762
0.1677702731257913
0.16855065850809403
0.5138970457746961
0.07311093714679906
0.12979481226114764
0.2629963599808285
0.29742429912084045
1.9741082194777482
0.2233026024700253
0.6198262538822856
0.08462778932143067
0.6392126575563535
0.10835137821725604
3.479597732169992e-08
0.7680348027674206
0.5397180449443937
0.5274627432617862
0.9879124135855193
0.9384129850629002
0.5559215971119507
1.0
0.6309568992999672
0.28493833688848014
0.14461543152699363
0.15539227948096546
0.16784831166402014
0.20308529723475388
0.4551962474825473
0.07877932465823356
0.09051569503695056
0.2664391538948294
0.1322536726492105
0.5663064074262003
0.14008627614492308
0.5861265296224438
0.18560460582129146
1.8329558547608373
2.02726599999039
3.131637960063216e-08
0.1282641639805533
0.11861012638864565
1.4799115397094198
0.37589118224186535
2.56666684783999
0.1693515781865429
1.0
1.0
1.3695095039626644
0.27090604635233007
0.14569311632239135
0.1566378826992718
0.17137201022109316
0.22829639225953358
0.4017986902684676
0.07995296169610455
0.05482021014377203
0.25302060577026886
0.17565894612690958
2.2581674228691
0.1580930515142187
0.5236843942980727
0.0013947160165912464
0.5080828621372442
0.30024283378333383
2.8184741651671175e-08
0.1442339180400154
0.25241642036789
1.0
1.0692017111511305
0.06852539641512223
0.09271796716632963
0.3489132333909133
0.08344617044969738
0.2583847533493362
0.14678759296007726
0.28726720766956504
0.1321088336640699
0.15811129545145342
0.17706444842493774
0.24564662206042698
0.35362352507200967
0.07743968654087041
0.024036128552367586
0.2610937449573534
0.19465218579260402
0.471455426469924
0.052063530628656984
0.48729885930185324
0.2702185475865264
2.5366267530912978e-08
0.6420940519584164
0.044056443012010504
0.049263078069795796
1.6614469054323528
0.134709079842807
0.16000661074880185
0.18392266578848648
0.2564443123615856
0.310517203910722
0.07209933074202013
0.004476858798604155
0.25444958904087756
0.22233250986033593
0.42951623688579676
0.09558706349597657
0.4655908281303205
0.24319669029124702
2.282964073341276e-08
1.0
0.09852551504783236
0.14856358236504974
0.20327507285914947
1.3032894117018508
1.0
1.5736866612647802
1.6610283405428454
1.0
0.5266620521638004
1.3782471365821394
0.47399584694742103
1.0
0.5932865765816295
0.6525829862541883
0.44005151920433505
0.13723883293340577
0.16239821625276996
1.843214558503485
0.2618516015164989
0.2722555504454469
0.06444171178795699
0.02947413182283043
0.2512378811228242
2.1070689796698607
0.396123319546815
0.13258743995941114
0.443351414346413
0.21887701897915823
0.07220709094462219
0.19698931708124245
2.0546676693378174e-08
0.08694132384263398
1.0
0.15403473141446256
0.859681477984342
0.1386312582730156
0.14614880159970056
0.4097702505772425
1.781865187741424
0.03816306122285518
0.401681446447796
0.26289199640939387
0.23858582422210617
0.05505012742687754
0.05165050675282856
0.015407195043556143
0.4933701124845493
0.36976973158807436
0.1636638373981114
0.4406029065178121
2.5837001083385145
0.3965426158660308
0.17729038331845026
1.8492009035142587e-08
0.03585587395353329
0.1393830126056841
0.09055689638200448
0.19060670674537405
0.3141249839171998
0.00582138954420941
0.38780250144395545
0.26215850255768913
0.34902225129956044
0.2604613791906658
0.20922222905720744
0.04438006400890693
0.04802617558190114
0.06320348678765697
0.4810100743949022
0.3491591421690776
0.2310120058966847
0.3746173926112726
2.325330097504663
0.3371556533501452
0.15956134313740433
1.6642808131628328e-08
0.45732153152689037
0.03201890685108921
1.2834345155398132
0.028817016165980647
0.5999099966204859
1.0
0.4895714963938467
0.5410007797425926
1.0
1.0
2.049550391918949
0.20295853446255663
1.6350911673590005
0.0789217258641397
0.3401661640886715
0.2553374641773196
0.18386199975059547
0.035139440049825055
0.04954390670247655
0.10498414554838043
0.4678249811723205
0.3373444285418383
0.27908810990315747
0.3275053319365355
0.25117929891284163
0.3193962223288711
0.1436052071593834
1.4978527307363265e-08
0.8477906376307658
0.13450040098331328
0.8149647973721095
1.1953634001247906
0.06982438405159641
0.009273586180256643
0.042144682623010965
0.01915356428040127
1.4715820506231019
0.10504616968659164
0.3316832940975374
0.24818991773464738
0.1619618557705529
0.026671105374594717
0.05508793058706729
0.1412682291107732
0.05420812710945455
0.12714140619969605
0.45477692590927177
0.3566367265692545
0.25800099125444476
0.30181712081192247
0.12924468494559238
1.3480674576626939e-08
0.06376930426446137
1.4354747220690314
0.05739237383801665
0.012560695824532786
0.03601485793267045
0.022829617847083483
1.0
1.0
1.0
1.0
0.6123587358331832
0.12770988212768764
0.32333395646124785
0.2395671115382374
1.8940178184090506
0.01849520177842834
0.07642010105940678
0.15990495817065487
0.4449629059752702
0.13055658169650464
0.4004666153777432
0.34677315303777334
0.26238260421019266
0.2845598772252895
0.11632021510296586
1.2132607141168705e-08
0.05290920603667004
0.014906112035347974
0.03469633392410998
0.38257649943583516
0.031226700531700402
0.0664011618419238
0.5638938504626338
0.14727228956104454
0.31495727196894663
0.07002635851032402
0.2834615447720523
0.026208618543508422
1.7046160365681455
0.009003671494646426
0.084768586770533
0.22845741448889
0.3950972691437462
0.33833409815501536
0.26460033151170226
0.2677359110130575
0.1046881923794083
1.0919346427051835e-08
0.04910889663653961
0.020007804277391017
0.03474414666272452
0.0033716606114673198
0.5222316943724756
0.19238694227903963
0.25773625214919704
0.14687384696765626
0.5002120578264524
0.0003735543318708068
0.09913746954236835
0.24512139995437643
0.3894209520448735
0.33096072149068334
0.26491388946183747
2.6032384562330937
0.09421937204953279
9.827411773244421e-09
0.04619878740062333
0.021481438515923656
1.6995936481757177
0.13893303305240323
0.031606898057599864
0.049188674886927686
0.48924721916313274
1.7073877156078208
0.2172752422375126
0.08216525648824557
0.45022820747699477
0.010249945852919495
0.11373586258356916
0.25955135516342587
0.05323033899919416
0.2335962196470831
0.38357492898945456
0.3243560382877986
0.021901345107655068
0.5211769219779554
0.08479743386183825
8.844670551511058e-09
0.043727052512153364
0.02190059711525194
0.9965172697848033
1.0
0.5869007017683359
1.0
1.4163179951383036
0.9835558580880992
1.645923375982548
0.09319452931454819
0.26958372568603295
0.3913881690505878
0.18733119236493678
0.028925910091722074
0.4062303813145878
0.020598537525984284
0.15167703380626385
0.47278859877731705
0.3830073722158822
0.03370638715401242
0.3413359962788931
0.03033574843861153
0.1365093304256373
0.24859409058132087
0.3776530399192888
2.3750522656118385
0.032406481600906645
0.47753897316634353
2.0556852330534214
7.960203496359952e-09
0.041544406972462866
1.3201929070380416
0.06968411335540736
1.4225977438774322
0.9726309250985814
0.569833780781515
1.0
1.0
1.0
1.354165936142536
1.0
1.0497926098775423
0.1503844497665625
0.11083344895169844
0.28176417002248755
0.3709824713820229
0.1657054821192716
0.014589719048908378
0.3740714104949898
0.04095310663731411
0.14771780644120547
0.2614999855151172
0.10238250936617632
0.5304761746695279
0.1905946565176082
0.4774285572025754
2.4259130239273077
0.2242165525443669
0.28188621210050924
7.164183135621727e-09
0.04638866418884291
1.0
0.5865260409499342
1.4721265631450606
0.5688718505695967
0.6103878729837042
0.6343977305115374
1.8828530026706396
1.6376176937013796
0.29068600015844126
0.3504547724557483
0.3520685146641256
0.31540929521017347
0.15059390581223475
0.05053788819351723
0.34075958010922136
0.05162957661770484
2.3480617298752655
0.04646661895593418
0.15909602434859593
2.122276334673627
0.08995129879373565
0.4578158713675844
0.1929347316167691
0.18709439908958725
0.34193268840461677
0.22998351849998144
0.2536975901740399
6.447764766548403e-09
0.05825020223004174
1.1116698285884077
0.05242518200703827
1.0
0.5243792078064864
1.0
1.0
0.6021820554435813
1.4429933998578974
0.5525706531921308
0.6077874804621999
1.0
1.0
1.3187493425282852
1.0
1.2986940598721084
2.310699578124982
0.13549453778677645
0.017332419685061495
1.473855924331243
0.3282038069091904
0.2989277562703787
2.0631866392862275
0.14313202464239438
0.3469069679789847
2.0266095542318734
0.31649324165566384
0.05772955949520053
0.049684762648999126
0.05195660354567977
0.023259624416867908
0.3835033852197256
0.02093366197518165
0.43132775739250384
0.1923506983640504
0.20257822802109082
0.33073777141415306
2.4882062072286493
0.22832783051185945
5.802988312098023e-09
0.08666485414173053
0.12367832597660566
0.7455793168866478
0.11131049337894439
1.4946362413924454
1.631337321341661
1.2107295145539574
0.947964162793081
1.8119529237398844
0.21662535689206663
1.0565697317642488
0.6470087324159799
1.0
1.0
0.336162389728635
1.9579818073250053
1.0
1.700783486550229
0.025943944393688412
0.5009628635688017
0.32527620184530903
0.09740701351261727
0.10955531575789834
1.9361071808432175
0.0985997841821078
0.31387033697384226
0.2958125337941855
0.04234161455190666
0.024292479961587787
0.4074300514896585
0.19337345132975425
0.21539418236039687
0.2797847275332117
0.19385476412435754
0.04884337354987345
0.5040083294414379
2.060046554560543
0.45360749649729426
0.20549504688037468
0.05294262228524227
0.18494554219233716
5.222689503092681e-09
0.8110039685020354
0.34692002382217524
0.9826989151773802
0.2993921477987094
0.036575140346442936
0.4833941973964535
0.30248928301204003
0.10848182215535651
0.12012683946128178
0.3120645566558764
0.27046544186995725
0.17041828163446304
0.243418897682961
0.040536701092873884
0.031232794465053004
0.03648303098358596
1.6551828351008862
0.38602439147366674
0.21496100084525338
0.4017224432265678
0.19346490076072786
0.3808966889799823
0.17411841068465517
0.17935362506690922
0.1397206187887594
0.44729080575483593
0.16645098745083464
4.700420497272262e-09
1.0
0.10149725066311177
0.24598555414565126
0.08125704605144435
0.4653037059580143
0.5285635914095579
1.5242927677313993
0.2830885369263747
0.10964632388594886
0.13932061118074124
1.8865420881716588
0.22677898112231176
0.13268355562486178
0.26672695977185157
0.48366275243201784
0.24005426379466677
0.4056763835553632
1.717454148347871
0.3651087451998265
0.17464193212288048
2.289127093699017
0.17047763748536582
0.41920682392443576
1.987491292907599
4.230378491953957e-09
0.09897786013242182
0.5719412870258402
1.2201372757346078
0.21326129412593886
0.03276756473104214
0.5995114658279945
0.26574431562232803
0.11261375261542916
0.0632656587544993
0.5435786418749782
0.19083272744759405
0.06873707770572501
0.293127350290721
2.3361275659682867
0.07173497045930954
0.42135079755753235
0.19535055612927366
0.30602798611178095
0.17581550051634665
0.17853701224123242
0.3485550171034313
3.8073406649630215e-09
0.5184591069985807
0.11846866731260874
1.0463062271552594
0.4784600630299849
0.10662180058134751
1.0
1.2719228806369642
0.03046033832486117
0.566134750807425
0.25043125932164045
0.09502581147843614
2.1399162818868227
0.5083040504322387
0.16487574693226392
0.03255063490608201
0.030201858664820946
0.5725013234430296
2.370509557316808
0.4163323234663405
0.17608765168883522
0.195538812727452
0.31369951501235427
3.4266065540577983e-09
0.12376515603236982
0.5147471583232566
1.189824171817115
0.46327244249092914
1.0
1.0
0.6011250544513587
1.2750049535789003
1.0915615032939208
1.0
0.5169451982418387
1.0
1.0
0.5410125490062221
1.0
0.9746228577423999
0.08402777957311613
0.534564401658848
0.2348907145373218
0.1284683978580894
0.2622408045403528
0.4739612200822414
0.14513310874843022
0.026275385548991892
0.08443180514264093
0.27820023536704674
0.25625779442068986
0.39230785628859
0.1832134820603617
0.35307707065973126
0.17803276779269694
0.32841877950039056
2.2955769015503513
0.06601921139531619
0.38978718116846256
0.20735488295594218
0.28232956316845836
3.083945876447558e-09
0.21968115008178302
0.056570821332954324
0.12908144178168968
0.5045970329466947
0.40765574391764403
1.633109830474119
0.19855480329778175
0.08939747761824535
0.2834128460945422
0.44107840894885975
0.12799225931868818
0.015204666479828433
0.10380864816508151
0.27600599127240955
0.305170507673453
0.18960143179454292
0.27465345690610743
0.1449936683348385
0.2146992077537826
0.1304943015013551
0.37154395134721074
0.21485235097719357
0.254096606543218
2.7755513443139535e-09
0.008701870161910819
1.0
0.31222802143995665
0.07305613195018523
0.6373037930292149
0.16975957520617868
0.05211644524696801
0.2991794023799752
0.40976979398584135
0.11367256673883652
0.0033033350153370833
0.12102838247581538
0.306387788603125
0.2747369081991158
0.15459926648594102
0.22173864377713404
0.13913933983734683
0.3558747913102085
0.218776776533796
0.22868694561134117
2.497996254291479e-09
0.008761506910278882
1.2701023920230057
0.00788535621925135
0.23658951488418722
0.0670523971536987
0.5905493712469116
0.1475719731608649
0.016986860484275113
0.31023844154056235
0.38016007126114104
0.026426901986976503
1.9762157882117215
1.9678939753280904
0.009129836733778873
0.13956432308854616
0.30322270056272416
0.27663707801153237
0.1608128849846331
0.3421649898325674
0.21976779344155073
0.2058182508004074
2.248196628862331e-09
0.03075577208574387
0.2062253236803997
1.3847412751032238
0.5462516314383059
0.13111608979635037
0.015735669718209166
0.11960902569144771
0.3429762454233902
0.2996773577696068
0.022173285369254003
0.15593016083596467
0.300564138307605
0.26505465870884226
0.17894809546942714
0.3299252701934652
0.21837283917743644
0.18523642549554697
2.0233770214872493e-09
1.0133175848907179
1.139073510439971
1.0156136318294209
0.6673798754124931
0.10218293062063566
0.5047380772741121
1.8911130410941688
0.02612300531553302
0.14194574766464108
1.7424964627588952
2.241836926765181
0.33864635665801224
0.15324353040131022
0.3047817209922101
0.27192695052957205
0.17173499137480164
0.2447342554766152
0.03554897291592418
0.17039355858312888
0.29701319034772844
0.2564440023849004
0.1940458129418312
0.2668593927227443
0.174641231647648
0.31877002709186275
0.21505919780924732
0.16671278274365475
1.8210393193385244e-09
0.8530437343487947
0.2736996061009407
0.29363480605401904
0.2651529654372844
0.2758015687307136
1.7517785881423578
0.31130165242950625
0.18647841312607483
0.4162776733397191
0.05928100142263304
2.0533529012803715
0.32596966949360784
0.223815727220547
0.04903343148264305
0.18305552175958972
0.29295627155144643
0.26766830660535845
0.18905411119206939
0.30839894416360103
2.7946275541100234
0.15004150428718543
1.638935431813593e-09
1.0
0.037001646189668946
0.2733591343085706
1.7350477521327008
0.21696616488544507
0.11560876317810909
0.7537328524070972
0.21431263067407258
0.4449456929507427
0.2615236458739503
0.3315380946075326
0.27942318707561853
0.2983842851467795
0.612582163083145
0.3157542752663005
0.20633749764675713
0.06243564051033701
1.7168631100912783
0.29042747505683764
0.3942427208226551
0.26138472755115316
0.25980688706402955
0.35814141840307734
0.23382619835762686
0.20098859448922202
0.0019037056637616345
0.504691462142409
2.0022598246933985
1.4750418664277731e-09
0.005965568139846056
0.2753097423244171
0.8964733776796869
0.5435839546315044
0.5753174363562259
0.6108601809333081
0.14565882280659537
0.4266034882430638
0.17237904331112475
0.20728764032378777
0.5828993743014603
0.032434235109207066
0.5246094368713141
0.3048125975043465
1.9129272557970687
0.1154942345498231
0.42091312800870284
2.380956921495505
0.1428612293459537
0.5227052554877556
0.23054243797078655
0.18069936447392365
0.04875581111685534
0.25399633345882844
0.3352633360164088
1.3275376353760748e-09
0.0026014218269025946
0.1837086720790886
0.19120280497967812
0.40118104374986885
0.13441237494763314
0.07580799517413084
2.023270132088843
0.08303861217420483
0.3716906140578402
1.9539460157979427
0.1929966486070569
0.49348897373605816
0.22555813062110008
0.16750500913821664
0.06927986335105274
0.2621230337145861
0.3017370022820143
1.1947838274295464e-09
0.006680543513514436
1.0
0.14621752437320978
0.21220062885669577
0.6569283040989831
0.32015439010103464
1.7038737518224885
1.789963408640972
1.6903711395674748
0.4786659743892727
0.1015170949088553
0.7132606273609223
0.10773081838394738
0.6419345646248296
0.11190381236256819
0.2202921018962769
0.8339880271151046
1.0702543542804737
1.0
0.9530568851712182
1.6494450057326429
0.20424122984386095
1.1445614240955244
1.0
0.15284076814652892
0.22304588111995827
0.4666958894245603
0.21975281847281192
0.15768249455950034
0.08856418038740621
0.266084430571329
0.2715633019343342
3.0175964361480316
0.24440697174090098
1.0753054002776707e-09
0.7716281701782037
0.21576332908187368
0.11775157590868446
0.365895211187798
0.11319785535191684
0.04415413378060684
0.4365356730631724
0.039738720402546335
1.9672357199169284
0.12274264131593782
0.13238181769728818
0.15986127944387185
0.2101783810228106
0.1438751514994845
0.24741088195041705
0.4420015823293868
0.21354578608148067
0.15077066314229093
0.10631620540579867
0.3321650412262578
0.0956845848652188
0.29107301488171977
0.21996627445928008
9.677748602499037e-10
0.5769526258856068
0.16028323142273138
1.0
0.5108922829545044
1.0
1.0
0.5293795504699794
1.0
0.9223966779592523
0.14256593943659723
0.3406254756042095
0.11026735523504172
0.13597183493636145
1.0
0.797929325521892
0.12370655895407268
0.14951727902189482
0.15422872454457703
0.26686995198831376
0.41915600270459663
0.362979876779594
0.37724040243413626
0.2072682737875624
0.15589367585516278
0.11522342786686934
0.2839623408394756
0.19796964691657504
8.709973853271435e-10
0.19991738661955694
0.02361132183959569
0.16237189305335775
1.6041384453194425
0.08564343621790016
0.06756860758357597
0.7305070488651104
0.07664421463606352
0.6574563439786001
0.1262876309608547
1.8090227114846922
0.16549284728895053
0.3198225973033555
2.364405929345047
0.2021308139943221
0.15182665105633397
0.1320973191641297
0.2753630714471855
0.17817268213781756
7.838976134877385e-10
1.0
0.17756451577364274
0.03748737896097154
0.014279140783923339
0.486567851721027
0.07032223183775344
0.07798459245915268
1.996765841225404
0.20291074289713684
0.8040160567993659
0.06724340328369927
0.3474399794515257
0.18092582229039245
0.05139974463851438
2.3258422437232316
0.04625977017466276
0.6168968639034169
0.1896550228008831
0.5552071775130756
0.197100397700523
0.49529976226139105
0.17739035793047098
0.14985371786711355
0.1464238943924352
0.2656440325162488
0.160355413845646
7.055078743434251e-10
0.15605932630018415
0.032310726986484184
0.03580555846657063
0.4449432897326986
0.07108846789989443
0.04908884522936674
1.8977819370725157
0.025775065010176235
0.3307885637354122
0.17259919154267145
0.15884419729884414
0.5371355353248681
2.463508821828299
0.14951073551964633
0.15834590820481687
0.25511517064918854
0.14431987239053035
6.349570869090826e-10
0.04717953136815467
0.1103757090502171
0.023982529081404635
0.40755780754941995
0.0590707365869676
0.14892042161824115
1.3611050136459344
0.7084819301431704
2.37511993134704
0.9040907979972932
0.009881297864382077
0.31496962651613813
0.17122369211828925
0.09032599999209268
0.15410132290645961
0.19667333110144725
0.23707109960955108
0.4359386496589286
0.1503942527881632
0.16802283444925425
0.380528333997904
0.4380555036233984
0.1521571109542723
0.15122055100432874
0.357597555698546
0.13609849590389622
0.24403564082332263
0.12988788508798188
5.714613227070231e-10
0.03142400732631856
1.2976742929701715
0.8320931363268471
1.187138086899413
0.13722232097151732
0.03266021013449105
0.11747511234812436
0.37270910045317507
0.038271620766444414
0.12865703245212856
0.8146698479840033
0.04039013072955733
0.31600516536699885
0.15835852372595838
0.20071310795225905
0.2569578546144893
0.4225999210672793
0.16567330454966722
2.3354476497190815
0.23262086524978853
0.8286357383284297
0.20935877872480946
0.11689909652203756
5.143151460273998e-10
0.12023406786091684
0.04114170035585474
0.1429985111586305
0.3392653524844995
0.021578755444590314
0.03432434440851573
0.73724187625856
0.0679516341933013
0.3002405012028948
0.16259398214858756
0.20633758261848278
0.27352206125976686
0.3969072594155181
0.08443879087720774
2.2738860613221554
0.34270252265964274
0.34877265438624594
0.07599491178948714
2.1019028847471732
0.10828740372754453
0.6348252282399249
2.7667080423680677
0.10520918681840197
4.628836203224296e-10
0.10409649103923968
1.1315346309916805
0.16262519529121988
0.4724885701910573
0.1463626757620986
0.3074966927805072
0.015988445459278466
0.3304900417431469
0.01438960091335062
0.0428322776581922
0.6703128520520334
0.09118052089426065
0.2864758492974637
0.16696834219557743
2.030889705730676
0.32073784651396586
0.3062958977686723
0.21510318626126335
0.29467190117912523
0.4873045334231789
0.09468826809027364
4.165952027790354e-10
0.13749513659731605
0.5486060295555255
0.5259337557669355
0.5544838535398036
1.0
0.07260962888949862
0.27978482813971794
0.017233868587837264
0.10558033509757614
0.6123996189362568
0.11071005373458043
0.27452509858727403
0.15483508124800416
1.8606484268767964
1.9829088171047733
0.44821878570707696
0.3192936516394367
0.2541559893656782
0.39935472454573784
0.22874039042911054
0.16412567751722396
0.31393516440353064
0.44804290688988857
0.08521944123958658
3.7493563809221087e-10
1.0
0.14099598376422762
1.0
0.5049424517035028
1.0
1.0
1.234500160575056
0.19537963164063044
0.1904545602779102
0.253529732184532
0.026068515238808487
0.1562622634814428
0.5622306624160895
0.05897328446782879
0.23659681474359573
0.8150860110931539
1.023386043623134
0.9405498022773564
0.95060477694655
1.041449200566527
1.0
0.9068127294468908
0.8161314565022018
0.7345183108519819
1.0174477100578887
1.0120968652394406
0.9787318367732709
0.9270902793930134
0.9522591004058292
1.0
1.0
1.0
1.0005345352832613
0.9798234535078141
1.0
1.0
0.9683931634739196
1.0566620794770323
0.9882369956135193
1.0280901834271816
1.0887951550871637
1.0
0.9570331903652463
1.0
1.206841350972784
0.7628112507725735
1.0431630475389913
0.9804550120910367
1.0229994132421805
1.0746726063229115
0.9584922596057641
1.010899643950074
0.878498955797923
1.0
1.0
0.9676999983908168
1.0489018804225783
1.0
0.9764649891493118
1.0077265763898033
1.0
1.0
0.9772200550742305
1.0498195710906817
0.964211723876959
1.003466971992541
0.9242863943437349
1.063720825978967
1.0
1.0
0.9415552997442767
1.022463625847145
1.0157773667577548
0.9983849963416951
0.8867959618124654
1.0
0.9225359184138107
1.0097243004195082
0.978205000061795
0.9288090322555522
1.0
1.0
0.9600571795390618
0.9515315870474108
1.0799156395784468
1.0
1.038945557001055
1.0
1.0
0.9532847714019788
0.9444129901594334
1.0373233295826552
0.9450223641795059
1.0
1.0398255565738097
0.9649101173561228
1.0630545716511968
0.9637329980401965
1.1147633711859228
0.900541594219515
1.0069539187508223
1.0
0.9844800066758754
1.0917884783770369
0.9681372486885174
0.9955489142276601
0.938229837507258
0.9573487433810701
1.0191426051153538
0.060764382102380665
0.09957885890603002
0.08708520567068767
0.02274875630298645
0.1363040990504567
1.0
1.8645501921589531
0.5622657721807336
1.3395920830353232
0.112080784256813
0.5994553442991499
0.11631959332514796
0.3273459386521669
0.4117605603248582
2.3623593237870413
3.374420742829898e-10
0.6526178997150787
0.11149092022637319
1.121253276593258
0.10034182820373516
0.09693988523705599
0.21761862753245254
0.23078361048996143
1.7083281609051717
0.19685910337490675
0.5001102677276972
0.029416274546685273
0.21118686823138866
0.19029529768413767
0.43532627230031196
0.3356539244549719
0.17782182430196158
0.07195304012741577
0.33578740081943526
0.1343485719136681
0.31293342942309454
3.036978446502303e-10
0.5661728349005593
1.0009062338864396
0.0737738080817607
0.21984043851756851
1.7559884273410518
0.22960661649107905
1.6125905148677084
0.4471576135002593
0.005355960268879301
0.2090977111766641
0.2597282763957178
0.18818794005899697
0.21479839514575438
0.4253590375157792
0.31987071443966997
0.1528443378590243
0.41535990735017414
0.13755990407312169
0.031178996032730666
0.3156435179288586
0.15220705766461062
2.1574167343506465
2.7332802687851654e-10
0.15945322983426635
0.2168711683561142
0.022257551931708974
0.23543193773366156
0.045386903355201014
0.4331590326469854
0.4019062561233451
2.0573155395251153
0.1908489855676727
1.8251273046772862
0.4148102052081679
0.31692406718891863
0.1206860140625361
0.003503255363428437
1.9907012741643006
0.0031529298270855932
0.29929987190243423
0.07868607499848723
0.4973125130738627
1.3877787807814457e-13
0.12182079001522794
0.19740980671367225
0.04357499051190672
0.3629906914718326
0.039217491460714626
1.6039327783803152
1.5649946967992818
0.4300337549946214
0.15598407655849833
0.2597246533908564
0.11454309481495173
1.0
0.7700296205120889
1.0646110455797864
0.08091245244835754
0.0761018094733199
0.03278513924699222
0.9509255875536908
1.0
1.0
1.002541195614742
0.9892164998694106
0.9372717276642772
0.9674174136436324
1.0032246744867672
0.9955127799816408
1.0211482497806843
0.9511112822361572
0.919033424802616
0.9793456402906919
1.381680927037845
0.2367484308061778
0.228680378761422
0.26150127721234107
0.02108621619125195
0.4475812617664623
1.249000902703301e-13
0.7504715783817701
0.1859480742395654
1.6772301268214207
0.2203212424539167
0.28366696146376924
0.40262878715100925
0.16635813424173485
0.3052499437448386
0.4220863791398024
1.6201222587741775
0.14972232081756154
0.24520649753326573
0.0030887853334569115
1.0
0.45984821037129997
0.4050215914062427
0.040674324371364534
0.36451943226561845
0.29730026187628145
0.10928303117533389
0.05891775175585412
0.2332425278719823
0.025780531604519652
0.40282313558980354
1.1235457009206584e-13
0.18071136087241513
0.20163039271353966
0.06465760140414645
0.22665581435490267
0.5117627937768354
0.4840271257203064
0.08085742269922136
0.4275386708783522
0.07277168042929816
0.20399023291941276
0.13355091815507691
0.5559861798192554
0.15927073848913054
0.2209947263132861
0.02347298956546595
0.18174126922208877
1.836432857700121
0.490817491701355
0.3577975152266859
0.27849853880618625
0.10424650323338547
0.07635022936746694
0.21249632824523612
0.06348479200304835
0.97112790241875
1.0114131754335176e-13
0.16263314416106311
0.06548403396010727
0.028417071997743903
0.1969463014429813
0.1757944443214896
0.5163146356862427
0.1654431372715468
0.017599266868492336
0.25385072554906607
0.47751549405388793
0.34986761758463736
0.26107333524890564
0.10145687584679308
0.08996483925524412
0.19759517462101694
0.24517576975281496
0.1778356571589157
0.039976477439131575
0.45965361227267687
9.103828801926284e-14
0.139821426348945
1.0508677963639634
0.5613295816609067
0.1258392837140505
0.9331970883561596
0.11325535534264475
0.06177733776387129
0.005880734653672448
0.19483111573083178
0.40100974938983214
0.17534800415774754
0.3433739740350745
0.1578132037419735
0.20984646345796776
0.48122748584477293
0.3865371369682151
0.43310473726029564
0.15065875023124242
0.04122441273654864
0.2762172023995486
1.7854326938222123
2.143825348441922
0.2451116893086942
0.10030767218763792
0.11851143850771262
0.15605444369911137
0.009986531532049092
0.4136882510454003
8.193445921733655e-14
0.09575208603199314
0.05618767745285069
0.047506571174750434
0.16301652971357328
0.28029503942267553
0.40486013855739067
0.13971531648177304
0.06472369170284864
0.09101942560900156
0.7298450431043157
1.2911221697273128
0.4289114409449919
0.5798818931261263
0.23063128759658813
0.6491884250603341
0.20756815883692958
0.10212804881964566
0.12226573902685267
0.14144765248240443
0.05035670348338428
0.9613492985086824
7.37188088351104e-14
0.0805581096835084
0.04581825259008809
0.0590575670286313
0.1747443806844835
0.292751549336149
0.3783456563498291
0.13221615400387954
0.06735326509346429
0.10384141431097227
0.4440084861631064
0.5657136484568639
0.19702414783520172
0.10414181784036636
0.12418393037240794
0.13233855758250268
0.05081389671582226
0.4684543557917127
6.639133687258436e-14
0.07069124498559987
1.2790396435631664
0.192163489225468
0.35829128682503963
0.17294714030292013
0.18654509754965076
0.30131096003751523
0.35373270611523466
0.125729865112838
0.0710020800152158
0.13785812149618515
0.45617900239248144
2.044002367756029
0.18773591483571828
0.10614602909357096
0.12499939309341723
0.11402331215267036
0.001112928534931168
0.4216089202125348
5.972999872483342e-14
0.4565870155190339
1.1961483000838307
0.035330670628216154
0.08928075814918301
0.1980216837984372
0.30655313464528433
0.3931278257966504
0.2210224870827524
0.20887482888312192
0.2758978211807559
0.3309324220149943
0.12025708660307544
1.9503668449379994
0.1696902095858146
0.20616086537762968
0.7520185266538739
0.1795769262615039
0.10803136549355496
0.4832226427977524
0.09722822894419991
0.1239017849993429
0.10273227379089622
0.04316252770269147
0.37944802819127554
5.3734794391857577e-14
1.0
0.17693311190314986
0.022869527750476237
1.7887868095810866
0.21557712811288354
0.15647504267487733
0.1940194153015966
0.2814012812641842
0.3098648884738022
2.3890262862714593
0.2896933896156959
0.17333727516499486
0.26074663150525446
1.9148039836458128
0.2766764147187679
0.886254764979217
0.1821451930791289
0.09989558454971448
0.1217848338784977
0.09677529918207561
0.0767910777515497
0.3415032253721426
4.8405723873656825e-14
1.0942267812657605
0.9250714219245815
0.003744234919796696
0.057969987539575385
0.25595624163719677
0.20275760189785785
1.701914867027508
0.039975770999275184
0.18106666103768454
0.168230323748082
0.16295999493391555
0.27805777817062527
0.18207821079902153
0.13181704648807013
0.8158438077892072
0.17392023222618747
0.10208450948259262
0.46482121081562777
0.091876058534333
0.11928388040885629
0.09477687703902227
0.10326229251360886
0.30735290283492356
0.29474420620439945
0.22258781595070842
4.3520742565306136e-14
0.009166810181774565
0.07776861294933823
0.2506363776632625
1.8988501633125558
0.4584367057878218
0.07038085949650963
0.17446977325758617
0.26845982143346525
0.1770520943679248
0.1907159601416364
0.15934688493113214
1.7996717717271444
0.7516514502329059
0.17592426580526155
0.09461684072178578
0.11683318007187271
0.837000092929939
0.10514986206468535
2.3222566000862948
0.1236713535457401
0.2766176125514268
3.9190872769268026e-14
0.016026990458531287
0.09505538942072889
1.745491817817804
0.2480190419153594
0.41963112115869095
0.08078975087261675
2.185150268192423
0.2752537372200248
0.036554980734695874
0.455352044814191
1.996366229053244
0.16779352329691388
0.10735346086326292
0.13759078415041248
0.34021821394968477
0.13896597944630873
0.6980048064301956
0.12506938150167768
0.2489558512962804
3.530509218307998e-14
0.02392983035474927
1.121021434978477
1.0923841139371042
1.0
0.516152622655607
1.9805060753583028
0.2651802498396947
0.3857469841300798
0.14580425103388706
0.429909178616418
0.2440728654245543
0.012635721820192458
0.21018021742744786
0.9104947070251548
0.16174951705354879
0.08285903636189573
0.08980988434040338
0.3325999286495156
0.13745802848113797
0.22406026616664865
3.175237850427948e-14
0.09056529617857123
0.023102812194721878
1.5709426360360226
0.2772369232687346
0.3325918606136824
1.8777348446392121
0.41132554729723125
0.2209291510641176
0.03239017138091782
1.686257820778593
0.8356201880279954
0.15386046898438366
0.06559214429166538
0.04756890304141148
0.31308573863267863
0.1461182522496891
0.2016542395499803
0.26526978558395964
1.0
0.7943238362162863
0.15009463529699907
0.5359177790019132
0.07919848534124085
1.3362651710169011
0.07127863680711854
0.06540515880553599
0.9953109431804528
0.058864642924980615
0.991499178671365
1.018165860530864
1.665710522496493
0.8513817349733266
0.07657775329946048
0.12387475245530055
0.4463747904534401
0.5415141485222357
0.40173731140809466
0.28277241700322975
0.11155919008839632
0.14067313112478885
0.39228590767392113
0.20207525309579744
0.06681563995337214
0.18186772778621751
0.08920035405443372
1.0
0.6859285479845116
0.9886383072517226
1.0
1.0
0.9854792620089174
0.9441731927461507
1.0
1.0
1.03233401265204
0.9579682374476093
1.0356300076994867
0.9656770086752768
0.9819495492898351
1.033499759673422
1.0308466669349858
1.0175532584881566
0.9771703309879349
1.0250446975628051
0.8794532978891407
0.9635281295544988
0.9813486550826411
0.9497558734715348
1.0
0.9677683978394835
1.1290084419444657
0.8948301037832458
0.9376192835671073
1.0
1.1274019048878774
0.9359281290299961
1.0
1.0
0.9954986882110131
1.0
0.9574353156286168
1.0
1.0
0.974673340632835
0.90756347682027
1.0475061749818408
1.0
1.0045240201619272
1.0062585268757402
1.089669854978526
0.9489206070915515
0.9952108538459914
1.0288936634004582
0.9708784152424315
0.9898170065556204
1.0364945410500876
0.8671753165990488
1.0176130109515586
0.17919817958556017
0.0652110262561898
0.07177014245068669
0.456146272046829
2.434979054512663
0.011503438874002292
0.29638898999437924
0.15167185097971858
0.1814888155949821
2.853273173286652e-14
0.08130745321504307
0.026676067023615246
0.3898408219676064
0.26565109431174605
0.11447058419203415
0.1658344087797019
0.3914516149947307
0.1547609196021522
0.1305545924295899
0.5323994672678776
0.7674442161236339
0.14503363651511147
0.05312569567095782
0.01928580401283586
0.28191727609291384
0.15465354744124493
0.16333993403548108
2.5646151868841116e-14
0.0758443145958978
0.014975621875507272
1.5917950796675626
0.2505330432997752
0.1196069666507995
0.18839612940120531
0.36778254545547284
0.12622936839897747
0.06425918645984297
0.5559039421534528
0.7052031581627816
0.1358428424306961
0.04974170650514598
0.04554895122084357
0.26919090322774686
0.1555221861006686
0.14700594063193018
2.3092638912203256e-14
0.06676232094875445
0.13857057673928352
0.9405515926397499
0.48904335511027597
1.1735446128156006
1.0
1.4530524282796016
1.3889008086941779
0.6238482198462876
1.0
0.5574934808808081
1.0
1.0
0.15766335052486014
0.2374404356348805
0.12648588292583796
0.26142369012050537
0.1138372946332531
0.20633477100663278
0.343627227749824
0.10718051291309472
0.002242873598513384
0.5708338637543857
0.6482671265895732
0.12723272883814118
0.049322430976715737
0.06791314642153345
0.25782403151503885
0.15467056155379488
0.13230534656873472
2.0761170560490427e-14
0.06295967341681319
1.2461116691435237
0.05666370607513116
0.5544482065331557
1.0
0.5716334600427153
1.0129650246822024
1.4326155717008078
0.23772870982730154
0.12308704227059053
1.760085204206522
2.1391042464189383
1.7979871084277654
0.3199825562661509
0.09623817426193426
0.05506480013677617
0.5785771900379046
0.2585965149779046
0.5207194710341145
0.59616368681443
0.2430489144222765
0.5365473181329872
0.11944169905199864
0.0511815025211968
0.08690423493088417
0.24750868451891517
0.32390431673575204
0.22275781606702338
0.15243404005528882
0.11907481191185898
1.865174681370263e-14
0.061980808578610436
1.1333649536945458
0.0557827277207501
0.2017996926500949
1.4991394702468455
0.15734612904731549
1.0
0.3777276042705715
0.22626454307163257
0.1742213574439475
0.6135062641871585
0.9929688280427929
1.009642677921292
1.0
0.9693443238307768
0.9405034104871337
0.7717265438148981
1.0
0.8694647807555231
1.0
1.2763604527998815
1.064810789547428
0.9999999999999982
0.9131559858846856
0.96018046201198
0.6890256207599954
1.2504441293362305
1.0000000000000018
1.0000000000000018
0.8324865008595133
2.3075264447285893
0.29760811806572995
0.09212083684941774
0.15948798623029958
0.1620330064052471
0.14353918760726891
0.13147578700399443
0.12918526884654113
0.5819186244254446
0.4948367562248883
0.11261567939891837
0.054753775762165446
0.12524046149639023
0.21572543846584935
0.1490981172409458
0.1071673307206713
1.6764367671839864e-14
0.5511615891016071
0.4960454301914474
0.05111649453842304
1.9232767743644104
0.19858870906432102
0.9511501169748868
0.5421679492742797
0.21204038432575345
0.18621595302007776
0.17150513554299351
0.7878794477522035
1.0699191392121215
1.0
1.1904155229745346
0.6514525205727217
1.092540048251248
0.6376303153775691
0.3180485708772558
0.573867283839812
0.27705938994409784
0.12612999743288889
0.17445860440443184
1.8775269460658421
0.4566146485422937
0.10682948903524281
0.061802444335588014
0.4945615993885344
0.055622199902029656
0.13428895919333605
0.20906270634335922
0.14490503858891834
0.09645059764860253
1.509903313490213e-14
0.08513164566627296
0.23506710760351268
0.7936811828242192
0.6312778671868529
0.7143130645417983
0.150443844163771
0.02828622748308618
0.13539945974739354
0.08930648399946861
0.5441864944502406
0.2619664506929755
0.1309628581300437
0.030739950642594494
0.8066245970662003
0.2295632888341217
0.7259621373595806
0.4216361325915887
0.10788900455547967
0.06348887583116003
0.14176633390833793
0.20264693956791557
0.14005959449488659
0.0868055378837409
1.354472090042691e-14
1.0
0.08104098847052654
0.5069304791582887
1.0
0.6304411041863389
1.0261410523289491
0.9041306546474637
0.6714660884787342
0.11292886537270874
0.0006247722227712416
0.10163597883543929
0.02595718615449627
0.5159644900745146
2.3159350950488378
0.11479257725278025
0.12559271786424198
1.8659892537852478
0.32060967159327625
0.8821284622613064
0.39026141978797746
0.10344899168304789
0.8588328245266421
0.09310409251474283
0.7822599513254538
0.4487336505080215
0.20033585820781674
0.8329417580139733
2.4038602854572186
0.08379368326326819
0.07131662163887764
0.46414820918688715
0.06418495947499014
0.1478543944742956
0.19638820506061272
0.13473418883377208
0.07812498409536528
1.2212453270876722e-14
0.25064091315963566
0.14595388260174857
0.43124370826461345
0.08887666233644609
0.02823498146840464
0.2327745315621783
0.4919388586668454
0.11587259131392535
0.0979415427268222
0.509261553666855
0.6196559831010067
0.08896447304832833
0.07255190297492042
2.8120479973686354
0.19022280343792897
0.1290732683599316
1.3193576379424803
1.099120794378905e-14
0.21476054067919037
1.0
0.08823412351511095
0.39700700367179564
0.08281249424964088
0.026770218541656732
0.07453124482467643
0.048688936477784495
0.2586909642726436
0.4543322319315539
0.11407948645521593
0.1390735438208246
1.9539180587810474
0.566586832095739
0.08732321604098736
0.21590808705943498
0.4529348556135835
0.18410784993012896
0.015769822270309763
0.20224824948007436
9.880984919163893e-15
0.18068196716406604
0.039710010796419226
0.37304067721204603
0.0719470139899876
2.1892795178566757
0.0647523125909899
0.06968913925727094
0.27825509103853463
2.1789686946037925
0.11657889219177697
0.07022561643936243
0.7723514856979499
0.5186604704902642
0.057000085730944505
0.14902379279213296
0.4260521550452383
0.1641200827100855
2.814174149148313
0.532756734233482
0.28744939981955975
1.8368266679345782
0.2587044598376038
0.182023424532066
0.30631546882970095
1.1036853731863214
0.14384449361331542
0.13508517176729917
0.15864276936801858
0.0015650580044273
0.3494065421489374
0.42957216516611396
0.6640679368508451
0.06524599525761943
0.09054573443539482
0.03253271247430156
0.04261655701830591
0.23397202456827415
0.08474443223928674
0.029279441226870873
0.03542695719378486
0.026351497104183608
0.6498617160634765
0.09789844132866321
0.014032093774368093
0.7469823841771817
0.47249443201433117
0.03639769787863667
0.09151619800839583
0.3857622667271938
0.0823645782075566
0.3998589478117234
0.07909395451003842
0.2510363563070501
0.16382108207885926
8.881784197001252e-15
0.14293499823165945
0.03634920641887618
0.32099048745980596
0.07625041239932528
1.7978996211124816
1.9707508882360116
2.0260579967497616
2.097337162433675
0.08732712281464927
1.9104596398904548
0.4288847586007609
0.015369850469178381
0.03414222560562852
2.6587277934788265
0.04608092342832926
0.24231482888423095
0.1474389738709725
7.993605777301127e-15
0.13227641905038112
0.889442857531968
1.9950861490132787
0.11116459095185505
0.06454795613611353
0.08317180814873915
0.5875374720216033
0.307978235098064
0.11245155345586078
0.9534680288100201
0.3875332677876031
2.740918856836042
0.2966007823929484
0.6132283445845967
0.017241348197073236
0.23282724338290528
0.13269507648387435
0.3081112601425935
1.0
0.14296856142871373
1.3137898529095455
0.12867170528584237
1.195278038147175
0.11580453475725805
0.12157665459056921
0.35596627031698347
0.03906859231007331
0.17050078461945617
0.9926264415209616
1.1066362026311332
0.6006943248362688
0.09359333624306032
0.06641034133737378
1.781992980227285
0.5595815483292483
0.2659352562426722
0.00585959522927304
0.8968745527077786
0.07468805532523781
0.25485045030600695
0.20561786969519424
0.5501813753064297
0.007765510960925148
0.2228140266930021
0.11942556883548683
7.216449660063518e-15
0.02792401199884864
0.7228575599748339
0.025131610798965198
1.0
0.04575099462515908
0.4755493021355939
0.07759296848501762
0.08711238977243241
0.7790106421891032
0.8551855441863978
1.2622866107474753
0.9999999999999982
0.9210548104599781
1.1710506705860215
0.8085728452278094
0.9241157938455871
1.0000000000000018
1.1138319797012635
0.8993423549205843
0.9433305237517722
1.0
0.9290934790081451
1.0
1.0
1.0887067227559672
1.0401573686584573
1.107961656676629
1.1360579496727272
1.1348348039236829
0.36776582739167907
0.5302169191205905
0.008814208978067839
0.47719522720853114
0.23875577109547663
0.08441381956443195
0.8146559029695251
0.09270429482331544
0.208803618305887
0.1300379451950313
0.49593978887187884
0.029270362534132843
0.21247518090725048
0.10748301195193766
6.439293542825908e-15
0.016316970418838395
0.00637903505091586
1.2034386241786557
0.6464269458555698
0.01532317688204543
0.00574113154582534
1.8431324643255103
0.07854491061375768
0.07294216910267792
0.4317304592854221
0.45335128159722693
0.22332157594237145
1.944946591501326
0.7424607421549041
0.10431422717157268
2.5131923780136267
2.272309699944839
2.558789965007234
0.30291096850651034
0.7051518427388279
0.04759084437144523
0.2019759640117189
0.09673471075674334
5.773159728050814e-15
0.014364972348420935
0.12570577233754676
1.0
1.0
0.5966938304447105
0.07798463646264864
1.6152000328610718
0.4338925415166024
0.4303483110317412
0.006494759198002242
0.426178761270565
0.6786460906565708
0.15743643334694823
0.19900772976267334
0.025573014020697116
0.6393957429020896
0.06302935633547246
0.19145183868622118
0.0870612396810686
5.218048215738236e-15
0.00820558037240815
0.09338127367388438
0.5078533071721942
0.23170617610249167
0.2112351844935354
0.20853555849224392
0.1824343511738995
0.43353811846811574
0.3879629558483675
0.04846315940525869
0.003301678111506945
0.16695298948832438
0.35401297620405714
0.18565898815989712
0.31861167858365214
1.9970284896996446
0.45142549420916467
0.1617876421008333
0.40628294478824856
0.5950378382562196
0.12179201703598608
0.4621036440141886
0.18752799145691057
2.1687751923112195
0.10961281533238676
0.17654965538433576
0.04092386167158146
0.5817591042454282
0.07587160457054676
0.45812821448417385
0.068284444113492
0.1810127787857061
0.07835511571296094
4.6629367034256575e-15
0.00046266015741736055
0.10690626776307965
0.4852018102945017
2.1692581101949564
0.20754472790331846
1.7704863768707408
0.08704766175532264
0.32909053633443897
0.20828091490392353
0.7292710904248807
0.08099656826071389
2.2994288787269657
2.0466138147154425
0.5379987986892889
0.07955727758071429
0.1707470124784316
0.07051960414166447
4.218847493575595e-15
0.0019068390164811433
0.03325781558927687
0.19611799197600632
0.06824171628420217
0.01841314163613461
0.62002989148165
0.6849755204951737
1.0000000000000018
1.3163846364489693
0.900303160655465
1.0052079044074809
1.0476459103363815
0.6819964715475155
0.11125194921323533
0.31700957419138653
0.2603799324560203
0.6482443245563196
0.30283979930733906
0.18826858241421363
0.3534686472694393
0.4921546465784319
0.08867625107048571
0.16072427164475478
0.06346764372749747
3.774758283725532e-15
1.4217681717728894
0.010320234832747133
0.1833303644068245
0.06325885881939541
0.03451764331418161
0.05693297293745658
0.0760999504170492
1.661637386338418
0.44278978096769706
0.8674854169116131
0.8201271400895891
0.9205049551919604
0.9279269249913487
1.0832723342777193
1.0
1.0845903482337231
1.0
0.9116282944442382
0.6766699195681003
1.1405383962835351
0.89926965259402
1.0
1.0875147837958448
0.9999999999999982
0.9999999999999982
0.8900635299870228
0.17017639688784136
2.2187842182991258
0.3113466100178499
0.2991663716660504
0.5531359121699531
0.25372896113518273
2.08831284909569
0.36733724720033845
0.4518068070276371
0.09588105312791306
0.4455552956250166
0.08629294781512176
0.15099860885302885
0.05712087935474752
3.4416913763379853e-15
0.1236299375393024
0.74680230722457
1.327877923497887
0.47363010724155785
1.3312797616103431
1.0
1.9494443189216533
0.33225564952864417
0.17701651114182582
0.058849670685415134
0.05304115671734877
0.6682543474357949
1.0943047602980247
0.8619942271763517
1.0
1.0380310805105548
1.0000000000000018
0.9299161235019966
1.1843725777869647
1.0749451008499449
0.9999999999999982
0.9999999999999982
0.9064188426287672
1.0480534558730934
1.080212651999254
1.0000000000000018
1.0
1.1296713580312954
0.5031748689837272
0.09236966758676246
0.5692073361180192
0.3848407945427468
0.31012858618267103
1.9718021384906752
2.1449628057952133
0.437187349931234
1.8794815641861202
0.37578420318306804
0.4248435264191768
0.09276351391891247
0.1416108359032009
0.05140879141927224
3.1086244689504383e-15
0.4449361667620515
0.15709615456926684
0.31673173568996305
0.16519982709618475
0.03842362118646392
0.02621196721628749
0.5507706819604934
2.0353898759234887
0.08193551371533658
0.3072472589859867
0.643226970425836
0.5814167713567215
0.6758801752662578
0.3806901355066783
0.3916355251691508
0.09764824611734113
0.13259063145480798
0.046267912277344614
0.32308646760237236
0.9126693121918166
0.8107931049923587
1.138488718
1.154812198955764
0.10941898913151227
0.13610285702025138
0.04326645891501357
0.1525222065052141
0.0319600623461902
0.03148629770138811
1.651750427609194
0.5891021126706217
0.10446668824240213
0.3408452301299718
0.5207625962475788
0.04686548188303519
0.4686863366228202
0.45568707669442254
0.6463611712902999
0.3817846744729261
0.36223679726396973
0.10114248465108755
0.4387844853127616
0.7313181507592583
0.027858924007143848
2.0250730316064294
0.3361273660026818
0.09102823618597888
0.12395835953706147
0.04164112104961015
0.3162495223585555
0.2003290343556785
2.7755575615628914e-15
0.12681921720972866
1.3235100526969532
0.14046599208931454
1.987550753732794
0.21120432164048353
0.23066776125498478
0.10585294207903218
0.6273660115962301
0.7125141794524623
0.1748643615018679
0.5406385702278005
0.1281045424311582
0.4057056004040156
2.0890475673570137
0.34548225189594994
0.4173962184479194
0.6159499265129416
0.31161745302101096
0.09432124852108714
0.11572663568831665
0.03747700894464878
2.4424906541753444e-15
0.10496827273795262
0.8942181473837252
0.075834209223693
0.19701569092158167
0.09808681003212882
0.9582838074083995
0.8736648032491949
0.9026086584248265
0.9589671553110488
1.0
0.9553617689304943
1.0
1.0
0.8015259734497224
1.1831934887008604
0.9467088397481032
1.0659353200082684
0.9067422574671546
0.7213733761047507
2.160193190400033
0.4993851674481373
0.15586464822844448
0.15623028362791125
1.8801428106213116
0.3078714704408192
1.7229156766032627
2.159198120221369
0.4372515892544211
0.5855166791637485
0.2898878325710186
0.09646178723781063
0.10790167301394993
0.033729308050183704
0.2913077342550108
1.0
0.180296130920111
2.220446049250313e-15
0.022822112114781135
0.6813373994961296
0.0205399009033016
1.0
0.049309775703420655
0.08795235739348328
0.16750544082620777
0.1164433996185501
0.6202422539676675
0.4650331155261682
1.9711203106640482
0.1757850911661354
0.6399905859514181
0.1677994642526226
0.05151290938550268
0.08665580314675125
1.0
1.4683371908077945
0.10154217509562713
0.024164808401667237
0.19020554984941818
0.6653620740945456
0.09760577581542496
0.10048443651757344
0.030356377245164934
1.9984014443252818e-15
0.36253106619219366
1.3888503305438142
0.05317403387242692
1.7833874386285977
0.13911055678173412
0.04277483425993012
0.6047213401235183
0.22141777290714693
0.33543473371818244
2.4886762782279135
0.3018912603463644
0.176579547730924
0.13961170193331007
0.1589215929578316
1.0
0.6949915635375241
0.009549433913983663
0.4520780982453534
0.5559537945044752
2.7519496008428037
2.4328477415575147
0.09347163059033248
0.027320739520648285
1.7763568394002505e-15
0.37989905892355225
0.9245917468244578
0.3308773646900356
0.0010942624855552197
0.12092201767756805
0.021974783178414725
0.5663909834018828
0.2630085950228871
0.2381520202428522
0.09907081391809669
0.6245374637923735
0.03661331930195111
0.46246566787126575
0.22516345496974743
0.31221599154776936
0.3505255791004247
0.08685654148336397
0.02458866556858319
1.5543122344752192e-15
1.5985644621802066
0.14984684343594168
0.12327113454669458
1.0
0.30024966704554146
1.8954382572697739
0.07641640320075993
0.5360527445639836
0.26052293754488254
0.2044297368267589
0.026709986147050557
0.5657450493433309
0.079198554158884
2.0006766998050622
0.23386870862754972
0.3160469503030354
0.3241586753387171
0.08062975389188587
0.02212979901172485
1.4432899320127035e-15
0.12253504563767592
0.8027176001482665
0.0909895756528094
0.10777867619347603
0.1661580866834207
1.7464009777280474
0.26390772331075496
0.30821276027471
0.1223800373370807
0.5084997638620727
2.1157617154659007
0.18131576452937637
0.03253551740198901
0.5170903998248857
0.1287889712375101
0.6621899874243731
0.24208653279509829
0.31685812280660386
0.29980578319403417
0.07477975840386941
0.01991681911055254
1.3322676295501878e-15
0.07860010579047838
0.18408325573287243
0.12902970302641137
0.289629487980946
0.16099200998958096
0.24607361592927646
0.4846213654725986
2.148998258986788
0.08099100564427886
0.45250246271864647
0.04969107537132267
0.620179641961446
0.24956369179624804
0.315152888845347
0.2773031807150188
0.314742289236583
2.283268060312925
0.06929346447453755
0.01792513719949751
1.2212453270876722e-15
1.285063496975841
1.2095673730005458
0.08716378392567492
0.27676574018180844
0.20664476961345812
0.2490891661636283
0.16950017058355016
0.2699283908836083
0.2212594030266608
0.025226379230760543
0.19913346272399401
0.38943666627974416
0.1181421513517158
0.4022831089096499
0.01729599636195367
0.5831180469449269
0.012842202542369563
0.5248062422504347
0.25612261150115767
0.1189882684328829
0.040922641936910864
0.497937879175506
0.23051035035104217
0.08304111200102149
0.48482901512226295
0.06415663174703345
0.01613262347954758
1.1102230246251565e-15
0.015833545608106903
0.25966389710604076
0.025861914898566596
0.24113026660562298
0.17954299261355544
0.2849748383703137
0.21816378307956796
0.3623072147869415
0.14655624710750992
0.36378439765488046
0.17615261356284506
0.4711951262930594
0.2157634265160402
0.12321990231314572
0.4427617767847396
0.05935423092028502
1.0646983829953598
0.053418807828256476
0.014519361131592579
9.992007221626409e-16
0.04021658075789958
0.23111131590557932
0.0008373032518527168
0.23497153920641622
1.5751979252958108
0.2782937328412398
0.1219068487573729
0.25046435955711566
0.08466972792592031
0.22541792360140356
0.2325781262503046
0.34073211801899994
0.1682790621622452
0.3450212192456785
0.20565686483586632
0.44565195631535737
0.20650907409575048
0.15517408976030467
0.40976290298111984
0.04952886315858995
1.5311097439286874
8.881784197001252e-16
0.05930605427266755
0.2080839146402056
0.024250726847309778
0.053954592756195296
0.42302357131878665
1.946339037226812
0.24339352542717485
0.323486812433325
0.18595327787058835
0.3310847838046964
0.22965637398381666
0.42173766809339597
0.20137557566220643
0.18063297108238618
0.3737394989988667
0.10853499755013774
0.1661783994113022
7.771561172376096e-16
0.07418384030941994
0.18970059586091637
0.02722111343819833
0.09086149061245408
0.0989795871176824
0.08177534155120725
0.08090409425079415
0.07359780739608723
0.18608731046423088
0.5214107790554685
0.16747857941780708
0.4451072001316909
0.2514028541277895
0.3097334589770515
0.20046642846399898
0.06082840204204132
0.1804197856175982
0.03670358327607737
0.16237780705583837
0.3209419428226088
0.24886450339477406
2.2204826407309532
2.192505284252098
0.19994362387403442
0.32551204934396694
0.08106365785399383
0.14956055947017188
0.2842357617067406
1.0
0.9093205515180376
0.16226651782810153
6.661338147750939e-16
0.8510865742368203
0.17345264761864598
0.04912246605035264
0.1015946156446823
0.19524144148919476
1.7962158535173014
0.2572359146127159
0.3330865151930915
0.1782342206325147
0.31373419887982656
0.04379576799634499
0.2823607789918441
0.001929788982200975
0.024012161605181603
0.0017368100839814105
0.4024991944981622
0.438546206016837
0.2125004664210275
0.6982332526539903
0.19125041977892465
0.2848544786241707
0.05800123612157737
0.13460450352315467
5.551115123125783e-16
0.18818943805011656
0.16101962946181558
0.0543696810097849
0.11095929822913675
0.003904288011455037
0.6310819423443021
0.2648209746707533
0.31760128573703383
0.22002029635642906
0.25449136099927827
0.04181304852540002
0.025965931305602652
2.0233693381750424
0.4061038956500287
2.0223167857402267
0.17896759564246167
0.28057906705536695
0.3654935060850253
0.43506667403514854
0.2006108256634498
0.2505689071495958
0.03874066215710403
0.12114405317083898
4.440892098500626e-16
0.784796860618151
0.1503546346166118
0.060028642731722925
1.955801487301276
0.05959433502412281
0.5944558455769471
0.27009900577738044
0.3078431867989728
0.22346740282071487
0.0589445026399229
1.8669870706273208
0.3197116364354109
1.712259527208131
0.32227686392077715
1.9567131201413854
0.02754182062271404
0.09380443842623087
0.040768882546442065
1.5959617242526631
0.03669199429179759
0.10464878745502215
2.35384563693001
0.22163795021892607
0.022752190624309776
0.10902964785375513
4.440892098500626e-16
0.1507790940785263
1.0
0.0012406843616616925
0.08725597897888449
0.3010125218376132
0.1130804860794079
2.4886625547667194
0.10177243747146747
0.5620201615969904
0.2738734238795395
2.202521158910624
0.20701511280263674
0.1929623898746211
1.0
1.0
0.6469951707418797
0.3724508228800367
0.3553207971432091
0.33520574059203234
0.35330929148809176
0.36203922204641614
0.6530613100148983
0.3016851665328293
0.411621089197979
2.6675960519328275
0.19719893613460204
0.009574006776503552
0.0981266830683798
4.440892098500626e-16
1.0
0.1357022792059297
0.009842213823386459
0.108631633264757
0.29239656200893904
0.1477972098840148
0.5332054878252457
0.02623396560052349
0.5403592355724722
0.16701736253491184
0.155572720344475
0.6179236956666916
0.31267875879934337
0.1036993750848989
0.5142499276406998
0.1765216418434914
0.0011960622079847383
0.08831401476154177
0.28135938883691436
0.834615148149044
0.1460398660452915
4.440892098500626e-16
0.12311627266767644
0.019721155767523868
0.12700812613917378
1.8195622469558046
0.18633803767814072
0.4825083356027733
0.07764649259771872
0.5030250482687162
0.1347583542469728
0.09625583069653132
0.12128251882227481
0.07822307874335799
0.5873992019799559
0.2917808204279
0.14475443034047863
0.4804770990609786
0.15898908387994215
2.936776242906945
0.07948261328538742
4.440892098500626e-16
0.11277676097765976
0.7912054120287628
0.10149908487989379
0.030449852804689925
1.687240060493206
2.1046383138179436
1.2714287691908375
0.7019349623378979
0.09439416167237269
0.07925233897835327
1.0
1.0
0.10107509487899691
0.47852665525983795
0.2159550674706061
0.4420221513022664
0.12018434816481971
0.4783266307487697
0.13444013447855774
0.43049396767389325
0.1640455177980904
0.38744457090650464
0.10133195906571046
0.011660850671026068
0.5578373638247509
0.2770781814191574
0.1783266972125288
0.44832829754287484
0.15058744879874641
0.31153374308257353
0.07153435195684876
4.440892098500626e-16
0.0770295116073001
0.12328639513936324
0.13882025091708172
0.4522694964809162
0.23856177585377125
0.07821193743754762
0.2147055982683952
0.40983837098852227
0.23779243028125308
0.35883330972242433
0.09003267809203663
0.045288970778551985
0.5297614455841924
0.267203032998494
0.20532685724556377
0.388436722908712
0.10437532961061446
0.28753380397000106
0.06438091676116375
4.440892098500626e-16
1.385400901223857
0.09707573053372087
0.17016517547346766
0.4523692842450373
0.2342188755404102
0.3926337769177941
0.24989651822536985
0.3319532465593866
0.0855583073606887
0.09373621825911549
0.503505604325623
0.2610154154232003
0.22363784381187823
0.33915551765677954
0.06518441625255278
2.703005373321508
0.057942825085047556
4.440892098500626e-16
0.27898760671476097
1.2657840647721876
0.2510888460432845
0.1413220354281215
0.12585314298391737
0.12882447839301037
0.11326782868552598
0.4305542433745728
0.18102200980373695
0.38749881903711625
0.2500603656781486
0.37836005104855097
0.2581021910587715
0.30731375263951755
0.08637609845053085
0.13471315686576624
0.4792565854353814
0.06703922084137659
0.4313309268918424
0.2572776582620673
0.23518961119636828
0.2987215242658463
0.3289665119594485
0.541313335089773
0.05214854257654267
4.440892098500626e-16
0.2401121649817668
0.10327773471836821
0.02013573957580661
0.37375497370121735
0.2628903342151929
0.3663342650495718
0.26302334721684595
0.2852199872206196
0.31471745272312646
2.2832457074508135
0.09120980429205439
0.21230059241191235
0.41392560002886647
0.14486095144931
0.37253304002597964
0.25506885355549613
0.24154280250331617
0.23595272064331674
0.24193852725452558
0.49239685583845016
0.04693368831888822
4.440892098500626e-16
0.22642872195542552
0.09093638728895215
0.019253331751894365
0.36266850975261633
0.27323472729862885
0.3560031732662985
0.03691844047214232
0.3253461391089818
0.03322659642492809
0.4941435396728444
0.10433549067301584
0.44472918570555997
0.10331888310403947
0.2697163971762073
2.167628160306977
0.25371624845027885
0.24098379431731587
0.18816359585353304
0.16850498894522925
0.2816231561076883
0.15165449005070641
0.44785053908649397
0.04224031948699958
4.440892098500626e-16
0.3605219913297901
0.21287948848877747
0.08376808173524708
0.05359484955196692
0.35372513150721474
0.28151157189540044
0.3274173596293757
0.12379120932027554
0.4105881554454083
0.11995863451125643
0.025981941427888344
0.602921062254655
0.25244300303698264
0.23570177447093776
0.13733128836858555
0.09170398713698535
0.40728951712654426
0.038016287538299665
4.440892098500626e-16
0.19996834781342443
0.08075075851691693
0.08360787774749312
0.34650377554603295
0.2861021506687962
0.3070547445984655
2.308513305772605
0.3815252033519929
0.1105609652029198
0.08367585351056483
0.5678732563328879
0.25076888018037824
0.22586472586070272
0.11442776081802819
0.7153608922154815
0.1029849847362252
0.041804636710632614
0.37036219416771976
0.03421465878446961
4.440892098500626e-16
0.18804658888377546
0.08103647043997242
0.10989746752734675
0.3404636130583114
0.2881974100617626
0.045497939561357725
0.4214747548452493
0.35442877953708596
0.10787245403368395
0.13209559379279767
0.5361628187176368
0.24827846474841042
0.22501952783005752
0.08850602259153995
0.0005879536227970661
0.33674744062939466
1.5699434910954628
4.440892098500626e-16
0.26438034967821267
0.9926467575216797
0.08392257014871163
0.1329540820804418
0.33523699275865937
0.26392746301171854
0.08309562108974688
0.41477015731443423
0.32977314698674576
0.11029476800959515
2.1549048239187485
0.5073743833207143
0.2459525710565753
0.21136817730620638
0.07959662497010545
0.03314558580242277
0.14607834745690873
0.706908658928886
0.13147051271121768
0.18778754201556902
4.440892098500626e-16
0.28500250980643216
0.08882572134188393
1.9106483734860724
0.32810603978396813
0.2458442788195221
0.11626307471221509
0.4062704562816659
0.30782530908903105
0.11622519118323993
0.4387302370092261
0.48123220209430073
0.220421716548298
0.433108981884871
0.24249413168153833
0.19819102207259665
2.67093356622372
0.057585913238993314
0.13710221564165304
0.16900878781401207
4.440892098500626e-16
0.26538483095997734
1.3066816968416788
0.3770578144752683
0.31987986368752175
2.1896785338520033
0.14526381286916035
0.3964259415624021
0.2654202590618038
0.06072964836399386
0.4862913317062212
2.2416904430819553
0.017521398773759245
0.638216541172735
0.07959091301365717
0.5743948870554618
0.2380638207206438
0.08872143675703459
0.3478034689996079
0.06553754347925889
0.1402928728588888
0.15210790903261096
4.440892098500626e-16
0.10817817817981279
0.05725226299078301
0.3713400193964915
0.06892402393356889
1.9707106804668015
0.1703800257384831
0.38332537331234384
0.23280526831922366
0.0060275503569737765
0.33475429705022286
0.5407617804219793
0.20538529497287605
0.04506894618137025
0.3195768764475728
0.07301307641722232
0.14147437647626138
1.463839565872136
4.440892098500626e-16
0.10308558666091017
0.08866103863135422
0.3410984198502014
0.13503944650646815
0.6804894637014378
0.19167456049586917
0.36827336281303147
0.20892198645160498
0.028050634383745887
0.35535504538739815
0.10092743264217852
0.31981954084865905
0.5072241318770683
0.23386990164774168
0.4565017186893616
0.18033987085745107
2.3553597783833276
2.4705782441460666
0.0798592064231265
2.691251790804799
0.2832810747165633
4.440892098500626e-16
0.10164313185795493
0.11390477675324107
0.29348463321453266
0.05348655548567649
0.6316079733808806
0.2093344407275861
0.3523382251768883
0.19083485124481925
2.1839167791693157
0.3842101718204365
0.4288855339061701
0.07323009406662617
0.02012621049474994
2.22352041973146
0.19725189329966586
0.27839626879355794
0.44996623860367446
0.25055664191420224
0.2549529672449071
4.440892098500626e-16
0.10286929634748176
1.201995334995047
0.25878751434451175
0.015022897400978508
0.589380620115552
0.22363481917251704
0.33618788778368014
0.04664031179659389
0.34957572466795206
0.38867770802900914
0.37867397110889023
0.06791970570943828
0.24046563141842103
0.752591094144635
0.12463141289892299
0.2509962744472727
0.22945767052041655
4.440892098500626e-16
0.9899984351507669
0.2779410473333286
0.2344110526501595
0.07245866967243586
0.14865192196138466
0.0652128027051937
0.5528060400212453
2.2352121143305297
0.4975254360191208
0.23489012603363335
2.385568591104313
0.007018708150138053
0.35348592300405635
0.38767733433699725
0.33401460342705924
0.08517429828033674
0.14115995886211596
0.6648688434402796
0.0870686441643036
0.24884241405458685
0.2065119034683751
0.5020698166190831
0.034533804652919775
1.0
0.09847709021836104
0.09917678146163666
0.2735880478650117
0.22473709462290614
1.4759764725633033
2.0772728382492005
0.16372467003871094
0.4712619050205724
0.027155745680161658
0.33417570221232396
2.3007581319910937
0.5357600561210702
2.129306228885067
0.4821840505089625
0.02903175496528121
0.4041244296268971
2.3637119866642067
0.3569050641373508
0.38231106124600345
0.29209571325631956
0.09077286433851484
2.0796486204674665
0.5896750946798219
0.05347753834241509
0.24460936299596536
0.18586071312153774
4.440892098500626e-16
0.11661790810197559
1.1369487110153749
1.8695455544242812
0.1944783935368939
0.19134432675139124
0.30743005274996804
0.20049762228817336
0.4817865277742097
0.1804478600593562
0.45165266100272383
0.10142532406698379
0.35860240035419366
0.17612831639332782
0.19416498685834327
2.322742160318775
0.3147815957097233
0.16240307405342058
0.29819028454890883
0.15715981645267796
0.26837125609401724
0.3594456638482164
2.2771042710060705
0.2538088554968372
0.2896604399514109
0.2063752928828526
0.5253598313775978
0.023668848208576065
0.23873449800852287
0.16727464180938378
4.440892098500626e-16
0.008738753809758748
1.0232538399138384
1.6825909989818548
0.057525727859371045
0.4667052749541014
2.1227609512312533
2.422727702307794
0.27747869686943716
0.09579067036278666
0.626380839097326
0.1994619259520114
0.24005686666798276
0.23827374673232704
0.4704569634189806
0.002571486413133428
0.23158851238860922
0.15054717762844527
4.440892098500626e-16
0.9117041852110752
1.0
0.45025572539809744
0.5566822279287855
0.5885497273937297
0.2044910058883218
0.005102627578022378
0.20775865233556345
0.26954706843643983
0.4728395606300957
0.25930989421877193
0.1488496872362397
0.5836889477827949
0.15551004669001145
0.19222380532795302
0.26149206840099204
2.3014635604644447
0.02547318901068074
0.22348437891259287
0.13549245986560088
4.440892098500626e-16
1.0
0.01901984389906275
0.06463039238634494
0.9209666660437463
1.934838570854108
0.5598689778752792
0.413833814917151
0.8841390602627932
2.144978550367785
0.01618350041333727
0.17328749793742304
0.014565150372003899
0.21393749394565376
0.17930808641042972
2.161377277769386
0.28987631765580524
2.4164814593687005
0.2608886858902242
2.227738888140026
0.2482638735205196
0.19233361329089504
0.5408710576735167
0.12073666148821438
0.14685221795505843
0.6335123504219151
0.13216699615955285
0.5569444157637697
0.11895029654359757
0.005196505514448724
0.6563620906659082
0.13695341348459156
0.590725881599317
0.04527430800087284
2.573850823015482
0.12194321387904061
4.440892098500626e-16
0.4119572899320083
0.02358089874779168
0.07175469229317599
0.8172531589043395
0.4039427850258974
0.7355278430139052
0.28999572222191716
0.6619750587125139
2.1574152631808836
0.46375797268262886
0.012025928487199522
0.6990868701550159
0.24267084749755696
2.1511637359071347
2.2244879283608263
2.4724518144844545
0.10653561633779329
0.12938565218952736
2.1823306602960644
0.2166382051007636
0.1928581104219118
0.035902405733541976
0.04424391500726532
0.10178597905903164
0.732749969759003
0.1949743845906875
0.4842645906973462
0.10974889249113673
0.2176204548958438
0.1314358794407624
4.440892098500626e-16
0.027729681438476206
0.4891686172560412
1.0932028791837531
0.9072899474545011
0.38003602652317525
0.08048198053877798
0.4185847682630879
0.033473824087018045
0.3767262914367784
0.08073202265398116
0.6534452678892695
0.0032873891570872615
0.21985493848378823
2.338293318468107
0.19786944463541012
2.0020391355247433
0.30545766408824093
0.09312208739096572
0.018332384177227823
2.0409628318157127
1.8907066625946172
0.8440738175056053
0.12705048706188382
0.4468130208767249
0.09877400324202323
4.440892098500626e-16
0.05597322087625045
1.1865123042267527
0.18583043800164845
0.07035163993300131
0.4038895280573307
0.15196488845488787
0.3471268645585006
2.0338877525495676
0.3124141781026495
0.13800334717750928
0.5884294800160514
0.04473108855329677
0.2758551393984785
2.248269625458631
0.02344266291276753
0.2650849422438313
0.022121413380604693
0.704810909403923
0.12768368708733924
0.6343298184635309
0.05148233653225276
0.5708968366171785
0.2655996889403198
0.08564311706958971
0.13618804719051614
0.06545016454921537
0.12256924247146461
0.7469613870488558
0.06966413626802304
0.41200911911325466
0.08889660291782109
4.440892098500626e-16
0.16021223020818454
0.022927523133969174
0.37869706409708925
0.1567950414761583
0.36527711077022573
0.20272250387551338
0.29497309501013547
0.18304596046136368
0.33574117254829616
0.23636430668138786
0.17109448440591635
0.5403671218494939
0.23047540833932878
0.10295453432882962
0.03561617951943319
0.6652988347171682
0.021496810729894733
0.37969786749371126
0.08000694262603902
0.19621386465939405
0.042451042991102916
0.08862938119652497
0.14189825487396845
0.017234935589137024
1.1818517614846833
0.9363334146637854
0.3610996080749338
0.21194756298897488
0.28378038155525687
0.19831548167005764
0.3258034859616057
0.22983732445383964
0.09422705395939879
0.2652156269830481
0.3162068698108289
0.27031475126582727
0.2845861828297451
0.20685359200845532
0.20802174815027463
0.509377950498477
0.19713241407251303
0.09622069884789042
0.03447532190422731
0.07127615810296106
0.031027789713804488
0.5966192701724617
0.018622657092465467
0.34972877500694377
0.5237170780327327
0.3147558975062492
0.07200624836343517
4.440892098500626e-16
0.10691431448731947
0.05010700848256988
0.3702164063796509
0.21913084484560486
0.27523389156673517
2.2953764832882584
0.2768129237476167
0.20697040762263796
0.23815736838509416
0.47815339685588043
0.16779710278047233
0.08004831780129873
0.08758693775967075
0.5388196088644621
0.08320885863453853
0.2904809325919677
1.6275214740918265
4.440892098500626e-16
0.10123358388684522
0.08211794827228047
0.35510785022624347
0.22474114951771895
0.018172854081235812
2.0658388349594325
0.14074504853650893
0.7349464115628006
0.05317590252657922
0.6614517704065204
0.26982867213511774
0.21008910369888412
0.26215697123217296
0.44711776744834
0.14301256072229585
0.06328479224520223
0.1327102048701505
0.49325853384146967
0.10393606603028083
0.09868069192358808
0.22755777093627438
4.440892098500626e-16
0.0993220203253884
0.6735981047201989
0.08938981829285098
0.5972993124188939
0.08045083646356588
0.10941693846767464
0.3420711801553935
0.2040843199740685
0.050588496625895374
0.6222894605793794
0.26385471529149385
0.3527915255396419
0.23746924376234446
0.21529589045221265
0.28065305085378967
0.41670724677573645
0.12238282542554657
0.04368529253366571
0.16876503776728224
0.4543262870603506
2.1528304756904006
0.11156839982485645
0.20480199384264708
0.18083758249256476
0.770358179490914
0.04706887681164518
0.07976644307687253
0.08334744666397853
1.1127748252227434
0.32827249413725923
0.17861703831407283
0.016699299094632636
0.6101929104268251
0.23525190843133004
0.22183160649237088
0.29425847044598363
0.3872748046407182
0.10577601362962419
0.02244025950357198
0.19732116269658917
0.1936106107852762
0.3298504161711371
0.12089175922663564
0.18432179445838237
4.440892098500626e-16
0.004929573371605045
1.0
0.14525474430409702
1.1427744523721834
0.1307292698736866
0.42884173883148335
0.16242526439213023
0.07604866022785117
0.5726988102272745
2.3647844882050446
0.22907429288773073
0.3035601038654576
0.35912492553960895
0.3245679021435137
0.32321243298564717
0.09295438631630404
0.0004641172835544438
0.19695010750545805
0.20723459132386157
0.3089545504766882
0.1272347627498105
0.16588961501254396
4.440892098500626e-16
0.006838223547731559
0.16054051676946557
0.40220009138754875
0.1537876039757009
2.428573918834065
0.2789504803840437
0.22670003092848745
0.2510554323456393
0.4932957563467131
0.23652287398550342
0.3414378293314382
0.3001866283187127
0.08361253595631801
0.019277305195346095
0.19797855588729885
0.21740658723914397
0.2907825717039998
0.13110024797608366
0.14930065351128974
4.440892098500626e-16
0.02220845286990425
0.18470647423127318
0.980899381047525
0.16623582680814764
0.3773588426463661
0.10444854830527817
2.1857165269506567
0.2752794647457453
0.46761846811059193
0.24701436952009814
0.3373127092301651
0.4531022647271197
0.30358143830714823
0.27852921908247374
0.07717901288022055
0.03714743026454137
0.19992135902248265
0.05707757322960738
0.17992922312023474
0.22474418568562982
0.2748143393312086
0.13292028852960414
0.13437058816016068
4.440892098500626e-16
0.05508183768685271
0.1873481283919709
0.32917810355120025
0.19738706765170733
1.0
1.0
1.0
1.0
0.6676712575538097
0.2945133650822296
0.2861148540530003
0.26506202857400574
0.4455580582515424
0.28640234732182
0.30107621638468096
0.2583941984622484
0.07317585461865228
0.07141774545235968
0.1844107193767739
2.544172586318031
2.0579876158896635
0.13306531849266
0.12093352934414447
4.440892098500626e-16
0.06830846675736524
0.20153112590789135
0.27652158643090985
0.03497896683833801
0.314744673796028
0.2260695136492643
0.6568616711640551
0.2831116315417592
0.4296424871585689
2.290809796962428
0.2968080145924379
0.49793860518283317
0.267127213133195
0.23987236407788792
0.43213059622186023
0.2158851276700986
0.4105060493666848
2.3694554444300167
0.07300004370202373
0.08271704284480119
2.0878038101563474
2.289755327686228
0.47973022768928164
0.13185213957780828
0.1088401764097302
4.440892098500626e-16
0.08163073267241927
1.172702065168032
0.22626247642289243
0.13777639516793272
0.6194866672018264
0.29776471710344055
0.15759725874647046
0.5733442366969115
0.04904469655167354
0.43854216371629207
0.07397174361630121
0.13433504245531402
0.10864276294569475
0.555318253630575
0.4449424188781341
2.6306004140693853
0.09795615876875718
4.440892098500626e-16
0.04380254711162479
0.34892662611928316
0.18985858926381027
0.06205008893095609
0.5873144721919843
0.28374797126774354
0.1991719565415142
2.1190632409358763
0.09284308315771206
0.7328206067759773
0.010276714164344725
0.3475944379000797
0.04063049747137093
0.6595385460983803
0.08799444326813521
0.4020851217062926
0.05314106500913951
0.13176581450435165
0.04224666128806831
0.5442806701553309
0.13738813558338236
0.4024066005448148
0.08816054289188147
4.440892098500626e-16
0.004529629788535772
0.3330198224337373
0.16466772144433506
0.002886367181336169
0.5569578220995623
0.27935341954225734
2.3168980438572078
0.6023841358153561
0.11940351111195113
0.3671907160365766
0.034650377057790394
0.1228138991827219
0.016406071856271964
0.5035914166981357
0.16388998207952543
0.02521606927627129
0.14750098387157262
0.37098199477952143
0.07934448860269327
4.440892098500626e-16
0.02922531543369189
0.3161846123347978
0.14848958601803375
0.05829351267315985
0.054008879165479584
0.05246416140584387
2.2759740632767134
0.019728273202311186
0.3944495203013272
0.5540860733450153
0.17235183277796295
2.155116649500167
2.5005017310710453
0.3339366821386971
0.018903949433740408
0.10889190207882393
0.06512460634045869
0.4843713716234319
0.16984908496236795
0.3418182441618387
0.07141003974242377
4.440892098500626e-16
0.0579212451238007
0.2994151097031228
0.8148135242896828
0.2694735987328123
0.14471639482412968
0.18037966106241043
0.03581644128327355
0.16234169495616868
0.7587676154917347
0.12425341849821692
0.016000627659327193
0.0702307639113755
0.007377488502257279
0.06320768752023653
0.6828908539425598
0.05720039791221332
0.1949015106556793
0.46413895785342696
0.42762607292538846
0.30243340886820036
0.006124364282484862
2.3911903477523797
0.10704928286875681
0.4529191429573247
2.0090405445347495
0.31477742371989725
0.5105387989830543
0.2832996813479074
0.06426903576818122
4.440892098500626e-16
0.10901799145501556
0.25699787834194154
2.1847557929600327
0.011402166626041321
0.6203218083395257
0.07097050918656045
0.22182525537545317
0.46048766936062435
0.4151068065196686
0.27280250440962917
0.23360710692100106
0.15833371182521638
0.1416362688776136
2.314827880424085
0.44775776584257176
0.26139661678993464
1.6525687236768114
4.440892098500626e-16
0.12381598014371065
0.012822511211741272
0.30224457055530607
0.07229413079738833
0.565386678424229
0.08605598380544954
0.24569149677397029
0.1908950177821307
0.42180286186127347
0.10201953510230233
0.22112234709657308
2.032067647271555
0.17113911745560095
1.8459747942899583
0.40087637630866446
0.22216154327656668
0.36642511400224187
0.19994538894891
0.19441302504638003
0.15666396753045575
0.10401014605255643
2.083345092381676
0.1249894168564909
1.8875095248291576
0.4291216509373079
0.07000008274326008
0.2230990045590442
4.440892098500626e-16
0.11271663325051406
0.4588533253230054
0.10144496992546337
0.04176471714609775
0.2792495265795125
0.12160338556007133
0.5276555624725816
0.11392981630173082
0.18879413176923698
1.661377314860962
0.40299943190034426
0.41511242672934934
0.36269948871031055
0.16050954754938118
0.15930532578869538
0.13059655617215427
0.49069459316838415
0.9229793656495975
0.39320949411790274
2.5209545571728587
0.20078910410313977
0.16746071192447243
0.6980292492229867
0.05033863343816791
0.07178979876918523
0.09547694464752965
0.3932758013334059
0.08592925018277597
0.06551319808943745
0.2634849124775691
1.2468033671184102
0.22495899832097166
0.16220860325132236
0.4862829878554962
0.08365742149463351
2.436519044006232
0.07529167934517034
0.3360524500784088
1.1265490884107088
0.34248049459421814
2.365828096251846
0.1303151375926106
0.06846744123810033
0.3493271972865859
0.8700023784964275
0.10179308898882677
0.35748434105243865
0.1807101936928257
4.440892098500626e-16
0.0838876449734407
0.08531036952825133
0.2533572815549441
0.19461604171173974
0.4535495991539271
0.03415726640281136
0.18979229622949667
1.0481422290290592
0.0716496355096119
0.3520793560814983
0.11043687970953897
0.026687977385631
0.20614627839229982
2.18553165055307
0.22739423970828465
0.793181449545667
0.042625108284587654
0.22018650790993632
0.12533667078288957
0.7138633045911007
0.12736221419518845
0.33980692631647713
0.16263917432354313
4.440892098500626e-16
0.08402991742892141
0.10211506073092025
0.247483157570624
0.22050939745595954
0.4116103658788184
0.011762310139580734
0.06599884370364073
0.9504929696771143
0.09969260756680143
0.46125340669450665
0.08972334681012128
2.164453222234812
0.3152775590553283
0.2072992536532574
0.012291589136911085
0.18656932828793238
0.041416673245490365
0.655213195551509
0.14860668540731758
0.32209015111718386
0.1463752568911887
4.440892098500626e-16
0.08583843175912165
0.11665187041489133
0.24478578155915898
0.23961949429824614
0.37162556030489213
0.00398619475525841
0.03565033763443637
0.874385268147094
0.10480346109873473
2.5534884991741524
0.11952383068570249
1.9056768850111379
0.13569431009437238
0.4907452988203431
0.244362944955677
0.1637707281345886
0.028246313634209486
0.6045525445370901
0.16595503197830386
0.3045186616945843
0.13173773120206977
0.15455078144269185
0.11829229149668619
4.440892098500626e-16
0.15504880971228374
0.08891977562469933
0.12946526152931526
0.24426915283306982
0.2528201008989086
2.5237604182855975
2.6657549024299154
0.08299624088398083
0.3784206211965273
0.07469661679558293
1.7151091965100242
0.07305034920290154
0.41723447444274164
0.20354957764665116
0.1502182866845505
0.08587693672449781
0.5606927932812118
0.17981139494993226
0.28724056864533276
0.11856395808186271
4.440892098500626e-16
0.0929743242151595
0.14094565065969178
0.24512424763965512
0.024837951019542004
0.3206621753354959
0.2699111965867811
0.23873787476702724
1.128150883554774
0.024021866838337402
2.038805877337639
0.16817279121353046
0.14378415168854453
1.7965691335140903
0.5226046534480835
2.007498222723009
2.4299731663381747
0.10670756227367661
0.1402934259315729
0.05248374997126981
0.06461081889226672
0.09777145685961486
1.3887738397778016
0.7501035441999768
0.29024089433546507
0.21812802777373363
0.21013177407804662
0.30695666714853687
0.009712061615964274
2.30345059399059
0.07310553459153013
0.5459321368596832
0.21904628945140026
2.3092351099206123
1.0129336085154623
0.2255002678882665
0.5422193778462123
0.1369770969233226
0.050251176831718425
0.3652759010763873
0.26959436583097407
0.1483068179579563
0.5240409804501707
0.09603680604630904
4.440892098500626e-16
0.02185898337057779
0.2830296076792891
0.19728643115795919
0.16701099025872423
0.5132435521188548
0.03378185048580207
0.23016787290876017
0.8890902208750902
0.1487283033148188
0.47429973036925865
0.128304504914162
0.008698469040908208
0.355707747551846
0.2574656110436724
1.8215790822465037
2.2393799477493745
0.08643312544167836
4.440892098500626e-16
0.008629875734406767
0.2744552900271593
0.16085668901628836
0.09898553602096527
0.4585410118583866
0.217566651216071
0.0997140613916514
0.04323288123303115
0.4126869106725479
1.8506997879249916
0.3714182196052924
0.00738687814634531
0.2960601077053937
0.7853083684560982
0.08642549994641158
0.41403930684091783
0.1163439013268377
0.02774215261836588
0.3458835339010289
0.049561141714654866
0.14410014765689017
0.7138218703288892
0.07778981289751075
4.440892098500626e-16
0.035212417163680954
0.2630954299260715
0.13054917838926272
0.03950091991805493
2.4592904779147453
0.02295782043882788
0.3449849337804647
0.698134981615846
0.03637901926767739
0.3610009860241412
0.1019352959323161
0.05955629074663271
0.31625129468239077
0.05901504230887866
0.2010723199240898
2.086824140007326
0.0700108316077599
4.440892098500626e-16
0.05800071843992072
0.2498408047723899
2.348629268678767
0.21037821986522331
0.5817625396654869
0.05516053177299263
0.38029993856400246
0.6246835815274938
0.003358981261504468
0.31470735782849424
0.08578613726442086
0.08522579114020878
0.2905276694450398
0.07322077007039951
0.012498898201474873
1.0
0.8659021617472593
0.06300974844698404
4.440892098500626e-16
1.71598526170105
0.010006202572725442
0.3352694574234967
2.0683316371344667
0.5291023388762426
0.08767447245209326
0.40473830286035195
0.5625511215008956
0.034493818918202024
0.2746580083192036
0.07301776632669821
0.24719220748728254
0.068684944423957
0.10575597897069144
0.26879697950757553
0.06714858288350722
0.05762300028552669
0.7856129204172317
0.05670877360228577
4.440892098500626e-16
0.24778263298599867
0.024521363426895704
0.09490934796770034
1.861498473421019
0.4849595522338248
0.11938085549292055
0.4724756559432137
0.10744276994362778
0.4205195847244063
2.1136835534635896
0.08322945860703079
0.2156044922961584
0.051240852084491806
0.12206007902437932
0.24863213984516896
0.066196024623709
0.13042199229869755
0.7127225057357371
1.7056034515559912
4.440892098500626e-16
1.0
0.22545650603008838
0.4082893505674434
0.20291085542707776
0.0315601618809751
0.10073143417116981
0.2198142633850928
1.9992366972911277
1.0
0.4402517555304364
1.0
1.0
0.6492257302727111
0.4966423485078195
0.16376147520625395
0.36322505625440016
0.4591459595540961
0.13875045142170528
0.4498474124854219
0.12487540627953564
0.1670992709056076
0.7294366924496885
0.09646696197594373
0.18891995785809357
0.13088765545818326
0.1700279620722842
2.1927700260432488
0.13471728510645775
0.10098261242975681
0.12124555659581127
0.10300890684636244
0.10912100093623067
0.23038852832302315
0.07261862139120723
0.18865204364240196
0.470889910006564
0.22159824139765627
4.440892098500626e-16
1.6528306700320101
0.018331002275761676
0.05433578512861459
0.3728171465843708
0.25104715363720587
0.3355354319259334
0.1923888950808923
0.30198188873334075
0.4395939493688097
0.12909779274214372
0.22333301306001552
0.6661397194023131
2.3728753611270594
0.06625183673926927
0.22187462789457157
0.12124775367490948
0.21461153762984164
0.08422196361632661
0.21687583027881807
0.44596074314567336
0.1994384172578907
4.440892098500626e-16
0.11075698261630862
0.5300133709697938
0.010029375335825819
0.3157430947968862
2.4628178640931147
0.13852131477393215
2.4411022066602115
0.12466918329653964
0.2676136836942451
0.36223821134937495
0.35337741021016633
0.037439190275884826
0.21181194047260554
0.13058413207040154
0.20157258022849067
0.09748735028257549
0.23978432156550333
2.2062505501118403
0.17949457553210157
4.440892098500626e-16
1.4875476030288084
0.011064323535325826
0.08370554958829857
0.03788699890788649
0.6811451699225017
1.7099734140043026
0.6130306529302523
0.13896363333631
0.27707613645975826
0.3795008833948543
0.7145856249457445
0.15277488364865555
0.24936852281378208
0.3664876473367471
0.22443167053240387
0.3613521312354546
0.31429575016156086
0.012514077201036145
2.0168616802756407
0.13768297688621267
0.19116405723389907
0.08020658289484928
0.1720476515105096
0.11171704741086774
0.004819165602230946
0.24195788715302946
0.00433724904200794
0.6598830231212895
0.16154511797889137
4.440892098500626e-16
0.04667994725769731
0.47600909633923294
0.026336571568229772
0.1635158813023736
2.516951001369506
0.18487741461840734
0.23812371660270948
0.35664649312806596
0.14989652287372124
0.3209818438152592
2.2023551410515267
2.123181175697974
0.4191436253485694
0.16023585007203245
0.15859518752570523
0.14421226506482832
0.16601459110054506
0.09962970120535708
0.0620847781743219
0.6100492326070497
0.1453906061810022
4.440892098500626e-16
0.005588957101998915
0.4310418438621326
0.040054502541643444
1.3650413038819984
0.8398089464447196
0.39194310973008584
0.03604905228747768
0.10453080696481365
0.8510842809345149
0.19020204481683933
0.28207417863677087
0.06864814532858077
0.28953216396065606
0.04128364259615758
0.40767407432739944
0.14639249766839946
1.961620299655742
0.0958752089022532
1.7880126544755042
0.5635833699644452
0.1308515455629018
4.440892098500626e-16
0.08732855675102158
0.35635370398582467
0.021991066362247125
0.3294010016565423
0.6809983704286537
1.3871014666142116
0.01979195972602099
0.008969298174879015
0.784996057322747
0.19938925819883124
2.4043018391802597
0.09073654719178847
0.2647073118242069
0.0779226857692823
0.38154591666149784
0.06440878206401379
0.3651256529668254
0.09251357743552191
0.3520408260615895
2.1689770576699345
0.11776639100661157
0.1315124583355427
0.053696456863369324
0.05814973700304005
0.9201026910143852
0.46360678285748946
0.7052480017614613
1.1495614472822702
1.6578988600274158
0.11389187220026997
0.41724610457174194
0.016915833935929214
0.07042723737488643
2.4179431611121487
0.0633845136373985
2.428863935058285
2.715851422579444
0.5102354139431569
0.2148951966565491
0.4592118725488419
0.10813362365503032
0.24602884921871393
0.10828500885850367
0.33695044678894703
0.02145533856092996
0.31936172992659095
0.0480581370858113
0.09993903768843726
0.7489845323919457
0.1059897519059505
4.440892098500626e-16
0.14422729543741752
1.4070014088718565
0.028605425643561944
0.30299222342144105
0.02574488307920575
0.17490996024858063
1.0
1.0
0.6977366286582374
0.30755001936806536
0.42410404765946197
0.12192314621139744
0.23225446518269344
2.253533573350081
0.20902901866442392
0.13115155265154854
0.3011098682539597
0.01262636828782071
0.282619743225351
0.03325841960838716
0.16484358715878855
0.6846850543433458
0.09539077671535567
4.440892098500626e-16
0.010895574993512014
0.5233482492676274
0.005679398746426756
0.0985756723414859
0.6587179677292205
0.3192054221972036
0.5069418244780302
0.28728487997748253
2.2817372690117246
0.1538591799749689
0.20124127206313602
0.1481473842117893
0.2722615182573467
0.027044057211849548
0.24503536643161183
0.03962570578157454
0.25103192694197674
0.013448218931669587
0.21682773387724463
0.6257556265805468
0.08585169904382006
4.440892098500626e-16
0.9677709259055902
0.4715813642155062
0.00474610836236522
0.022846308334415255
0.6534952011737687
0.030382665078562354
0.6374456024133259
0.11730810235188294
0.5737010421719937
0.15859738918378596
0.23719485812243057
0.14273765026540808
2.3517522923727654
0.1850623342595057
0.019951681037143842
1.982043487066571
2.0488431881338265
0.060766327897615824
0.17451157318066457
0.05468969510785371
0.2245839123546114
0.009579376349222457
0.257720523147575
2.705980228349734
0.23194847083281722
0.5717652338268744
0.07726652913943788
4.440892098500626e-16
0.5027531459596553
0.018328446140625232
0.0678732531453008
0.04478784261640101
0.1274338516689042
0.04030905835476162
2.3869725213085786
0.14845906302923773
0.5464644418997135
0.10671134399840909
0.2514089972345719
1.7838391383599141
0.4409243214805372
0.07167911683253081
1.909730566231704
0.057588338112339876
0.3956941309532276
0.051829504301105445
0.26593014713222196
0.5223153633581306
0.06953987622549418
4.440892098500626e-16
0.4543106759777551
0.023282926841091012
2.2077187622352845
0.2024190996115749
0.8447271059980324
0.18825960091628602
0.48114686330990075
0.07089930987511117
0.04788418367512293
0.38235247671087436
0.4039998010157362
0.1264618514738931
0.4049982996185877
0.0732395685842171
0.36863162514643655
0.06591561172579574
0.291568668754814
0.47703781464486683
0.0625858886029449
4.440892098500626e-16
0.41120790106408833
1.4726812150468511
1.9869468860117543
0.09770447905061275
2.2327479797775247
0.21754832715564731
0.42594224599139885
0.059020960520086874
0.08133101297869771
0.3845172091413609
0.3509536357667731
0.07331583636464423
0.14971952827278123
0.06598425272817998
0.12814915017268547
0.059385827455361806
0.37841398768772994
0.08848091742869713
0.3472081155472422
0.07963282568582741
0.31011558334381917
0.4355926220406747
0.05632729974265027
4.440892098500626e-16
0.22281898945299616
0.16190705845286857
2.1635060350892985
1.0
1.7882521974105785
0.22377409838703244
2.8649349160842412
1.0
1.02410998618317
0.111884180418091
2.100695762376283
0.2383877190392223
0.37744592534025045
0.044985763170208415
0.11164963259496297
0.3811608518039016
0.2959896805352784
0.015605845941053076
0.35738396323040966
2.320450586561102
2.0989028696626573
0.39766608981087215
0.05069456976838538
4.440892098500626e-16
0.2624912530607837
1.497901913971372
0.30326166538215205
1.0
1.0
1.0
0.6154976347887278
0.3082949790573899
1.0
1.1556073357064065
0.252293539669326
0.3352027564892044
0.029322223593691632
0.1386007545158563
0.37264373467703926
0.26483012788764526
0.021693134976093376
0.08960050825125787
0.12483587314147115
0.5723201831608575
0.3629689378066234
0.04562511279154702
4.440892098500626e-16
0.30381040952133276
0.6215072364736329
0.2734293685692002
0.3220023930417213
0.5231183734041167
0.25009976542753165
1.065275956102699
0.2605844613513124
2.3795676196369424
0.012529925782736484
0.16200505253197406
0.3618623739981004
0.24051642859648936
0.02848387230361027
0.09312404474027947
0.16958430414340953
0.5513850586254341
0.3312345553051155
0.041062601512392494
4.440892098500626e-16
0.21388619240811124
0.2374903163971389
0.44579655952095365
0.11856219327451001
0.9848068066275601
0.0034307467475134246
0.5354540278663364
0.004923572048733504
0.18199078467858776
0.34972777945793787
0.21931317296720287
0.034947889547277455
0.10077007068059274
0.20776437959161154
0.5293700082934025
0.30221735992584353
0.03695634136115311
4.440892098500626e-16
0.168748541527588
0.16916162880533037
0.3893606842414066
0.008225293284301216
0.8859830512900544
0.050457730713871385
0.4824009822845756
0.022630293311719285
0.19876448415652348
0.336686318808864
0.20087664462520927
0.04153010766060916
0.11146950157169488
0.23992494246179064
0.5066547434566466
0.27569125806937445
0.03326070722503793
4.440892098500626e-16
0.13495752449429332
0.11330939750065383
0.34960208648883295
0.08119554117313399
0.8024305192324377
0.09365205587094216
0.4364239133872889
0.04024371239620095
0.2125566676217563
0.3231053513904989
0.18494199092874908
0.048524047051717645
1.8723335471865887
0.26659792256127623
0.4835583949179201
0.25144820298494075
1.7398579571290682
4.440892098500626e-16
0.11099258810715185
0.36571630199764016
0.11083487495443478
0.1533190389790633
0.7315526728962887
2.6326355716356655
0.39680589328817994
0.32671933935588626
0.3571253039593625
0.05747500791875737
0.22361153599863037
0.30928901534432285
0.171300196541047
0.14356171237211335
0.3382081926354905
0.28829396979694
0.4603473757246217
0.05231758697353994
0.20392043221544087
4.440892098500626e-16
0.1364649594961982
1.4605981744928265
0.08441948356108497
0.2111424023707862
0.3951338484430913
0.4665859185108978
0.3271602743553004
0.07408866072674591
0.2321792839331991
0.29549013346399455
0.13981400564973256
0.09538472187135483
0.333216770351636
2.218105667074642
0.4195443968495134
2.5560473757092104
0.183528388993897
4.440892098500626e-16
0.08538507753446467
0.06701824910170728
0.35920757609224907
0.229541546978016
0.4022790554498741
0.45264335409533807
0.3018531129924451
0.08989772304739141
0.23851036888627775
0.2799225206825682
0.11629413289762525
0.0525245726490553
0.07808452660900755
0.5692643167821236
0.1219852195936415
0.3414354479680406
0.16517555009450735
4.440892098500626e-16
0.07014474487084854
0.024395666582311293
0.3462409731808265
0.24681529782520073
0.4073154853144203
0.4375643299850491
0.28065757399793867
2.2243280815876574
0.24265158406590714
0.26355968190407353
0.09941226234295719
0.03946366272325008
1.7600511414275433
0.4159539727152115
1.62564142455631
0.5245364070632759
0.14393024243108155
0.3238094581806874
0.14865799508505662
4.440892098500626e-16
0.060690703725530426
0.01266799739400426
0.3362984056452625
0.2628653165741248
0.11630129591823035
0.2365787849167127
0.4103403697814798
0.4218736543863386
0.030159008439378354
0.35145695419663703
0.24474239384972307
0.24714493994796172
2.156875509443937
0.3740865530493096
0.5182254029310327
2.1056751727517176
2.2679221450017026
0.3062943118711243
0.1337921955765511
4.440892098500626e-16
0.055888433092377454
0.045031038219129016
0.35261297522982105
0.2539549434031869
0.4114936982419657
0.38270218979164206
0.062288803015103866
0.3407854981619458
2.3733657368076706
0.00674289500877201
0.26380356547579886
0.2848553574512742
0.2558353453627573
0.4702510933750581
0.41933980969332474
0.08306391147086511
0.3774058287239921
0.28904410024166705
0.12041297601889589
4.440892098500626e-16
0.05480269360505474
0.07578923192019715
0.8010927172308833
0.06821030872817602
0.342747172047158
0.26970881888706444
0.40861454739693315
0.3506608511139877
0.09013847252978913
0.43898566034923014
0.08112462527681075
0.06937037466498275
0.4829935116411921
0.03244896205547576
0.2089376731830903
0.23078628716987204
0.2772769201639873
0.5029005478792845
0.36856965587575896
0.27218098781938993
0.10837167841700612
4.440892098500626e-16
0.06372237830938943
0.09566399506007528
0.33544333673114934
0.2835993917380506
0.4028191777686416
0.3327210757832475
0.07994920021562812
2.078056556131248
0.43793905668262134
0.05009783316823757
0.1649652771477932
0.004958610080212367
0.14846874943301458
0.17997996643648584
0.2998392829355172
0.4894674586789316
0.3589307890701221
0.2558000568791514
0.0975345105753056
0.12373085818832541
0.05414178487733645
0.05233476330273601
0.06691653998445801
1.2954039848710295
0.33025894223183627
0.2955213703411097
0.3958093675701022
0.3074438882264854
0.13585137541906
0.39760933932164555
0.12226623787715418
0.36233224964399113
0.39915493433118243
0.07643145250949424
0.11562387784606365
0.1319980414992834
0.3188021005098589
0.4764137917180502
0.3486177158510255
2.4792990744342953
0.08778105951777482
4.440892098500626e-16
0.018313869869093224
0.4115849252407173
0.016482482882182126
1.0
0.4556790533956061
0.15299525209844944
1.5143820278650786
0.1376957268886052
2.238607497255021
0.38697281963574426
0.2508877380742156
0.0738063891250409
0.3660145181127117
2.365331266994204
0.3294130663014396
0.36688258614901237
0.08035069504315118
0.09086168591152877
0.08691802729836873
0.33456326963067795
2.089010944641678
0.11989014982249113
0.6725352785955163
0.040647606980690476
0.6052817507359647
0.065826036822493
2.231369166990866
0.07900295356599729
4.440892098500626e-16
0.019948870400220642
0.439180245954752
0.09993459552575956
0.5681082017530876
0.3733643114795875
0.21841832535428907
0.7315221470042488
0.1965764928188598
0.0031170082288802803
0.3331600182861969
0.33822939703842536
2.0588086470355833
0.0730837145905383
0.044769897605466014
0.2199875511365903
0.5513361793446174
0.0790789467254367
0.49620256141015595
0.1638934835588426
0.7277187276996604
0.07110265820939743
4.440892098500626e-16
0.025964041235276625
0.385268761806703
0.03313031579787662
0.5486338127257397
0.3775273621489461
0.17723054435986185
0.03612130923461265
2.245876012451978
0.09852559263102378
0.2945910302926027
0.061298353370938585
0.018294152731259672
0.30274267009840905
0.4301929569132561
0.16381060388523494
0.3871736612219303
0.07473226243299269
0.6620571207506343
1.7181732870619775
4.440892098500626e-16
1.6285268360786382
0.3434288540462447
0.025046097054485017
0.531523167668059
0.3574976803700345
0.16311962084733622
0.19207842293404553
0.5681071166697187
0.11813213639718256
0.2712617626004352
0.053339102760718404
0.013809529551707556
0.3542050649020867
0.3409830688564375
0.0010533241146291061
0.42403407996937315
0.23580972109465526
4.440892098500626e-16
0.25909008230490826
0.3115905783470687
0.07569380411584348
0.5141206189382572
2.9261085926842796
0.12759981646919805
0.11605986897366982
0.5231096186424651
0.1304100847379992
0.47079865677821786
0.16444894194201964
0.4237187911003968
0.1334450990175089
1.909513061621329
0.049386145439816787
0.047849083086745736
0.3528828652975218
0.3067794295593309
0.04145541629377192
0.4052116440819016
0.2122287489851895
4.440892098500626e-16
0.26434013190912253
0.28800090092394726
0.11953648559808272
0.17009769777600425
0.643430715333114
0.10323384792491197
0.7351459645458398
0.09291046313242113
0.03730882457580442
0.3946914218921087
0.07085071704637436
0.44535941732257633
0.049232439204510925
0.07835246130782281
0.34827252172370216
0.28024702823277536
0.07783103907258493
0.3859133545722302
1.5911598053637643
4.440892098500626e-16
0.26670620881060714
1.536853196490977
0.12459260681587736
0.21743099953171452
0.5987020749055354
0.08735029927675875
2.3150820277024184
0.34813720799826164
0.2646587898468944
0.31332348719843495
0.019229703609479287
1.763097697191455
0.05214444141484087
0.10534446734941127
0.018373768186437545
0.09481002061447086
0.007055389306346527
0.08532901855302377
0.3414699723746093
0.26000542931675685
0.10863927062254941
0.1882060385786306
1.432043824827388
4.440892098500626e-16
0.08635026828045156
0.437299039722042
0.1338764460874593
0.2555581070690991
0.5475668973426586
0.15289293342115862
2.083573824932177
0.28006816811764423
0.19361650296767685
0.5872709333713999
0.0754783479250456
0.11094311393518197
0.013277362873109766
0.09984880254166306
0.021934506839963674
0.08986392228749729
0.33332351806882343
2.304948405215433
0.11659594741815749
0.0261810522380288
0.4933262371057858
4.440892098500626e-16
0.12144514542460882
0.40695678035858407
0.14604461218562292
0.2847589860964561
0.32376990668535655
0.2562830874868105
0.4775209142662753
0.3459610225722596
0.6070655559023272
0.2326997010091123
0.11552775933376935
0.5360916748267641
2.0813544348618933
0.11420988186563186
0.06949632574039821
0.48702324871069536
0.10755445790014484
0.24793222907819157
0.09679901211013053
0.07289557072480424
0.4439936133952074
4.440892098500626e-16
0.1499963089180092
1.4675934588499437
0.1855443583253873
0.27840687016475485
0.3951727205824227
0.2506583647248011
0.6047062122603535
0.2255925282523208
0.5696289704130049
0.19787695497482538
0.050365815917716716
0.2743470638578991
0.3175525286817269
0.10973852625310698
0.11124901803742748
2.123155889564959
0.09440866797159764
0.11000537499184482
0.39959425205568655
4.440892098500626e-16
0.011762667858786102
0.5461793452588211
0.1948306095093244
0.29008345520652057
0.3080303592264677
0.1460703783857884
0.5324537688691873
0.1730526778855701
0.35789500978076205
0.15574741009701398
0.017894527940153893
0.27866761034028187
0.29677112843886455
0.10988957543153965
0.11219147272281127
0.6805127265943094
0.09596833867362253
0.13896426269822904
0.35963482685011794
4.440892098500626e-16
0.04403153345297639
0.5110444716838707
0.2043558940790433
0.29187814560851777
0.26262028546524263
0.07821796366029155
0.5120884007805255
0.09734011203546444
0.46087956070247316
0.1383832162932972
0.011761685887890394
0.2804779621501403
0.27808297313813135
0.0876814706161042
0.03292105279109947
0.6220582878022407
0.10026793107608256
0.16103131911341784
0.32367134416510623
4.440892098500626e-16
0.09073282727606724
0.48037561392338546
0.21310811923199324
0.5652990954272354
0.19179730730879285
0.28895235959419097
0.2285364605526894
0.026900628854036768
0.4286299262615554
0.12572106325275634
0.03863331351411681
0.28023846324893853
0.25904282288592917
0.07562121827538526
0.03257688126823499
0.5698792521296241
0.10634426987981627
0.2725178281414964
0.09570984289183482
0.17729532161858685
0.3561836369955129
0.15956578945672817
0.2913042097485956
4.440892098500626e-16
0.12969710594079942
0.47282859518512765
2.52794891661539
2.4319533078229014
0.2083728773828213
0.0670735585947888
0.39833903996067654
0.11701228827889132
0.06279382848759951
0.27811889921263777
0.24070066242487442
0.07131678457466961
0.08630711835437399
0.5330967381938265
0.11982496971018275
2.3365218522416353
0.10286966701747158
0.40639181671007885
0.26217378877373587
4.440892098500626e-16
0.16401025486523224
0.17275084400507623
2.275154024953853
0.546943388210611
0.19424294550402266
0.10020010673137669
0.370206364792498
0.11159044229976267
0.08432633556010316
0.27437707553386126
0.13425310427349757
0.24693936798047567
0.22376227463985465
0.07281581795263925
0.13098608033832004
0.49176956134546135
0.08517053081399073
0.3919700139164446
0.23595640989636246
0.11137125820254745
1.8997658676177074
4.440892098500626e-16
0.16488431377921486
0.07203964289081455
0.4933221147330258
0.5116733439399503
0.18483866162675966
0.12720073253748865
0.3443447725432254
0.10886403162579583
0.12802534635552654
0.2446216586464125
0.2086676289711331
0.0786328441912083
0.16706442843903346
0.06592333671937745
0.15035798559513047
0.4340755521295163
2.2583024735061494
0.3763686535144366
0.21005574872982002
0.33873178816299276
0.21236076890672617
4.440892098500626e-16
0.14119191811220944
0.015503467128429094
0.4951572376537179
0.14648655769714125
0.44564151388834716
0.4789898757086313
0.17907486871783007
2.531385006676251
0.32079669845148295
0.11078016309876837
0.13968497758461496
0.24102625567888403
0.19566415049314223
0.10251180117550263
0.17872974224856897
0.1648377495659501
0.2598838151774112
0.3260946862373659
0.19112469201605364
4.440892098500626e-16
0.12552237958814416
0.08012675473861819
0.44897635007037806
0.4489983750095483
0.09197111882157571
0.43413330705083375
0.29979504491621256
0.1136706445473532
2.3733334405731856
0.2364900451603109
0.18634891556137667
0.11013359528280908
0.177340542980307
0.17434235612709603
0.2665049022834065
0.3125976868152347
0.17201222281444828
4.440892098500626e-16
0.12098281710319014
0.11701171427179702
0.44897855256429153
0.2661975435797288
0.40408069730786167
0.39490142562643626
0.03936067623433104
0.42069948083737074
0.28118260487932645
0.13502976396470068
0.410801453967391
0.23147593220041784
0.0007724678794982509
0.20832833898037606
0.1787273835335199
0.11685429005255976
0.17704072429498563
2.2778975229972653
2.085111097901616
0.2985391404151563
1.6384918047376864
4.440892098500626e-16
0.12058570682005154
0.19061646783183406
0.40316277013971913
0.35147521544035953
0.006645339472836298
2.3637297847974477
0.23956136799492356
0.40197963888215327
0.21560523119543085
0.08044664217149133
0.4137017356887309
0.20536824343569116
0.17254007418542372
0.12287293347680261
0.06845310043424035
0.002170586421035736
2.001953527778932
0.20283725325229263
0.5094792045682661
0.10483604589987205
0.3186601810067722
4.440892098500626e-16
0.12758878292122944
0.21187109806262328
0.39799401466978424
0.31699222784360614
0.2303921729541898
0.6886374316403465
0.1860000438587388
2.3987347941384307
0.3928683864634266
0.20208542651066352
0.16757336011456303
2.1459553222995122
0.15887128771230596
2.0703914960227676
0.4690148887014267
2.3271301086099005
0.28679416290609483
4.440892098500626e-16
0.13601701443537095
0.23048338972333937
0.3898938359871664
0.26225378776382513
0.13848921249473634
1.7352083013296493
0.12464029124526377
0.6383736928621868
0.07247343994097832
0.24812851367471644
0.3737900904681499
0.1986342198710549
0.06377950812684574
0.13402763830898579
0.06405499066120068
0.4874420868563085
0.1894003889702942
0.3876108865621619
0.2581147466154854
4.440892098500626e-16
0.14546365196416744
0.2464244343497235
0.37712983116482945
0.2097154586134451
0.04833889283451853
2.2600579187679557
0.040413244579408314
0.26069467135405944
0.35627450340844113
0.172392847071265
0.0439987934832633
0.11421937541196847
0.00890528290945003
0.4576379170677072
0.04213965318710766
0.4118741253609368
0.2092214387294815
0.37466127256749404
0.23230327195393707
4.440892098500626e-16
0.15555973020272518
0.2594949740312309
0.360388393909691
0.18391002346864838
0.2695107954278626
0.7892534470007249
0.01030245298606225
0.27025265455949743
0.33788633777472477
0.15075368301581094
0.02817697659373941
0.10190690957982618
0.07893644962435964
0.39160885669779066
0.225765422113283
0.36042547250613843
0.20668686091248922
0.3243829252555246
0.20907294475854332
4.440892098500626e-16
0.09153575400170766
0.16595325458557397
1.6640005722695683
0.6342057706670161
0.567790658955662
0.3427405568655857
0.138567941578998
0.16363437118500102
0.7092978570020456
0.017753057768494784
0.27701602288101945
0.31917307229883285
0.13286061705485608
0.1263471165024228
0.3964496545228364
0.30054182677443464
0.11957455534937012
0.015168587976383208
0.09960986358428059
0.11020369033170319
0.17073670958919074
0.09918332129853269
0.3750245132393397
0.2716697196781208
0.3128519272058261
0.18816565028268917
4.440892098500626e-16
0.01704212809993777
0.47025842893259195
1.6282430633600598
0.7953979292406821
0.03168792760331485
0.4232325860393331
0.3223232953369255
0.10834771030259915
0.07634114836629635
0.6401433770786902
0.043679354279747784
0.3112859105002439
0.28244509963192854
0.1061002410167955
0.003690742820317894
1.9763361687580652
0.12676744049261313
0.36468903388321827
0.2757879404308916
0.3003832995135123
0.16934908525442038
4.440892098500626e-16
0.07084239344691667
0.413141656969092
0.300925736833495
0.08987882443570783
0.004692695821795212
0.5804969747987965
0.3059712924791853
1.1117569380481207
0.05382627124026129
0.5224472773189177
0.07044000990179633
0.30840182941341254
0.2648106137704165
0.09512114263308291
0.1457919987521059
0.08560902836977391
0.1397737017138727
0.07704812553279616
2.1302809207825035
0.3208979393139444
0.15055959983167355
0.3557989245379858
0.27824747633915337
0.2872798780876029
1.6408886285417115
4.440892098500626e-16
0.0572380338479519
0.10507231979913456
0.401920064955533
2.569441702443264
0.08580429953398294
0.10068837184812907
0.47724655057720433
0.09423619185295884
0.4122341501290112
0.08481257266766207
0.30404270784911347
0.356843545747795
0.27363843706420177
0.26410738204694084
0.46799518129292395
0.23769664384224676
0.14368477909873434
0.04416260059555199
0.30386410536571695
0.17108353230230477
0.3480437797181031
0.18677823547534
0.0989036492377604
0.18877955704388505
0.3132394017462925
0.2791507165139979
0.14737370771594538
0.2512356448625983
0.09446302742467161
0.31795428056995423
0.08501672468220445
0.3165030395831496
4.440892098500626e-16
0.13475709431477156
0.10478388821565332
0.5453456457914392
0.08729270676539969
0.13834418972103535
0.44742677197154634
0.42008622321803557
0.4026840947743917
0.13409942989222756
0.2964549959467
0.19955850154815025
0.12490004112930642
0.07013275107256867
0.3094640037637646
0.20122554151412597
0.33495409770932305
0.24406005558702581
0.10816535617229883
0.2848527356248347
4.440892098500626e-16
0.13175977370485725
0.1488400639732319
0.49954035188883594
0.09239785506096254
0.20952085742352722
0.37582562828617405
0.15033498649767552
0.2867653465068454
0.16711264728040476
0.4816324424307119
0.15040138255236357
0.10539676190911962
0.09406587634168773
1.8721251567266002
1.9499872255418165
2.232919761873367
0.2304705856455529
0.12583409411755264
0.25636746206235106
4.440892098500626e-16
0.133467802731694
0.18391009276479053
2.4169861319669614
0.10411015529721723
0.22615133450979386
0.35327656410732367
2.4079354340218675
0.28984021483943856
0.12482156810621525
0.08545049808403782
0.10255322696514213
0.29085395065727937
0.18630514350049054
2.00962778568603
0.22000693649275327
0.13888743091203226
0.23073071585611604
4.440892098500626e-16
0.13851203173500082
0.0761795297083836
0.7109357309324693
0.11631427321847454
0.2388638574695463
0.07715536429440384
0.43375558738472186
0.2733383501661173
0.10379436148718924
0.08716077097214736
0.06321250920290034
0.07848762211157023
0.05689125828260977
0.07632798572867472
0.07884185897643015
0.4713709294022177
0.08469884824125451
0.09045507062348435
0.051202132454347904
0.28039906994160013
0.03328814941816116
1.808665007117427
0.21189498593468148
0.14807175940644068
0.20765764427050426
0.10563482503697186
0.649292386815703
0.05396108271987643
0.04710128697246241
0.11704287559065918
0.0025319963557031144
0.6514735851610709
0.12856923164358136
0.22269300815203152
1.1195900332797422
0.20042370733682802
1.027673400685451
0.6544715889868087
0.15802398002811202
0.18038133660314415
0.11281538660343493
0.5102533047028075
0.10153384794309162
0.41771386366286123
0.26485383612235047
0.06718345635478151
0.08652977680657159
0.05325918833578136
0.07787679912591372
0.0180420122147531
0.24903034800562374
1.7702902023958673
2.220778088723584
0.033796814948501286
0.1880406904662113
0.23305902208561058
1.7902468801229503
0.0304171334536516
0.9972231997720753
0.2724791736171088
0.897500879794868
0.20551266328185758
0.2689544241247974
0.18496139695367209
0.15403034789284709
0.1868918798434538
4.440892098500626e-16
0.10559178766716215
0.14231798279627483
0.09503260890044629
0.06742615523624096
0.6149855478121324
0.1602597156856156
0.18377812639748115
0.13315184951506787
0.40242786090881033
0.24508679814559464
0.0440244531260543
0.07189332043479801
0.17035946420500991
0.09265554804321852
0.15332351778450892
0.21970158613755508
0.16209698784840842
0.8467981978389334
0.18186829204758936
0.15731650108790785
0.1682026918591082
4.440892098500626e-16
0.09227196353402434
1.937831938818693
0.569512964599479
0.16261155675680428
0.17871549870924142
0.1600794506544414
0.3866937546324891
0.2249805636436406
0.032432675769969777
0.09707228659027045
1.9012776549826533
0.21394112630863837
0.23056710884746145
0.7803052072597989
0.17941311295162166
0.2966832619076065
0.16147180165645914
0.15840512016502784
0.15138242267319724
4.440892098500626e-16
0.11073842670124989
0.12042956994332243
0.09966458403112455
0.3729165848356466
0.5288228238152115
0.16422195095205083
0.1768518939037591
0.18274088105224529
0.370522435533605
0.20572577485627264
0.01948217953394682
0.27749282342951
0.09550087073682789
0.21560372456252175
0.285540918688695
0.7363631779946278
0.16116513350731587
0.15770285041584486
0.13624418040587738
4.440892098500626e-16
1.8816469286478963
0.38850720873360345
0.4923627365288965
0.16548494524722202
0.1774407926186079
0.20151903650038072
0.3540427694658721
2.5572276229021274
0.3015048606119137
0.44282417761425386
0.010215320762398505
0.24019345401287673
0.1075111561193971
0.2225974439751397
0.301593419790958
1.728565922188137
0.3306231446192882
0.678843373545897
0.16081890519816788
0.15555698341484803
0.12261976236528982
4.440892098500626e-16
1.693482235783108
0.39889276151313524
0.45967495740072906
0.16668052998435812
0.17984861700678678
2.537130480799048
0.10719814799049843
0.397520227776587
0.033213134087445084
0.20542299299964917
0.05383680731384288
0.406256606258367
0.36544516751194944
0.6270409267111239
0.16029271301983528
0.15226326130989243
0.44028389547064783
0.13703693517890336
0.1103577861287608
4.440892098500626e-16
0.3247166221817075
0.2922449599635364
0.3838464463233251
0.4374813431628688
0.34546180169099117
1.8600804004450602
0.43037551465909374
0.16799733868660027
0.09184929277379794
0.48120427267588184
0.13623035596910782
0.35444689159018417
0.0504341199786662
0.19026437443106836
0.007827465956621538
0.4021754623837239
0.39160474343186724
0.5803661053419944
0.17319346136673186
0.1343690202738892
0.09932200751588471
4.440892098500626e-16
0.12490758147738745
0.6340165726123068
0.4041376970618451
0.14201267554055974
0.0345439362288289
0.4467068810052055
0.15805200953121457
2.3908335042488247
0.06441714542390642
0.1720206835836251
1.7252846648429632
0.4011183904885396
2.004309472329812
0.5396488409444684
0.16931101725744746
0.1308643189980887
0.4364825333686708
0.11777788709827997
0.08938980676429642
4.440892098500626e-16
0.17581848059088045
0.6110286850572599
0.377925194909718
0.12435701436362123
0.7301894008126233
0.11192131292725804
3.0199683642405475
0.41784139385780605
0.09683654184678936
2.350244372817466
0.0871528876621106
0.5466004263157931
0.07517749923987793
0.3273470817095596
0.24581313241056257
0.1605756042067057
0.664876710950308
0.502615058575766
2.145299821359364
0.452353552718189
0.17724413614133905
0.11493907906488143
0.08045082608786691
4.440892098500626e-16
0.21933950103751698
0.30718047236690893
1.7235375748697805
0.5877183360425065
0.36376050814783767
0.20126765478952535
2.7179715278164913
0.3576583115211349
0.02377755626431899
0.4844226337602251
2.425670275815367
0.18310324823383084
0.1421725700946901
0.17901018041991534
0.1279553130852218
0.17390469368644546
0.1151597817767005
0.27003106029754775
0.2372893795901767
0.21100571488106645
0.6938859009846734
0.42484261106050347
0.1710136304336931
0.11149025376718003
0.07240574347908035
4.440892098500626e-16
0.428531142024994
0.5653225532530399
0.307257691854101
0.4529380420922209
0.6649251052381722
0.31951472474258935
0.027042462738135598
0.23194210929832515
0.07664069756927638
0.21929901630877602
0.23466101311926657
0.25929373349142715
0.6669815719922569
0.3994597129978219
0.16506129276704318
0.10758180273837015
0.0651651691311721
4.440892098500626e-16
0.26758372613965165
0.44221028314779787
0.5395160671131443
0.23123811845946918
0.34115172735918264
0.5688268495999935
0.30703655462326296
0.630384067188615
0.2902674985421445
0.0475324273941542
0.21641196812542063
0.04704672618147043
0.1739030133659707
0.23712428515648298
0.3000625173415088
0.6402293860928134
0.0704758820988367
0.576206447483532
0.3760198709747442
0.15931334376417539
0.10334013937765008
0.05864865221805493
4.440892098500626e-16
0.4519408615443332
1.9678325818083806
0.14329547841527912
0.21329449244207765
0.5963724103239691
0.2659939914273455
0.06442038146728102
0.1994754439310249
0.024951752226726853
0.13280028351372586
0.1976284494781222
0.1195202551623531
0.24341810837498556
0.39169984896499344
0.556187789832653
2.7535144774564158
0.15371602332552303
0.0988709906616907
2.138272306317149
0.08898389159552167
0.052783786996249304
4.440892098500626e-16
0.20996351720906148
1.771049323627544
2.8038633737459904
0.13232780216547013
0.563334568434307
0.24583663043133974
0.5659198031394865
0.22125296738820666
0.07792588771365594
0.1820230747605951
0.0027754768635546156
0.08322641880861958
0.19814027192740724
0.07490377692775674
0.25824628243398706
0.40814864305175824
0.22521756310374652
2.4781630297107746
0.15712990921869263
0.08536388113559479
0.047505408296624196
4.440892098500626e-16
0.011862233125398802
0.6165196732582956
0.3747900384875926
0.06276156510549313
0.55371007137283
0.20692025942075176
0.08833560641834914
0.1635432195981803
0.018310948750837497
0.18078547753177965
0.016479853875754458
1.814183377572558
0.3672349601846978
0.13982956676567326
0.27323651849576436
0.2742649296832127
1.7531615632851079
0.3898555350569577
0.04512049617770586
0.19467742431317525
0.04060844655993545
0.9086015622248276
0.14995330641038151
0.47898340312352605
0.13495797576934354
0.08157803385169782
0.04275486746696178
4.440892098500626e-16
0.07232797713868777
0.592346709781225
0.33103487812828547
0.0011144014576629502
0.44029068306059926
0.0010029613118973657
2.747046997290628
0.1950617941205106
0.5716513249184842
0.17555561470845937
0.09585636773633333
0.14370981737570254
0.18226724956886642
0.022145894389829834
1.5778454069565964
0.3422970872774993
0.05431255431854076
0.8462325342203165
0.12961998157758003
0.07769571721322421
0.03847938072026569
4.440892098500626e-16
0.12199486630915501
1.7128674188018351
0.566215526615931
0.2977196540385023
0.2756073649097708
2.472342297561564
0.16758569001124712
0.10064171270026989
0.11111211068124582
0.16625511405096383
0.07465034764558887
0.6092671118934359
0.015407194717818484
0.09217008226743317
0.04348767360811934
0.21251797302780773
2.3039596021074953
0.22599424611702812
1.0
0.8298239386029422
0.12442755514114445
0.07377408356392845
1.8765467353730818
0.06639667520753578
0.03463144264823903
4.440892098500626e-16
1.0
1.541580676921651
0.5393659393581878
0.24038695214367678
0.4952808581749508
2.225108067805408
0.16089129228014976
2.7082287924488355
0.08337538820802415
0.15709463741042562
0.09629134492580249
1.0
0.5467996812323097
0.010791779970368509
0.8539020596458275
0.3134986339816024
0.13350455230871816
0.7870140344701575
0.1260018755041754
0.06322015195160624
0.03116829838341495
4.440892098500626e-16
0.2432431023402799
0.6860390381716321
0.28257791755158124
0.6174351343544693
0.16682017111181224
0.6682635791379958
1.3333902655554226
0.12602071619275002
0.3808491705640531
0.059328385646178816
0.3939446115940157
0.05339554708156058
0.15101430816196348
0.09539581347180182
0.13591287734576696
0.16062167638936664
0.6835786893019655
0.2954992258143143
0.19885550052486245
0.20981609794107747
0.17896995047237585
2.4845315398312273
0.11972370314891911
0.06001496659478711
0.028051468545073455
4.440892098500626e-16
0.34926620935886277
0.5723736380302
0.08331179608683215
0.4680981946686522
1.1874491673806027
0.07533372751706935
0.3540366467804219
0.01936327382263059
0.13838375725012675
0.07620163982023342
0.6447707429532006
0.3037318483326086
0.08738019855798473
0.9813383428715738
0.11375282949350574
0.05681861678981548
0.025246321690566287
4.440892098500626e-16
0.13547055138314334
0.3715769522259933
0.953057747368387
0.33441925700339326
0.5234674538358632
0.028170797011284776
0.30254345846372743
1.061170877890838
0.03239669008731916
0.32056930948464135
0.0035885707153546775
0.13216554550713688
0.004104401542889491
0.610666853491141
0.2646206436435481
0.019491655584971568
0.8945797915337668
0.10805940822313698
0.05366138727989078
1.7811445982528777
4.440892098500626e-16
0.3533240766866399
0.47393778815340326
0.0049006285362160895
0.16617202482827054
0.9518141210930224
2.5415143387469072
0.2888712356077132
0.009986840906893946
0.11935943111071268
0.05737272396051374
0.5760622325063807
0.24010774483769204
0.10700046917985073
0.815927753202704
0.10261960612881182
0.5270013563098352
0.09235764551593029
2.930466939989992
0.2008361493467974
4.440892098500626e-16
0.36538544783331517
0.4260539464844406
0.02102776816542118
0.05437341023614195
0.6024812751090316
0.2859384673053391
0.2589854279562527
0.020924099927276174
0.10168621560359092
0.10924167481510061
0.5424667837395116
0.22679701727190782
0.0873837556977417
0.20411731554471757
2.2106426758148903
0.7538327030469079
0.20992481303466182
0.18331109766029252
0.1807525344121177
4.440892098500626e-16
0.37145229769842913
0.38134577501945444
0.045141247791363526
0.7152938647093698
0.37244164543053415
0.3432111975175083
0.024362332372493967
2.153127429581396
0.5708269943286588
0.28324316337043065
0.2309944751679005
0.029000311494908004
0.08059342656172142
0.1525641857075417
0.5313115386472216
0.037358683591241615
1.9895784082334016
0.6574569514387507
0.1706012219651658
0.18305524133547468
0.16267728097090606
4.440892098500626e-16
0.3695186006392319
0.3064538445285052
0.23723884209338308
0.2837075006893812
0.542068611232839
2.344281067939793
0.10985296114581189
0.5124464013441568
0.20499499650162
0.03415962300158881
0.05727766533479617
0.19043892100151005
2.2857806209646387
0.009318340253237523
0.032506006701165546
0.005135905557798637
0.029255406031049702
0.17139502890135816
0.47444451642337526
0.23258065605545752
1.7906205674100617
2.646391940057475
0.13523557563510114
0.4319608241669517
2.388764741750257
0.18101744529901787
0.6921586244204718
0.162915700769116
1.6574567349005718
4.440892098500626e-16
0.36321212502815925
0.2520845758663164
0.18514420781510665
1.966185436692193
2.627517392283906
0.4817012608599036
0.18107953455129966
0.04264756850813001
0.009190362537809804
0.2016999776535613
0.4037419991754909
2.0720631777177694
1.5837597312656193
0.06447322098817665
0.9558330287983212
1.0
1.0
1.0012087260402094
0.8560001540125413
1.0
0.9666075553603788
1.031788714646738
1.0
1.0
0.9017685029099765
0.9678792564821528
1.0
0.9308533893101574
0.9900144181777275
1.0
0.9635989330775852
1.0
1.0
0.978840292664434
0.973034578459897
1.0
1.0
1.0598425731284875
1.0
0.9348782734135002
1.1359400998192726
1.0457109593660698
0.8571919333371554
0.9692320257719622
0.9928904419967992
1.0271738239314807
1.011166163041767
0.9672390397698258
1.0
1.0
0.9246736189433999
1.0058641637122294
1.001020828188615
1.0070859928700369
0.9782597212439805
1.0468192708280064
0.9582361775066319
0.9706756722792687
1.0
0.9216741830788218
0.9873779441286219
1.0
0.9146269364355248
1.0
0.8407385311932334
0.9304826535385082
0.20273485662774338
0.535083171819692
0.151557770710248
2.639234332055336
1.4917110614105145
4.440892098500626e-16
0.3520993701119757
0.20836169749817302
0.3632483307028167
0.24341041618455606
0.6156001487643721
0.45163908822904375
0.15870682424535687
0.039301847911099586
0.011898671481327838
0.2219041798057546
0.1561614814861656
0.17003336060241558
1.0
0.6534671341707892
0.6020460734365951
2.1650440446462555
0.0956307842666293
0.46132633250492416
4.440892098500626e-16
0.3377256028505933
0.1512006946780744
0.30258245601407907
0.280629389442538
0.5992040427108414
0.42234586183067613
0.13890595702970998
0.03418179597185578
0.03289922231376963
0.21532990997379642
0.1235419972773073
0.09882827994182186
0.6483250280973696
0.3253370616283098
0.09854604332497807
0.13220033909045892
0.4151936992544316
4.440892098500626e-16
0.3190731120333439
0.10582237960885621
0.24426127146841736
0.5374238813553873
0.21983514432157492
0.31248685476937155
0.581518224622819
0.3940018713505804
0.12159718172955358
0.02747369414329448
0.051142291079772306
2.0006426843173415
0.10130496955539314
0.024112949137901296
0.6160262314504639
0.30265795979797616
1.9583942445141274
0.16049967510685637
1.4301919584453988
4.440892098500626e-16
0.2977480387908962
0.04883050006896994
0.1666029444124817
0.33938999175471807
0.5627665892955953
0.36676140238847843
0.10669009414226771
0.01961209562098709
0.15403620645994032
0.4163458840914238
0.08876317768606334
0.03990096892093575
0.5846894042852151
0.07655273936676554
0.3138008648636257
0.02074227731300704
0.4973817598581469
2.459952241906649e-10
1.5974173712500424
0.027287155620825843
0.11600365079576136
0.36172765150880437
2.600674553594878
0.3407542715638563
0.3958326807879011
0.30667884440746995
0.09405987516594294
0.033054506704882414
1.9949681359866247
0.38358761345088865
0.08387695680955076
0.09437981245736182
1.8618092904694397
0.32437163857750306
0.15101252088439132
0.10123909783531637
0.7200566668403141
0.10027755191645138
0.28449500610856404
0.06840622556752107
0.4476435838477326
0.036177595286169595
0.4028792254629594
2.213956795671379e-10
0.4353267376057879
0.012958074979167122
0.06823052056530443
0.4266142672103328
0.06140746850877221
0.0654874309984379
0.07011993351118662
0.05893868789859269
0.8679768375615069
0.28541694748331636
0.0813484369788604
0.22924586963305593
0.31022606421417187
0.7295748297945135
0.05028900631766753
0.2063212826697498
0.1408575775389469
0.3536165477867552
0.07480333259079863
0.01910952136775279
0.6580787553479279
2.522439884666338
0.26288612805445943
0.15132698003462153
0.2701958961997031
0.39723189860774166
0.23659751524901385
0.1466178839418384
0.3625913028945238
1.9925616712157534e-10
0.393089871343129
0.0013015314261615174
0.04282410976819051
0.13984250286488376
2.427404781991541
0.1846643037923883
2.16619787341315
0.27003899706463663
0.02462797741892686
0.17160339664888014
0.16213347456372773
0.32573522626715956
0.06541204719494331
0.04860930630381333
0.37975008120727605
0.1161459243802021
0.34177507308654853
0.38116846027186835
0.22759955211829652
0.1682152258371068
0.4545421399621441
0.15139370325339607
0.3263321725851458
1.793305504094178e-10
0.3536507310661996
0.005453789260364772
0.02455744850488273
0.3335020129620716
1.2960850138006208
0.24549789510006725
2.664109045188722
0.13822970952761793
0.17849364973407056
0.2997029083599383
0.06373177310582889
0.11590089110281632
0.3457144118050799
0.36581156945651117
0.2368004898155176
0.16888755018657076
0.2936989553086984
1.6139745095955504e-10
0.3177402790335435
0.007364155184816923
0.05545190495060126
0.17054331028580094
1.1910263019305631
0.045462798928811665
0.2575927735782564
0.10655737360145068
1.843619792571637
0.27610579483452646
0.06894868490552852
0.13888224317304143
0.3477241275702232
0.0010099706959962873
1.9990910263736037
0.3529104614924119
0.23000919585262292
0.18136869069878347
0.2643290597616885
1.452576947613693e-10
0.2852298356117089
0.012172930161394646
0.06696104548412052
0.034386349064167376
1.06737739184463
0.015157241678103617
0.22117775886028568
0.22282286191076217
0.26073271301474676
0.33321620479975067
0.16154488829700142
0.0035702890222566452
0.9465118552085379
0.0032132601200309807
0.09374916350031981
0.09681629172574802
0.12895305378299948
0.27346028233141517
0.22514514533723862
0.18966472760507402
0.23789615377099382
1.3073186977408113e-10
0.2554895590343982
0.017651741693665457
0.06370357584212627
0.07579002502671273
0.9591239284923567
0.4009393496786515
0.08949398581225765
0.1641234153732789
0.8632115356431207
0.008476258375734957
0.17677769678318
0.2231283469417349
0.7167560484326732
1.0
0.9937831445754313
1.0
0.9355365091006131
1.0077985723147247
1.0688405731797932
1.0
1.0
0.9300826522272896
0.8272338694937034
1.0
1.0674084643190085
1.0668118969781606
1.0805641192484199
0.8869199791278319
1.0392838133620739
0.9965955624406053
0.9534833588394473
1.0
1.0
1.0274795148652682
0.9709543728935532
0.9737602380731651
1.0
0.9581350229555028
1.0
1.0
0.9924695619676864
0.9877397288543843
1.0
1.0398581527113802
0.873858935604197
0.9854913148809477
1.0
1.1401710092177204
0.8752566169182927
0.9270914999565587
1.099808245676405
0.9749471514966697
0.9795010452493358
1.0
0.9330902103659948
0.9806052260156015
0.9460203780211511
1.0017656936506665
0.9593115020954173
0.9702035072794413
1.0
1.0284930626285274
0.966129954239209
1.0
1.050485147186155
0.9385349091181094
0.9892963424910644
1.0134331595534416
0.9610692876633031
1.0
1.0539182170247958
1.0
0.9454366324675387
0.9853166057933702
0.9869196968003813
1.0771116451599845
1.0
1.0016547353273353
0.995363215047929
1.0
1.0
1.0020321441677353
0.9650816135310283
0.9858095772937272
1.0227059016160105
1.0328948303644072
0.986942183392852
1.0
0.8531564092372044
1.0
0.9137644151700997
0.7482111827992668
1.2653450229265815
0.2679810621932486
0.2837400954900744
0.14606875438152933
0.006482982242003388
0.09405587632286228
0.1000299679314729
0.08871172017155793
0.2686287686319977
0.2215971035640214
0.19448787022166591
0.2141065383808214
1.1765866059221253e-10
0.22817542896159182
0.022256925108511183
0.033341874217914125
0.23403222740026308
0.7777380079163798
0.025306402216479285
0.4643289431131947
0.022775761994831
0.13678709241068887
0.23109911854631093
0.2415781935396062
1.3059078301951939
1.147029168695985
0.8732776990237987
0.6899012399687532
1.0
1.1701780029201565
0.14922724880810456
0.2125585827585894
0.4025871343372742
0.2553900838416272
0.07594204073227928
1.8823931133417062
1.799181923736243
0.3852945598185604
0.21888618022978612
0.1964497370375815
0.1926958845309732
1.058928500441425e-10
0.20313219355458045
0.023365420019452188
0.006604464056096049
1.959270977046323
0.7047724235458759
0.5954176114213254
0.6342951811912876
0.03417689503641519
0.07874261303913066
1.9774188472046816
0.07086835173521777
0.15104401104900234
0.38786742928770934
0.23744527953069294
0.11989147467511962
0.031821552064053904
0.7665995119552829
0.36865372185968237
2.023469236185491
0.17887768743305799
0.41898945952911504
0.1960743517869208
0.17342629606728655
9.530354283526776e-11
0.1804824321971772
0.021689324423117995
0.20187111535511804
0.6182366636302241
0.5742833525758009
0.04572030201020816
0.04867711545679576
0.09715286701533188
0.372825214312007
0.22441420889182595
0.08822897784500228
0.05015505888259675
0.3355426928808054
2.23122380918055
0.30198842359272504
0.20171160411011257
0.1110844824140127
0.048020554337877996
1.6959236825581465
0.1713403720080766
0.3966979487548956
0.1938095462149576
0.15608366645102745
8.57731663472805e-11
0.16026525653514767
0.2810661333806408
1.7470404799574233
0.039707503516318354
0.1711518029694865
0.03573675316468794
0.11986033745658276
0.6138413325247818
0.5214270475192428
0.04601598335486656
0.02907861132132261
0.6974102267088078
0.026170750189189462
0.018613558653015616
0.2919607416444645
0.17043199545769916
0.09258570965868884
0.15338879591192978
0.09517397873882416
0.08584895080290167
1.0
0.9135313384023451
2.485417410931217
0.37640910850090137
0.1900369582385646
0.14047529979734752
7.719580530363146e-11
0.3113983532092739
0.04414911159387458
0.04649017045844772
0.3116454890290079
0.04184115341260153
1.88655167895719
0.47388594110280735
0.7562650025181057
0.4264973469925266
2.4327649430415086
0.025415031035572966
0.04594827695215997
0.2951467466169806
0.1285325184468551
0.09424147594523191
1.6871888071546284
0.573636463468989
0.4800587816259707
0.3577718934746681
0.18508079239444308
0.126427769809893
6.947620256880782e-11
0.2758436067289587
0.04856733282159453
0.2263122059670586
0.8832934007294782
0.14057111798912203
0.2927573185781398
0.02746835562723149
0.0708681239186415
0.27848532379996804
0.10625511900764728
0.2535362090661728
0.19964668663116392
0.5642786952846865
0.467830092810841
0.3405027833666452
0.17921549013598792
0.11378499282195609
6.252853790300605e-11
0.24340251277390124
0.0663418201361381
0.11535164529740527
0.8090211724554415
2.7373453487644603
0.2662284222830493
0.03180833245637338
2.087933570124626
0.26126230332073597
0.0702759862002651
0.2082179194964393
0.23610988749651796
0.5546338350373015
0.4550973618664216
0.3243740540435791
0.17267244040458474
0.10240649353350739
0.34327321687523504
0.09216584418015672
5.627565080601471e-11
0.21242807948289766
0.07124280265226446
0.022914363522122727
0.454384520333452
0.45614711515277406
0.24278641330038297
0.18016585780172711
0.3265494312513084
0.24216367160869012
0.04242659563059448
0.1637851387971434
0.26796228225059515
0.5446801877202132
0.44202503108413715
0.3092038926796805
0.17486243013549263
0.6464883547973326
0.0914049953451963
0.2957697464252611
0.15737618712194346
0.08294925975651335
5.0648041316492254e-11
0.18406099126938003
0.06640995873924993
0.024815524863434746
0.45456077981538456
0.4348110449675353
0.20049118619017214
0.1294943288964241
0.3181108552870473
2.5794493800548715
0.28629976975834204
2.2218045832618465
2.133415040212549
0.12061039669237061
0.29563407279755793
0.5344146720566059
0.4583198918862177
0.28193039049492885
2.5975771380297936
0.074654333775797
4.558320387815229e-11
1.6950497863081253
0.05728741037897933
0.06779005035862795
0.45258580633059964
2.552706629900044
0.167492634681512
0.056103833502241685
0.03548933445632407
0.2310289183158094
0.22308588653983819
1.8403597404366252
0.31951213272346024
1.8948488334993465
0.4406809417470896
0.006020362357543441
0.4171566415659598
0.06718890039365899
4.102485018364632e-11
0.3227901338614281
0.04477966430521718
0.10626962595582512
0.15205656270753565
0.683398985547953
0.14513298786313733
0.046944516706386
0.055043292842272606
0.23023461513821175
0.016741323842191846
0.13700123757263327
0.09807603610117965
0.7603581715642109
0.39601081133662586
0.036297338034806614
0.3821598674487299
0.060470010350190506
3.6922354063051444e-11
0.28603315404476604
0.02967473527911224
2.259726523423982
0.20519080499157738
0.6295723857794719
2.3209773450269964
0.03674573575151996
0.07256242507186705
0.20888528600860923
0.0666390068819247
0.18799675740774902
0.028767315215237232
0.1331087174254879
0.16430424964748092
0.7239234355414528
0.14620788914002247
0.6515310919873079
0.3600394640064435
0.07088359097619978
0.3499908817388757
0.05442300931147925
2.4210532268338154
0.048980708380331306
3.323008535005556e-11
0.25446236511237785
0.25267991409360135
0.35734005247255496
2.0390058157978217
0.3345174126988262
0.3543483983337321
0.02581491966918037
0.10499438690631457
0.17207381318849713
0.03920145543626319
0.1362282706476865
1.6765944612039618
0.6223819291892214
2.5868819074744698
0.09879432005246791
0.325332165334169
0.4852833798355878
0.2927989488007521
0.044082637538975344
2.9907076815050004e-11
0.2037481371917771
0.1916779174369836
0.11770546564551765
0.4849812859200284
0.33650051126231517
2.1243144503576694
0.0881169946780993
0.528763511569208
0.012733989011630698
0.1117023295345323
0.15878657741327373
0.11186082099468386
0.14290791967194671
0.0489041369574057
0.045054002537478155
0.5153169164749283
0.3014555455228525
0.599691499456112
0.15072799946071314
0.26792731767457445
0.039674373782086825
2.6916358031314758e-11
0.16420553172889996
0.16073957912873382
0.15443304767296695
0.4701332084542571
0.14329536625723804
0.4746137615111259
0.0002903571570147534
0.1307015462896004
0.13350754140049226
1.9557435479903855
1.692452188703795
1.5604667067310594
0.3312791409161786
0.5547951494565719
0.16244793128209967
0.24510202328532582
0.035706936401186606
2.4224733330413528e-11
0.32201891167155594
0.131711020643138
0.12922231644856552
0.1860030637510981
0.43744942423455413
0.17642720578262683
0.42712334964431165
2.5899260971191502
0.13098214580069012
0.07541756753859552
1.7601691931913468
1.5232069698334154
0.7226820520736652
1.0
0.09465328548372298
0.0988981431554814
0.36698773317888556
0.4449453060014701
0.17071334048242193
0.22416251459691194
0.03213624275864557
2.1802226690681437e-11
0.105617686933968
0.09769977842859845
0.2111476997994437
0.4113472023893614
0.20149682016879567
0.12541840496796475
0.284899657479631
0.11034217446676209
0.305362920284157
0.09930795702008588
0.21109947921032735
0.5284502166631597
0.1308135807191757
0.024705600198462463
0.09507777125089767
0.1240347614879207
1.0039112153394099
0.998011056013385
0.9332575070887863
0.9803236628060521
1.028609843182064
1.0
1.0
0.9710913308339375
1.0
1.015797993925875
1.1652147474167052
0.8844649134877782
1.0
0.9282445591838018
1.0032670861512836
1.0
0.9161731245607765
0.02821563262683391
0.6414954075121688
0.5773458667609521
0.4175221094495649
0.17605825789387186
0.20495988741308535
0.5602501110290934
0.18446389867177704
0.02892261848060107
1.9621970714922554e-11
0.3135498912621095
0.08528594039771065
0.06681503060579175
0.017734210151193253
0.06013352754521151
2.1364168040157416
0.3903621641673034
0.19388897864871169
0.14136653021913226
2.665559206749503
0.12722987719721957
0.27737470488035143
0.06826721339704456
0.2227827821828381
0.12616709337157417
1.6454351288146718
0.031742817303705095
0.09797347027460113
0.11048206274634609
0.06714628030910674
0.4778590691399005
0.39337572429399614
0.19739481071296971
0.16890977065265966
0.0260303566305784
1.7659762541200053e-11
0.06406249054283819
0.2677618551922656
1.9227751236141657
0.37071484561544565
0.2013597215254741
0.14224435996553275
0.25646395573202163
0.03916221383905594
0.1878877946273967
0.10005103130222004
0.3932259136604088
0.09004592817199786
1.0
0.19237103894486474
1.0
0.6845037431007768
0.8578324836500979
0.038365882600794876
0.09922432952177651
0.09271922844080116
0.09976922470759586
0.3737776329358935
0.19454630670693884
0.15462182925045154
0.023427320965754506
0.6221324731416886
0.021084588869179077
2.1366078023781347
2.775688464952251
0.498119618457026
0.2965449764774861
1.5893730775928816e-11
0.030880055969326747
0.43326318203445524
0.7131945437997018
0.1981829343672814
0.6418750894197309
2.0916040472961335
0.19544818536947872
2.3839266049721086
0.23473378154272417
0.4362806973707105
0.21126040338845087
0.01645721299241032
0.15008931921723345
0.07714437988227552
0.15726523064989273
0.6831053641444438
0.3536307417702176
0.5894316992187454
0.19055385896129007
0.10430351153857664
0.2668904788281481
1.4304335493875442e-11
0.015534267831050386
0.25442990050906644
0.0855980573920263
0.22898691045816122
1.7264854530908025
0.20608821941234368
0.3685271757481452
0.582484556473009
2.6070265242141275
0.4366583985325114
0.19178008434884575
0.00019744022855405774
0.12736594930728273
0.08515646495903795
0.20984924399934712
0.5731651757905158
0.1888643195994124
2.2848057560814965
0.16997788763947064
0.650157901907022
0.37721083751507045
0.5495439151929995
0.16106812191130349
0.06718411250190437
0.5378758873796246
2.4840882986416624
2.5046512021418867
0.2541860819276982
0.49066655115809144
1.287392414894839e-11
0.29866432404378074
0.08293134408590319
0.14862667989629585
0.3899229138206337
0.2635334484042957
0.2418791986099862
0.41217056711414557
0.17258233189110506
0.01291429113642728
0.10611370788065067
0.13350996358695788
0.21799588906622702
0.6228631954678256
0.3944441452828631
0.5106963358648295
0.6086095766459492
0.4596267022783467
0.1101659313941834
0.013455336485927116
0.44159989604099503
1.1586509529593059e-11
0.08950087766694281
0.09477172052460503
0.37728396727900204
0.26136802342486476
0.2589083354604007
0.3882117435918424
0.15403266958835182
0.022234232810850685
0.08215134073388874
0.14195855613488462
0.25848261970638653
0.6000212904493303
0.4520320345688944
0.4026474389110941
0.10049487190335782
2.2343339351289035
0.3974399064357368
1.0427880781094245e-11
0.0900279619527069
0.04756615174424539
1.9993962736961954
0.2611220546284194
0.27183867627354275
0.3647938361914935
0.13640597934843157
0.02822594360315378
0.059740351047011586
0.006051455827932983
0.05376631594231007
0.15361096249203499
1.7961639889978347
0.585222364861286
0.4470935750031142
0.26151880394955107
0.2814429522590558
0.5714094858754688
0.40238421750280295
0.275605345304875
0.3621457957525225
0.3523332078296493
0.31387877822591204
2.0109005416160133
2.36173810909841
9.385048294063836e-12
0.0857817809318604
0.24274916393943968
0.591744205726048
0.26219371679293246
0.2811341922653412
0.3419550505071882
0.11994278705327233
0.036754015941770746
0.0330285880988761
0.04136653265695145
0.5879160707541402
0.5907215386134546
0.361164536960235
2.6692093538832626
0.483580954564923
0.3373200156930376
1.2871727626008589
4.440892098500626e-16
0.10147851923262152
0.1592998269728909
0.5587891568327379
0.2640877643401751
0.28721627808952377
2.3399129040686137
0.10427310675376766
0.03638147315747986
0.03386238255468399
0.02156172768415665
0.5881966175400724
0.5677658384481328
0.05812714787588469
0.3261885588332536
0.052314433088295864
0.5042748491559284
0.4014908575391267
0.2972943028622739
1.0
0.593869726700023
8.446576771348191e-12
0.1072606500066513
0.08749092859232732
0.5293190175834823
0.26640061571511
0.09856266054440255
0.2397605541435972
0.024503359873708774
0.4828718758499697
0.02205302388633612
0.5641724252440348
0.09020764876264309
0.03612956409719992
0.02831997153080046
0.07822521666974858
0.5861535396308781
1.9196910292605551
0.09751047469505902
0.4136982784864225
0.3316123414989871
0.25606935498946015
0.5344827540291761
7.601919094213372e-12
0.10528367786521997
0.02580993397474529
1.9674418843408006
0.22044013710524624
0.13472646361484308
0.19839612339472268
0.07626496402210492
0.516775947595896
0.07757392747665826
0.03534860484056068
0.01766545271074449
0.129018048965861
0.2670168507053674
0.1161162440692749
0.3355690827417348
0.7237535630952996
0.12912925507419537
0.3391672164878816
0.5280024529079599
0.3052504948390933
0.2728441718501422
0.2839106948934318
0.4810344786254981
6.841749389252527e-12
0.09733630347617606
0.21997312901135047
0.050525972796389595
0.19797581611021542
0.7656310472950807
0.18618300745746197
0.12031606237948367
0.47285574558397236
0.06628167424493725
0.03358028962757942
0.00861452186384426
0.13806152793651982
0.3743875307770921
0.6642911322931884
0.18065810069947386
0.24744102817016955
0.21716868517578458
0.3036230732666385
0.432931030762264
6.157518939176043e-12
0.12939756764071575
0.10161512976968368
0.7076862433113185
0.17959631294966272
0.15557003069993414
0.4321983384500676
0.056295477857686294
0.029360808478436695
0.02155922247111164
0.16169412822057616
0.40337789092870224
0.6159278291338168
0.07188082121327
0.09589233666468822
0.42463288474921335
0.5543350462204355
0.18733639344654396
0.20098005683557396
0.5505693656016479
0.1808820511520164
0.16508950933154232
0.3165538690162011
0.3896379276854218
5.541789249718931e-12
0.1266193238536104
0.4126907681344072
0.11395739146825079
0.02068499246158595
0.6548772502751561
0.17719368472468844
0.183232861474945
0.49032838251125455
0.16490957532744943
0.3946080523908311
0.04772984922407275
0.024268805383481862
0.03557271304605791
0.22832579296631117
0.43760310089633414
7.950443366411264e-05
0.39384279080670126
0.5176351809430475
0.2067889649006487
0.14628489510366016
0.11692517149676807
0.323862274883123
0.3506741349163254
4.987565915826053e-12
0.10463015156758715
0.04687123181209074
0.6071088937201097
0.19428855993245975
0.18787942303378813
0.35992023207415613
0.04052998376331729
0.018284653540527884
0.05484802103808306
1.8241046036844377
2.0393127250903724
0.48655055933880753
0.20073855792094975
0.1199638884436176
2.0490559336163763
0.32654346088644326
0.315606721424194
4.488853733164433e-12
0.0894800132296183
0.10289499800289192
0.5658268603413461
0.19364764624259223
0.20508350393782493
0.32798120724307367
0.41277280851995357
0.295183086518767
0.03464852003293295
0.5430070720070894
0.031183668029639122
0.010971386082667678
0.13304724143416813
0.2671169906993889
0.33159415761406663
0.24040529162945035
1.835381452581336
0.45796935919702086
2.3990173209324457
0.1591155888392013
0.4325628230664611
0.0969380937623816
0.16471351259150335
0.3254497869402182
0.2840460492813257
4.039990564308482e-12
0.07024251210636479
0.14918818423673486
0.04760552794572703
0.13426936581306137
0.5286089389314732
0.1947912320121148
0.24689158292022384
2.4010138363198337
0.026968162618409508
0.02317897161781879
1.9875367628598912
0.13322195653579705
0.24539914616897107
0.4333797418272525
0.10825079263696225
0.044451727292894816
0.09176516361772791
1.0
0.07347038312596155
1.52047592457758
0.06612334481336557
0.12717006553042598
0.048742671000301385
0.18078714002637497
0.3213094131743288
0.11900411211492834
0.12129959448347272
0.1948393673411699
0.28917847185689594
0.25564144435278924
3.6359804056473877e-12
0.0348725058907462
0.17370332312490078
0.4952271682395377
0.20000126710292676
0.017898959003783688
0.5150461965669724
0.021953449194787922
0.15885397304228377
0.7404509637886463
0.7885711609627322
1.06151715026156
1.0526939319139714
1.0
1.1011307164219843
1.0
0.8994336822831617
0.9786461928705421
1.0
0.9623215206599518
1.0
1.059931860382978
0.8886204529897164
0.799758407690744
0.7197825669216691
1.0
1.0445104825443323
1.0
0.9919965786563552
1.0499513940427523
0.9121254160090935
1.0396089411947038
0.9802506423141342
1.0
0.9771467412161563
0.9441907293062499
0.9784930512347945
1.0257015541042431
1.0
0.9911328380948099
1.0000166230309073
0.9292501363973802
0.9924089463851438
0.9736787168655763
1.0
1.086656359709293
1.2141861746019185
1.0
1.0261314409593503
0.9604007026138213
0.9731831565514959
1.0
1.0667643305351895
0.9854769148940719
1.0626576879354772
1.0
1.0
0.9078817126409398
1.0010255832993948
0.9627631340061882
1.0081967723644283
0.9622800740860455
0.9832139015217383
0.9617567742726632
1.0
1.016380776435975
1.026336983318128
1.0
0.9920212165884195
1.088781475725618
0.9355660173961571
0.9992442836633817
1.0
1.0
0.9349931271794691
0.841493814461522
1.023518296863415
0.961678948007588
0.975864840896346
1.0
1.0094338096478896
0.9436110524554042
1.0247737837342488
1.067755917699495
1.0
0.9983370911040659
0.9671544099072982
0.9894992097259543
0.9768348975295886
1.0
1.0946093194468673
0.9207047735547516
1.0418275137085704
1.0333132087025891
0.8813023626579355
1.0
0.9900523230603184
1.0100107934597986
1.034078804267736
1.0
0.920294942310651
1.120784277550964
0.9202954045595408
1.0
0.9049901582208548
1.0
0.9698807810531971
1.0
1.0339894464101906
1.0979544669111423
0.9348098899236224
1.0
0.9517443138809245
0.9931949921982124
0.9896731228427935
1.0
0.9171960997067856
0.9971993383700735
1.006326171912466
1.0
1.0
0.9952188229843895
0.9693888898891636
0.890549288753359
1.0237247944908514
1.023586921400124
1.0209962523959693
0.9837163918711571
0.9882479650535672
1.0
0.9254164257603854
0.6761119242541973
0.17351479898457356
1.047517507009097
1.0572342436918127
0.19773229134488624
0.04918307092537866
0.10335667584583774
0.04679400377898624
0.10957879187735298
0.00630575316351667
0.2042732777927423
0.28582476910648547
0.23007729991714676
3.272382365082649e-12
0.014014922989179723
0.2058557076363634
0.4657045781258766
0.17821124449225323
2.3952353136089712
0.2497647939307086
0.4369552447625118
0.16039012004302933
0.03539555655329352
0.46573692182975357
0.003872706971081996
0.15027431116439516
0.28154868563325586
0.24114184065253852
0.1730407551178601
0.0546004314174251
0.57275928511228
0.031156724213352582
0.09799033737326557
2.5029965985921017
0.21242842692411568
0.2802500221875519
2.512364454957986
2.9451996397256153e-12
0.007972140073373879
0.2755361191615684
0.40929873229056213
0.14789066369405646
0.07842969308093828
0.4195505003438882
0.011541994842467318
0.16340174861127998
0.27750800113518537
0.3485761036808164
0.15027663646433176
0.05140270770741395
0.5962090763787309
0.2155269734907197
0.158508972827061
0.1939742761416472
0.37961273138357665
0.008459888081448597
0.2192105864504601
0.0009885744729980495
0.45830601542060867
2.6506574712925612e-12
0.03472853798219333
0.28891238047446777
0.3831579254309112
2.5618363348188566
0.11254177380723362
0.3764412508252519
0.026727970219347696
0.17236174746023103
0.12976338722812208
0.032826617208371545
0.9290935644043259
0.2125381216658404
0.34249744705336393
0.029534957918349924
0.1973883852527134
0.04672031856775938
0.41247541387828246
2.3856472353145364e-12
0.060146922231421485
0.2983369349701128
0.08865849940593407
0.40838237749535367
0.1389317215090351
2.338589939644436
0.04129134794343514
0.14214923399139678
1.8150816209502931
0.12245331192796804
0.857438020130477
0.22553405420459338
0.31120119813986236
0.04632030065178672
0.5389632178003323
0.041688270586607956
0.18232157858421782
0.08329582809881142
2.348206152392077
2.1470603073225902e-12
0.0839659235052892
0.3954600886669155
0.07556933115476028
0.27736909141369637
0.12063088721487603
2.3464909390865074
0.10882044460631235
0.5658541878908903
2.489148032187247
2.1836589384989935
0.25309072877563565
1.0
1.290019964045273
1.2242835015295253
1.3186292040335772
0.7452629835060556
0.8098837210921292
1.0
1.0606348284268012
1.0474245387225736
1.0
0.9807815735834868
1.0
0.9660893685939556
1.0
0.9425591273343965
0.7478043102295011
1.0
1.1160684161803953
1.0
0.9977920601949943
0.9948002084473799
1.0854254664682284
0.9559431213237772
0.9248737685276556
0.9859961663662169
1.0237110071817774
0.7394214401372015
1.0233278544997102
1.0172682663434873
0.9841695491893976
0.9894231685482104
1.0
0.9004859756097652
0.6848240061605715
0.1498383070609819
0.1301087020471563
0.08047560437192658
1.0
0.04354015254925869
0.018242018054690057
0.16210835622327124
0.34618670751247116
0.4892357230789601
0.05575160138636903
0.17241900353567718
0.15985436995027724
0.6060484877292085
1.932343174360085e-12
0.09574930718065389
0.26169527099381185
0.12608129541526125
0.6052043613447431
0.04135298135659582
2.161316364469082
0.0208282271794058
0.04969554525382769
0.2742895692182845
1.2059322590083248
0.24686061229645517
0.12184360615016843
0.10905027140524837
0.09758250083390152
0.04101033909980245
0.03262865187154773
0.11127884984969683
0.3288099371147917
0.1391916661870818
0.08326408418232845
0.5454436389560944
1.7390533457728452e-12
0.1603295574557606
0.14429660171018455
0.11234390356196755
0.22291761435290525
0.05295272973926046
2.1723622813123313
0.25334931966784424
0.4744027796120456
0.007374994016622338
0.4269625016508414
0.013775849936083162
0.007389027423030825
0.23435891168182543
0.09875421839462639
0.08838699418133267
0.08807753405396213
0.4518308261905766
2.2058627207455643
0.29445709558835276
0.08133750822000874
0.11694609115014032
0.02039331186848603
0.49089927506031095
1.5651924201165457e-12
0.12340127464106132
0.19533057994368974
0.2648936848965704
0.7324499232390593
0.13787785957476828
2.0360587555501244
2.2367728212569737
0.014586024277976506
2.2541119571400223
2.1821746007852987
0.1675471200048868
0.36281725992146363
0.20908151201312286
0.013127421850178678
0.6965090488599355
1.0
1.2767925735517593
0.22079844235310553
0.0800400971370312
0.07074054135780372
0.08311753125509647
0.040172170376976624
0.04049367166936246
0.06726997115324806
0.5416626643157869
0.32154271913703525
0.10321215084827795
2.179378322732376
0.4418093475541234
1.4086509736443986e-12
0.1305942051713238
0.14930815345966408
0.1651593240830067
0.6454171449576762
0.2914142231801584
1.885489317987746
0.18686061862679182
2.1921635475333616
0.2067226078314981
0.06496203328754824
1.1404227998692296
0.9736194801176943
0.16939701408343844
0.0788229951672843
0.04020432050621636
0.04317130161775129
0.028388702124219733
0.29970966230815943
0.1250468965097875
0.2928547138530435
0.3976284127985701
1.2677636718194663e-12
0.1324656000001596
0.11786140570539771
0.08410167717893913
0.5517340081438924
0.45082173266091985
0.5546786787920848
0.051041797989222815
0.14914957849878085
0.192546550377104
0.15556840853737341
0.14457501315836652
0.07496112770117769
0.04050101861736799
0.041693041668398045
0.5702077059412929
0.25723400642636474
0.08325673547350476
0.3033320837475961
0.3578655715185861
1.1409762024072734e-12
0.131005180570682
0.09766509741696439
0.020518108646655264
0.4514784340634108
0.3502716915156192
0.49410663111395436
0.031022660340422448
0.12283581235230301
0.6820741523786698
0.8288953489829165
1.0
0.6834422726012868
0.12555406636779942
0.12262139907241121
0.07151511679279565
0.04062022092247197
0.09454450809568815
0.08716530555578395
0.39964775909705264
0.2231849322363777
0.4540210617317024
0.07438921839951984
0.04459785355139445
0.3087854325246955
0.32207901436661324
1.0268452754758073e-12
0.1276711722553081
0.08584677681060526
0.026681545624349212
0.3713034215055089
0.26583385925266256
0.44159370196851633
0.015636813071148836
0.26113708513371847
0.01407313176403413
0.2336160634439448
0.012665818587631605
0.10269638437596029
0.19022398652224304
1.6143082679162646
0.10073651982377818
0.10320774748589123
0.8222774147259138
0.09288697273730229
0.06842562720576417
0.4908785343938433
0.07637352673054032
0.10076726822384252
2.282141734945311
0.00925952494378457
0.31011479070888726
0.08294919254256072
0.2791033116379986
0.28987111292984924
9.241496456979803e-13
1.736965917653368
0.07993025369198037
2.2999559160145893
0.30758969342969067
0.19509110313054379
0.34702860988219086
0.175581992817488
0.3931967554293845
0.0011295982912731262
0.08921229122297802
0.31382320351397297
0.33504422079333906
1.6984602012859948
0.19595178274821912
1.8304964657766831
0.4841327502315105
2.319237159478443
0.0615645587100504
0.05058823778528154
0.2801800917671837
0.26088400163677194
8.317790900491673e-13
0.30517834984537373
0.15805836327867695
0.32189829415689175
0.23976341449191807
0.11870411799280234
0.3537641200573187
0.007904590660151811
0.20966537447767486
0.007114131594136097
0.06448311816384411
0.19245539616006369
0.07105339581908154
0.07675571274299564
0.08676862345541281
0.5788207406229233
0.2037957592605153
0.5186642305103186
0.06046692661757369
0.07354742318347185
0.05125088342056383
0.4282610259312465
0.06177497627416351
0.06619268086512431
0.2782504827541423
0.23479560147301193
7.486233855047431e-13
0.25885467853296973
0.3803273712741344
0.23296921067967347
0.11006269753512044
0.21679672626438773
0.3189977130787547
0.19866601985819443
0.09905642778160839
0.31368480619039474
0.2039166612434471
0.07145729418779112
0.31988958027701564
0.012851030251107787
0.03878926673145244
0.18031519612596547
0.05627248496287329
0.06111625020865219
1.462749745882446
0.8255038489902056
0.23528260638549447
0.4790219977484611
0.0622167467332595
0.08739846105402638
0.273904994626029
0.21131604132563586
0.5292495876877474
0.19018443719307232
6.737943536450075e-13
0.16889377509421521
0.05778230438440701
0.30270799169569784
0.17637926570032292
0.03232260674131027
0.2891857252744252
0.015444853899142075
0.016878820445709763
0.16791092500965554
0.21125617955860854
1.798234265613468
1.281458348201081
1.059313799456378
0.8906604609292614
1.1918572851973916
0.908150629516685
1.0
0.9827034162251369
1.0414006322361775
0.96948043173456
1.0
0.9483032146009567
1.0
1.0284525926718597
1.0
0.9974928750202317
0.9269777757801236
1.0038627342494646
1.1632922949054514
1.0
0.8166428503161232
0.6715853099943718
0.02340799348985989
1.2830262203155733
0.10199405557903063
0.004562148873462846
0.05865944723510186
0.13752363209307283
0.4514675549465448
0.10604911441122589
0.28666454301529676
0.17116599347369799
6.064038160502605e-13
0.14622616714635228
0.02173327477639475
0.2900751190961586
0.15550907845615924
0.00017177353973352183
0.27250197036605783
0.00015459618575874856
0.261811638136896
0.015588250553799199
0.011138827785211802
0.7285283552504911
1.2842106266345468
0.17458624981353665
0.11891947958235427
0.9897744765265504
0.9781893769215309
1.0771249146469923
1.0
1.0
1.0
0.9676543628946508
0.9423353161269965
1.0195626186049846
1.0649994214990706
1.0
1.0
0.9753212069145913
1.3020194160919782
0.07585734279474998
0.7664817247297346
2.077597560258761
0.4373414726469411
0.07533982960645869
2.072089820711546
0.2751146880611368
0.15404939412626772
5.45785638905727e-13
0.12943022295407758
0.00944756461085916
0.2766185150321583
0.13992553363799232
0.026042027246507615
0.23718929937858668
0.015143308276940104
0.020172661859700014
0.030448336551680555
0.018155395673730368
0.16901957279041824
0.13747786821419616
0.17239487057594083
0.09225086490847367
0.8882487754119612
0.08302577841762648
0.009971878709626125
0.06654586572089904
0.07862451338911125
2.0562482143523093
0.35883110814890085
0.26300815866765026
0.1386444547135861
4.911626660941693e-13
0.17594032580496233
0.11743195711975574
0.03616465965298943
0.26294921689274275
0.1285371829988442
0.04715675445971357
0.25255619188149936
0.0424410790137415
0.2149847002684222
0.00979617169590341
2.0255879633291407
0.1658654023327948
0.10649059433518282
0.14375976378915034
1.0
0.07572038844682716
0.015629277410752707
0.5699290573332103
0.18089620267223605
1.0
0.4512246610719792
1.900763949455281
0.25057178827224424
0.12478000924217825
4.4209080840573733e-13
0.10930522737307768
0.05884311537696618
0.24950801350335183
2.365526429367886
0.05969544113920833
0.2375142247086437
0.05372589702528785
0.21913539194030918
0.048353307322759775
0.19446584741117157
0.18667959089456865
1.0
0.15273044271423508
0.15992792153303448
0.3313243946019373
0.11567970396214022
0.06971127734322025
0.038268045014163476
1.0
0.13408284344727583
0.4011413083428925
0.29359641955598015
0.5643823869735289
0.23799261036923758
0.11230200831791626
3.979039320256561e-13
0.10425901617346511
0.07790960518960688
0.011995430783773742
0.2705049769914929
0.010795887705395302
0.37737335553182305
0.06296456133160078
0.1563513035805979
0.1598012384457217
0.12829066729647565
0.14886872200270318
0.11546160056682808
0.6666150899835142
0.8620211230924983
0.9126323586222025
1.1426405755240179
0.9258337068388016
0.9184299514267042
0.9791514077766301
1.0
1.0062379400452865
1.0236726919135695
1.0213752014374453
0.9651844562012108
1.0361622380454314
1.0766845007936237
0.9725323885611044
1.0
0.9534728931408605
1.0
1.0256073334046736
1.0
0.9981298609431555
1.0766461836525671
1.0
1.0661458686424172
1.0
0.9197698283346316
0.7643415290530129
1.0
0.9970324646922268
1.0
1.0643668196876153
0.9433389962538339
0.962849501073336
0.9209754044223946
0.9729997095245686
0.9403261311625712
0.9419338440228788
1.0520071977062937
1.021166467177073
1.0
0.9703213509549791
1.020096671846943
1.0171602745754367
1.0
0.9111982266800531
1.0665936844241877
1.0647312260641062
0.9550110909472842
1.0103054116939738
0.9941191355264145
1.0
0.9729119005379978
1.0
1.0276966920748354
0.9776739263561911
0.9987922569076932
1.1140885335767603
0.998112021724312
0.9676749599967458
1.0079518298997332
1.0300667648247401
1.0627765882654998
1.0989652380764934
0.9926358296748674
0.971702646987044
0.9377264516783725
1.0
1.062362504319065
0.9258094321434989
0.9180334528493894
1.0
0.893372246707381
1.025677211249942
1.0
1.0
1.0079814152321145
1.023442942865957
0.8699496017171953
1.015756126913823
0.991392116191685
0.9207801433560743
1.249688731938571
0.8750423262482752
0.9236753156133481
1.0310184347126903
0.9764397039297279
1.0
0.8706852683160857
1.0
0.9439295142129165
0.9981329396913878
1.016599637503937
0.9261778349326129
0.9697323516883678
0.9404869024486029
1.0209141245039568
1.0
1.1590336379513726
1.021379920380964
1.0
0.9939043789500932
1.059097626720341
0.9589207339134962
1.0
1.0137657726451206
1.0442690328999706
1.0
1.020817581514395
1.0
0.9569626722438507
0.9502616804934654
0.9876983016813128
1.0
1.0
1.0210768888796178
1.022694415502972
0.9797857594113406
0.964248852775091
1.077247815637314
1.0
0.9615335112871346
1.0497414337807882
0.9889284715131819
1.0
0.9070089202924603
1.0
0.9427030969760661
1.0074386048894066
1.023371319730762
1.0699339358687716
0.9780011810384206
1.0669675482885843
1.0184035498938098
0.9782320687477153
0.9138969992970907
1.0
0.9026796802190855
1.0
1.1840419255351993
1.068265304585685
1.0695230340735815
1.0
0.8878026828471199
1.0490799374396556
0.9323737907122371
1.0
1.0
1.0950072764575207
1.024241568348943
0.9066027431616384
1.0231094901249467
1.0
0.9069220898532961
1.0
0.9668078067643915
1.0402741495117933
0.9961163789952057
1.0024667045819786
1.0
1.0656377329816795
0.9580481951658353
1.0662294028831525
0.9502307820549962
1.0
0.9880279279750948
1.0
1.030569083042522
0.8845302542368589
1.01331972584161
0.971873888793775
1.0642973002134717
1.055735263018109
0.7257029433786464
0.676188812017287
0.03676514866634051
0.09714060583160311
0.06523070181867574
1.0
0.4349475459536567
0.028850445021622484
1.489948892902274
0.6590459963879525
0.21317479711100962
0.2724640387166053
0.5317434093131004
0.2254235501641051
0.10107180748608502
3.581579477440755e-13
0.10162407507507965
0.06783951282172751
0.02802103661832689
0.24517699418363392
0.02521893295649491
0.3459324761118019
0.07230323555650031
0.12473604937796523
0.11944588781481791
0.09708937950317775
0.6645017894097371
0.02337457321654668
0.08090347506657558
0.0871805285207774
0.8375107653254776
0.07846247566869913
0.6847905860219061
0.5512645796466513
0.07503573780244999
0.49613812168198645
0.331667535553005
0.1546241979717191
0.5011114233982008
0.21298837589630315
0.09096462673744066
3.2229774404868294e-13
0.09824561884974514
0.06637955849703658
0.0572902872720249
0.318569552056271
0.07754651693864645
0.10031785565868745
0.09779236108301781
0.08573275208904185
0.4794678158454708
0.4234390372580563
0.43152103426092303
0.1449197809882481
2.2821112079504573
0.13042780288942346
0.5868140663637487
0.134673216792617
1.8787941048866443
0.4796910630690885
0.030050754452901174
0.43172195676218017
0.283038362200533
0.08905063583472739
0.472299118648011
0.200786000980417
0.3810531329094795
0.18070740088237525
0.08186816406366404
2.901012763345534e-13
0.09505901281447393
0.16018383252503554
0.22093878396502475
0.08555311153302725
0.06547063137453435
0.08341821375044844
0.23725203816316665
0.07507639237540431
0.29446724854451034
0.07982365081064913
0.08050683398451852
0.0794398497658122
0.1682583618907767
0.41590368922259735
0.011812981251807742
0.8071533721991653
2.070217874683829
0.13680391278455417
0.6238753847743981
2.3324009342308143
0.032915660386453105
0.4632185469694896
2.361018559706769
0.07368134765726886
2.611244553918368e-13
0.08354486351717938
0.07477302884966619
0.09701547799231491
0.2730028887711242
0.28990833853264775
0.24570259989401322
0.28548776466878323
0.22113233990461367
0.07989196912803465
0.0645121656094858
0.05467002860015313
0.19302289462395805
0.06802535093505391
0.17372060516156296
0.37313202217515773
0.0700836540932901
0.5818037859883045
0.1701895897832717
0.5236234073894739
0.3282477528738763
0.4757779897814425
0.14673863978587853
0.42820019080329796
2.348349387224621
0.18079483630186388
0.017957473329827778
0.16271535267167714
2.1249167037360923
0.0663132128915156
2.3503421431314564e-13
0.0826676800504309
2.222942620581044
0.16129771305005391
0.20700830282695648
0.07835398877617905
0.0525939461885212
2.126509715996601
0.19366174686292226
0.02448458063910053
1.9779638774248092
1.7409605410336155
0.1736180080217391
0.5040858419379148
0.38582079564496397
0.15054523300050615
0.2858837179689573
0.06604785296909998
0.6334164595996681
0.05968189160234072
2.1149748619109232e-13
0.14789335001271553
0.3154213071270391
0.16586877202774275
0.19414287142187803
0.07577798451741558
0.16531642002999014
0.1137972274367236
0.1487847780269913
1.9138587443969417
0.19799590581574833
0.5342850402725077
0.20666479141335614
0.4922593373086208
0.3622932393805165
0.04690019576127824
0.3260639154424645
0.07481656772939793
0.001173772141344287
1.9989436050727907
0.29345752389821733
0.16407908149735118
0.20634722633740488
0.09668066334627845
0.2805196796581324
0.14767117334761615
0.2506905608751513
0.003898578287777177
0.5760430027999353
0.05371370244208573
1.9029222642075183e-13
0.10156188429873936
0.3004660536171073
0.16869618196715663
0.18230638273143285
0.33739797789039017
0.16407574445829098
0.03679006625997516
0.2835528533619893
1.536763243225849
1.3315517053466692
0.6381431319274355
2.0591837415541523
0.23287754780315417
0.25423937526243634
0.20958979302283787
0.2316248192614232
0.5015230153865922
0.03532988549560301
0.07144890773824386
0.03179689694604271
0.7691611999229728
0.26723482902708007
0.15797311210037002
0.22601136261641397
0.061113020738992496
0.5238100727641504
0.04834233219785844
1.7130741269966165e-13
0.06135909050715327
0.28728906645211083
2.2803222880881187
0.15134717663845976
0.20116259985763563
0.04677178108977387
1.7921435415660927
0.36404019553709865
0.1514118107102398
0.19827834008398426
1.3921981827935248
0.9999999999999982
1.0
1.1983965348120016
0.8747685166974026
1.0907988405113365
1.0294186674836894
0.9999999999999982
0.9388508375053171
0.9342279724594995
1.0827270229228478
0.9301978725715809
1.0674505907649525
1.0
1.0512693754857114
0.9383885510007346
0.9461424379371408
1.0721913867993251
1.0
1.0
1.016721802843147
0.9565998607291313
0.7872916650276629
0.42790497028929586
1.0000000000000018
0.3910076498033064
0.2586146388739401
0.4580833920920977
0.10553332724373554
0.7189685628333837
0.256308657334408
0.1647769371519745
2.189773012648212
0.1073827259415081
0.47626329870752127
0.04350809897805519
1.5420997812043424e-13
0.02649427481122757
0.03052793099809037
0.42963172296206764
0.1160961989888527
2.238286120824693
0.1623803581486758
1.688433971943521
0.27856151419575603
1.7162536317053725
0.16687685080269965
0.6727025722834856
0.24715548531616616
0.0706780578280437
0.4392371022876427
0.1442707832181096
0.4329877787345744
0.17667709462306824
0.38968900086111713
0.039157289080234525
1.3877787807814457e-13
0.020792054230295065
0.07043831019448987
0.398278170564744
0.11934203299249901
0.0020392242783522363
1.8276635005375184
1.0
1.4529783645141752
1.0000000000000018
1.0604439565461767
1.0000000000000018
0.9577325550335267
1.1242551017084406
0.9999999999999982
1.2374914862435062
1.003756590876101
0.13221936947441293
0.5744678973242969
0.07907999960564283
0.6111414338580712
0.21745942295077825
0.6301478635867532
0.2153721310017449
0.019686541816475334
0.4097404703806893
0.21211138285586806
0.354635829683029
0.03524156017219715
1.249000902703301e-13
0.18821140569256656
0.011669017787816927
0.10322229623151458
0.3465161502090197
0.1072039072654114
0.19415298515067647
0.06155064279453981
1.5770373644815976
0.13228614303088548
0.5717732327673435
0.2587282670143747
0.5886702903282526
0.19186626371992332
0.023256159403240773
0.38997756162820707
0.22636382753858442
0.32269640273194566
0.031717404154965045
1.1235457009206584e-13
0.00017988638588306571
0.12755168162926367
0.30114414446157767
0.11589881505393862
0.18089275091506352
0.1773812302166995
0.9999999999999982
0.6958614583036784
0.17623485200453182
0.5404687361920466
0.2917224693457623
0.5489898876674193
0.17500525328825578
0.05992829962573687
0.3736161882192448
0.23599708505792094
2.3992883572007937
0.13205284363496972
0.3598542779031124
0.2123973765521292
2.26571150848837
0.02854566373945744
1.0114131754335176e-13
0.012593270415631963
0.1449109279124947
0.2594398485100271
0.12239820864004969
0.18054159884522747
0.12577504611120816
0.6438987976737636
0.21265824042328418
0.5155941095074184
0.31744921117792657
0.5115914242295041
0.16349755792200327
2.2320366119021067
0.34510858776801445
0.03541351195192011
0.5230242200970299
0.02569109736550157
9.103828801926284e-14
0.02582503616531895
0.15636381997224902
0.22125604279501943
0.12821254766057066
0.28750454094866384
2.2587540868537985
0.17506494357182234
0.048807661732713115
0.600774741948717
1.9368731010034494
0.4957796196744706
0.33686343248308326
0.47678203759875437
0.07605585906040879
0.3849970362424111
0.30705637779602046
0.02043026125297498
0.352289012642685
0.018387235127677926
0.4732909078238774
0.02312198762894213
0.6456992772454053
0.020809788866048118
8.193445921733655e-14
0.03887891454601444
0.16285304225452535
0.03956622493591766
0.0929776214336826
1.941596203321783
0.016150578635429014
0.3580538500163417
1.0
0.48621709939948765
0.4798880009553308
0.3508552929946518
0.4214982479328384
0.029950569530125648
0.3772029703977715
0.2802324896544839
2.3188988348911845
0.4303549946909886
0.018728809979434935
7.37188088351104e-14
0.051276327316863046
0.14261111553548034
0.18481391371537725
2.16633252234384
0.026311840298955502
0.11047976104186574
0.03333546280780908
0.050340905773524014
0.3598262825918166
0.48558418955507143
0.4669847301592629
0.35791958848847116
2.332900453203848
0.010764784462663712
2.4531458795110197
0.009688306016396808
2.085052951375914
0.0203193571999174
0.3388029853555139
0.3891923762198335
0.016855928981484025
6.639133687258436e-14
0.15622344609565886
0.15874882933103862
0.1406011014860944
0.34235207218642216
0.0347286323732483
0.09609823865689648
0.03503600710438093
0.08128944345535061
0.372402073288141
0.48372424361549093
0.4560782159921839
0.08883758431923994
2.099610407883464
0.19978581972283393
0.5780431531810262
0.052167720015477315
2.120889249937618
0.35195873149599866
0.01517033608332885
5.972999872483342e-14
0.151380274792146
0.09230578411884238
0.30464400173045547
0.04086559300161596
2.0215186403419096
0.03966135073947896
0.11040070643862876
0.3835342903208758
0.48095964085315934
1.9583990764454455
0.13000721490103118
0.8016711793708939
2.483489254906093
0.5254556098644718
0.16513797697983268
0.5911267225853072
0.3182798919547314
0.013653302474990081
5.3734794391857577e-14
0.05261080553391295
0.17142571551181973
0.12175058834765551
0.04734972498052059
0.2700930422572476
0.2389308977356457
0.12313318502737403
0.046735286309392166
1.6161419188811053
0.39327682537410524
0.23702376912329903
0.6021933389793315
0.0368393754738392
0.47315513594319647
0.017131998626526368
0.4258396223488763
0.1788915640446085
0.4563962511800419
2.238807642607191
1.9679129972023865
0.287817233006757
0.012287972227485788
0.5908799633821422
0.011059175004737298
4.8405723873656825e-14
0.015605448256742704
2.0414081817268688
0.16273263644581704
0.16057866128436515
0.21818572160375282
0.4233314664306427
0.2027244894593423
0.11549339515557477
0.012613073206068748
0.23582529899368154
0.011351765885461162
0.7510646543107562
1.0264768007353222
1.1293789783527721
0.90560430929769
0.9974957896057539
0.8624554266675588
1.1767400970213018
0.6929156492619875
0.9439231443909186
1.03952487021553
0.986602637916338
1.0
0.8882053693309153
0.9080458545632091
0.24006972605516452
0.3776515197490262
0.1621383880399172
0.33988636777412395
0.27354072610890157
0.5382900675340139
0.056744037902753064
2.058002760998761
2.2530294858199458
0.18687586180131888
0.017410920209294467
1.0
2.061586202669533
0.042717857331193265
0.7894150625431653
0.26137022442930347
0.009953257504258683
4.3520742565306136e-14
0.15403400280031576
0.36072587084164454
0.17090270099784988
0.10634053954917277
0.11193989511205871
0.8938838937029345
1.0
1.0
0.8728331905486648
1.2189178516468147
1.1161251293038177
0.4104097280046872
0.3332518036076024
0.3000156602514128
0.4901354645708871
0.15473064198739728
0.3816421440363307
0.4506325675202767
0.16644718360025745
0.018260555792406485
0.7366105787317796
2.3426692156113855
0.008957931753828419
3.9190872769268026e-14
0.10255801543612009
0.30756301365769545
0.1431783769431476
0.08451249608305034
1.7776984179830286
0.4026939355649777
0.32992818927198364
0.319027640683359
0.42564885391506024
0.10109336338502573
0.38854118638472634
0.4222140291282752
0.15162852081947253
0.09009555808634317
0.42868259929746344
0.4713912424733202
0.008062138578441624
3.530509218307998e-14
0.061545912526739244
0.2624888745976115
0.1204092896405271
0.10170859532355792
1.5999285761847268
0.3954173609356797
1.9543820868294457
0.3296897620065291
1.9681859413008311
0.05212990840805176
0.3919084706590823
0.3951554782973936
0.15452674473254646
0.35563993046765496
0.1454752245461597
0.1239542622074552
1.966592521539388
0.42505833208383237
0.007255924720593887
3.175237850427948e-14
0.029142433814303814
1.9889515497515227
0.20994360522362854
0.2010674037740472
0.04673340357103939
0.2251233454080257
0.4230942131489499
0.1185392202088309
0.2515305934096759
0.17300918098408857
0.1343009406700446
0.13183835752891682
0.22637753406870686
0.34785987325970424
1.5753798294435306
0.5572453192967188
0.09990219167579362
1.7713673471707487
0.0077260705013380004
0.42779716446967875
0.011191381453866
0.38501744802271176
0.33462345987550535
0.14332312831228933
0.11191214956882689
0.1289908154810604
0.0851004161672293
0.6721185489773713
0.38327809134750845
0.006530332248531057
2.853273173286652e-14
0.1603015895523292
0.35574703406028263
0.1412922751828951
0.16895379333586646
0.19524139562613385
0.15205841400227982
0.179989260541646
0.65768881619708
0.7753599681593464
0.21770464216264784
0.5115110065346258
2.0927542832303576
0.7409443631412707
0.07432799779803467
0.37997804920799005
0.3283925082672905
0.1075816923162316
0.00937851965276959
1.837145124283186
2.1813831383814852
2.897515958137178
0.826949015642704
0.3456033154376108
0.005877299023675064
2.5646151868841116e-14
0.10869672719107015
0.23037282961178462
0.09782705447196349
0.3060431031359663
0.15926426839842023
0.07763135649201658
0.14333784155857643
1.8090769025362512
0.1375369769352126
0.42485103168665717
2.2124157623824274
0.38236592851799145
0.2510844775581269
0.19614510242830185
0.6742827266069469
0.26424667857150475
1.7621779892856448
0.10489300293903092
0.3748194951139201
0.3063114266721829
0.09588567111933077
0.10946027855154039
0.7788144456221948
2.270935392184475
0.005289569121305071
2.3092638912203256e-14
0.05744003871117087
0.22286225596891995
1.7994239696279735
0.24517858182666785
0.27190063283694954
0.028344373403260903
0.24471056955325565
1.792200406734267
1.0
1.5231103192250046
1.0
0.5472889836342141
1.0
1.0
0.24581070808512706
0.0758077413992595
0.20450497526215727
0.36923778342200464
0.24559054004514458
0.06774106591760365
0.7935615531687183
0.13188565215651948
0.3679686882697464
0.28526885111689815
0.30009768789924607
0.25674196600520816
2.133966752503606
2.392863132610925
0.288747751402604
0.020632806134166515
0.013959621883593343
0.018569525520749863
0.4738394618415276
0.539253209926795
0.0047606122091723435
2.0761170560490427e-14
0.1527642203054107
0.1689996034049841
0.039042991143585226
1.964861307970775
0.23162482282630137
0.3485857738615614
0.250669853277401
0.08867746478555105
0.2209782560781406
0.3568730590843199
0.2278055926323912
0.14032311464271352
0.7273939630674988
0.15549395576784342
0.385372901154982
0.04654586929458837
0.25595274309685223
0.030671373215477082
0.4803808366500544
0.48580395015503264
0.0042845509882529775
1.865174681370263e-14
0.007239794795552257
0.2886602111476648
1.975971893779871
0.10190754391481249
0.23456773637875727
0.343966312439127
0.21905734483342343
0.19903019948519152
1.738055741980702
2.3207900585318484
0.35149019796894265
0.2345369212823094
0.3163411781720491
0.06748655667481351
0.23342460610871463
0.07564231955893508
0.4809231480005529
0.43765201023835454
0.0038560958894260366
1.6764367671839864e-14
0.02235020579876945
0.06219700065491196
0.00894717770163922
0.11517356316120697
0.24550759398479371
0.33147541567855754
0.21705463029860006
1.9438028031547034
1.5642501677826317
0.46080500578721484
0.7174350733905452
0.8188174737195801
0.7369357263476228
1.2891796575590444
0.11663136208724012
0.012946768388234275
0.0562488271409709
0.08697433810486643
0.036607468103959206
0.30660838384044453
2.237668900575154
2.0213380764206015
0.1807957312214592
1.8372838419006872
0.3464445422893814
0.5020325942352244
0.4765960342243325
0.39427241880346164
0.0034704863004817454
1.509903313490213e-14
0.026334885284381215
0.3610974756755212
0.02370139675594274
0.05508258281925649
0.0034648963846457548
0.22217352372981836
0.003118406746182245
0.12820696624356742
0.2541043761541708
0.32003333714056126
0.0009688869532684663
0.15636884492591285
0.10626290271733829
0.006027208835314823
1.7097194147688999
0.005424487951783519
0.04192651061638841
0.08193765110477713
0.06360755967760667
0.4997144355139156
0.3071653583067828
0.1396865284393094
0.1057543351026462
0.4994889382341352
0.468363672682246
2.2295400118783917
0.0031234376704321054
1.354472090042691e-14
1.6773824115676241
1.1415874704849536
0.19457775651903475
0.05023265485041506
0.1279865182102924
0.04520938936537178
0.01562726269591863
0.14079670723462812
0.26069727225280914
0.2881268921218325
0.01650888275053397
0.13010567016158703
0.09678178212431376
0.0006893880949672138
1.2255289739822928
0.08010464196205902
0.08092498313922292
1.0
0.018621719408233872
0.1603391277951287
0.3193416474371542
0.19857330422618258
0.578458570508046
0.002811093903387407
1.2212453270876722e-14
0.18466418528871031
0.042251176698428594
0.10644180978288276
0.038026059028585024
0.028144207149786382
0.15278676373644728
2.136836391780644
0.13750808736280362
0.2634402342397131
0.26096509118470124
0.027868561491638744
0.10741692493299837
0.08717254272137964
0.12317334668369995
0.1440825276462956
0.08018667607977648
0.07255116741426981
0.012195083743670843
2.50241466775688
0.5162337421015648
0.23656183085436844
0.5208938228475803
0.11652125002611502
0.4688044405628222
0.002529984513047534
1.099120794378905e-14
0.17422549033254242
0.037037873840706226
0.05435927154472964
0.1501013020504942
0.26319271993421367
0.2376554382153948
0.03582339783577382
0.08795797816756057
0.09077262311761203
0.09644775925069915
0.12165560727368785
0.07942312521322492
0.06407654229847637
1.1759335702521412e-05
1.0033211994068072
0.9915357011209247
0.8782721166855678
0.9504104742189483
1.0
1.025573057842509
1.017824660435159
1.0530168223346825
0.976485869752505
0.9411398634294628
1.0
1.0
0.9831843068520962
0.9470258770865163
1.0
1.0418991296713598
0.8848658761668862
1.1257488588638571
0.9946201698401316
1.0264685408675556
1.0
1.1496469158194103
0.9350117402458702
1.0495489049580708
1.1370652558935888
1.1540469836008151
1.0
0.9705151357928425
0.9397998482369081
0.948782967982071
1.0
1.0
0.9851156762023834
0.9710491935311056
0.9023491366841991
1.0122992682826464
1.0876433413638136
1.0
0.8008647334417809
1.0
1.0094555184976217
0.955369426797053
1.0021949930571257
0.9590175061686024
1.0
0.9908129561803927
0.9021783453335708
1.0
0.9236021874750868
1.0
1.0
0.8604261225557845
1.0174491122247122
1.0820909478713858
1.002940377536154
0.9999999999999991
0.9237567073195061
0.11237105027190086
0.3309209962014936
0.3118754741099723
0.4221769949578449
0.002276986061741315
9.880984919163893e-15
0.1605067286833588
0.03877001361110999
1.8101687434568312
0.16141044383886793
0.2606389917623311
0.217472234177432
0.04103685586895267
0.07008491803904349
0.5482894891919745
0.07463742259826134
0.10154773402499728
0.07788846692175078
0.05767006400219721
0.011729802780089393
0.0680418456245615
0.32901644399234176
0.3229056261947596
0.38018699406823453
2.5408018545930595
8.881784197001252e-15
0.14833305717613499
0.14612386209568484
0.2610913933248753
0.1713332986312146
0.2563223160038426
0.1998286963465823
0.04394166208596317
0.0015064060349825326
0.0395474958773665
0.047709771122462996
0.7067797175166941
0.9344096275232818
0.8855857012491057
0.9787957335367548
1.0
0.8731244659385027
1.0634410964939356
1.0227320310541632
0.7735251747592269
1.0
0.6431267102607325
1.0
0.057018906935935476
0.0836041139303223
0.07586662662979471
0.053076037879987936
0.017361007064535805
0.028336016662871444
0.5514881649237404
0.32840536221258354
0.3286337629821068
0.08808810920210508
0.2561294729148713
7.993605777301127e-15
0.11888736524895549
0.10540233655363096
1.6552610084436346
0.1798322003684767
0.2506729540381194
2.012368544738937
2.002598984156254
0.003476500203694499
0.04967682076514279
0.04295660484930863
0.06765777425916752
1.0
0.07358756775481368
0.049504534798442634
1.656349044373128
0.04455408131859784
0.018458508024369102
0.0073381212246745875
0.32842820228953507
0.3045791976041077
0.10489224557338162
0.2512840034599426
0.09440302101604336
0.2305165256233832
7.216449660063518e-15
0.09645839506869791
0.17969820594334251
1.6418530227172958
0.4124136942391132
0.954272812075228
1.0721504687676529
0.43562490473672
0.18691627573544167
0.02436880416041376
0.18917169856652194
0.24097127183787137
0.0018388318931901182
0.04580726664042167
1.3589471397958324
1.2871537522334222
0.9536710022143247
1.2849172045967503
3.0777161957770094
0.4839121315322199
0.42121773507152227
0.05353250567291035
1.1747971542630928
0.38914391780738633
0.24271734697128444
0.2774870631783948
0.1151424420851157
0.1967511696259514
0.6150659570659398
2.4404685067565266
0.10801437147677762
2.3353862689875795
0.10184764208882147
0.44100349995980204
6.439293542825908e-15
0.06884273496749316
0.19885589267462578
0.4107540418365936
0.17066152857793782
0.04084909360102529
0.1943516558936551
0.2166902614647661
1.8095507004052394
0.7683555474606809
0.469258793670841
0.6915199927146123
0.5050927000916801
0.2382241126520448
0.08395308091400899
0.2385826483699498
0.30951251068369334
0.5488990923259696
0.09222534257367832
0.39690314996382137
5.773159728050814e-15
1.7384524887878463
0.13789489922350384
0.16121175380563102
0.12410540930115488
0.3867447905107291
0.15768028508024656
0.05619934983028685
0.19658551645076727
0.04659650617210076
1.0
1.0
0.31009131536785794
0.6728772634523192
0.47840584134771547
0.18706090682260346
0.2858931886870639
0.6534301212418594
2.1683548161403436
0.20600639329543924
0.051699507985613735
0.2456756346013247
0.3334511688479207
0.4847866488360042
0.04331249331992826
0.35721283496743883
0.2111748263690454
0.32149155147069486
5.218048215738236e-15
0.18971809022960073
0.0730203893199679
0.3638383399676819
0.14753219155524988
0.0702379664923356
0.18158661542290488
0.04041564619734217
1.6596047619015017
0.37125162750363927
0.6680013781565215
0.18023580316733323
2.2374006665337003
0.2544531880259848
0.3485847168467293
0.4319767346204104
0.028889194655878025
0.23573247823945742
0.026000275190290356
0.2893423963236248
4.6629367034256575e-15
0.16344424227464316
0.4000765268405111
0.14709981804717742
0.029334516391202214
0.34220772512643904
0.1398027690489556
0.0813728313853943
1.8873012388984272
1.8568064543078364
1.0
1.0
0.6147985612410043
0.4009266025689282
0.11474303468691538
0.3608339423120359
0.6192248206576014
0.08024195440772353
0.5573023385918408
0.061527843802769766
0.2272233917290496
0.26386634090805927
0.3569239186240978
0.3942680081429861
0.05233448730362378
0.219992706664903
0.04710103857326153
0.26040815669126194
4.218847493575595e-15
0.12945638460334052
0.007819707760560846
0.32196722951869106
0.13395977528259806
0.11549457564298748
0.1705189969594052
0.1175741069423406
0.6294947596050005
0.4424032640057778
0.49541932035237934
0.03265272024958854
0.23088768664695003
2.14441034218103
0.3606583275759867
0.3647847599163754
0.06843175038506155
0.2343673410221354
3.774758283725532e-15
0.11729271691906362
0.03923445993637387
1.7158486107689548
0.10901434019003986
0.08689321838274822
0.2149989026068191
0.10676377628045941
2.096087398652415
0.07820389654447268
1.7156230147045228
0.168766172208608
1.618073617795952
0.44770486964043776
0.44261211629218344
0.00629867955993646
0.006642116235845208
0.5236789656553649
0.3610709708100259
0.3351494589632438
0.08502530944876874
0.21093060691992171
3.4416913763379853e-15
0.10948689122079713
0.13627384713415935
0.2760440393257362
0.42813184637536494
0.2484396353931615
0.2912119345435542
0.0844001477584726
0.2620907410891995
0.18823862292456894
0.6435454224073069
1.0367670184970663
1.0430804629547126
1.0
0.811325222986472
1.0
0.9927180201866612
0.7466337812053219
0.8657303573735895
1.0
1.0470215677598205
0.9094361928070107
0.9534833169733794
0.969735437164303
0.9798205275400527
1.0
0.7921397141336257
1.323007694825474
0.9741667623385517
0.9597795009504786
1.0
1.0
0.8767500861046962
1.055325687940595
0.7195944355596744
0.31099339183390917
0.005058091549154042
2.694701745242993
1.4562662560163577
0.4471955943056116
0.39772103670697234
0.006333023227528045
0.046389991953274645
1.9823372045284637
0.21589651592438308
0.7056518866236772
0.3584788196253479
0.310137044011797
0.09761583919588412
2.3217113489749046
3.1086244689504383e-15
0.08491081738529971
1.8233414221299782
0.27892593941712107
0.21705780468782265
0.028045278404924545
0.19535202421904074
0.17079272243439192
0.8720769792562351
1.1513281772785646
1.1362212063706032
2.3902545379476514
0.2060426738245802
0.353157617494098
1.699254027637231
1.0
1.0
1.3106396304147214
0.4422481385457484
2.2615232401612904
0.0010607217094484866
0.08591753903253085
0.670934579923844
0.35364464206399315
0.2888849235302047
0.14431687962119488
2.089540214077414
2.7755575615628914e-15
0.02351717811591314
0.30359592915048594
0.02116546030432076
0.48886580918731326
1.1142305021831476
1.0
0.43997922826858016
0.5350717869156192
0.5568004609073043
0.06935620186812841
0.13813328217124266
0.15012264469271486
0.14791645298096512
0.4058318797184235
0.1331248076828686
0.3519362109782911
0.11981232691458032
0.04152316762361785
1.0
1.0
1.1829984207169595
0.7021244905550539
1.0646985786452632
0.17187100067504524
0.5833618825587052
0.009546403441756723
0.010232327136893815
0.6392055861378587
0.3471686702106149
0.2455647432150645
0.33086374696864684
1.0
0.6309627025331601
2.4424906541753444e-15
0.10144614272420327
0.14002864120585556
0.30608765658321957
0.10930768948484726
0.09502502146560232
0.10367877746076104
0.11274483318226913
0.9754158208482409
0.21302008886341106
0.524071053958659
0.009614995811270788
0.054711464190583925
2.007272340936594
2.2144314096320823
0.1879218941966938
0.24265656811663616
0.5678664322798439
2.220446049250313e-15
0.07729866433119881
0.15663454274359268
0.28640965987338163
0.08887441838980337
1.9566838832599984
1.7056065205570725
0.19901193194886702
0.8991762476497573
0.3379829767852218
0.8092586228847818
0.24412518537293693
0.47070244898166536
0.19318445469506607
2.1738660092255593
0.003182349811085672
2.059302655091786
0.589285987675586
0.5772436078939371
0.14486404796536156
0.16160426807698824
0.5110797890518592
1.9984014443252818e-15
0.33616588513405077
0.05390534362371824
0.2986178973337843
0.04851480926134499
0.16961205445657157
0.26665613572502167
0.11568141177517433
0.024097391694880343
0.6770608327085448
1.1605878406078496
0.8309236778031917
1.0
1.0
1.0
0.8089718252917812
0.9076604313204157
0.6618580999991863
1.0
1.0535006281509638
0.9999999999999982
0.8941180451120605
1.0192075632808315
0.8047062406008543
2.253395001603277
0.3499542258074335
0.7527452791335971
0.04939631081125562
0.6407005700249453
0.20879438033915676
0.11337194795460448
1.8654737056104933
0.5340056519010803
0.11421721636112547
0.09433586236410374
0.4599718101466732
1.7763568394002505e-15
0.02670212288955298
0.17931646258341516
0.22842238097500456
0.22382452094113958
1.798557931152974
0.10170353142817135
0.046018430745462524
0.6151614987454259
1.2327865986335063
0.8999433502228698
1.0
1.0
0.8028506892803833
1.0
1.060071846425437
1.184470697547292
1.0279330366057344
0.980310006386361
1.0
0.9540646617828941
1.0
1.13177897284109
1.1450431434858181
1.063801550855434
1.0
0.9818384747860485
1.0
0.8830801981882921
0.6486357341760076
1.587819684055635
0.9768292664162033
1.0480446682130165
1.0820340794745142
0.952805371291646
0.9225656203523478
1.0
0.9093500387521303
0.8235514110074611
1.1369189842227776
1.0027045577498335
1.0
1.0
0.9833509092935877
1.0510993768118446
1.1073907395359193
0.33004265086424667
0.43194986641220723
0.29703838577782093
0.390233331140049
0.682410382301363
0.10852673673262458
0.5557510749885353
0.17657774750978028
1.8647095843780672
1.6789263350494439
0.49202680834708445
0.09336190848860326
0.038905095113025645
0.41397462913200544
1.5543122344752192e-15
1.723722199184504
0.004371261307277052
1.6187021380376763
0.09613502135989904
0.014853302266594426
0.30635788031404587
0.41945103625618074
0.6250220177444898
0.01724104890027789
0.5625198159700417
0.1532491705582153
0.4825181927387039
0.3453909311966097
0.059437376879222015
1.1281327346332208
1.4951695480676737
0.041944523989176474
0.01587884509946491
2.0209359134060394
0.014290960589518065
0.0394471293311609
0.4764780992027253
0.0801352081284401
0.006382877311477575
0.37257716621880466
1.4432899320127035e-15
1.0
0.16670908170691945
0.128841458894847
0.9099157711357968
1.0
1.423057613544639
1.0
1.0
0.5372446543147902
1.3806227255231356
0.48352018888331116
0.5057412327551205
0.9394248980203521
1.7681781253907474
1.0484307263633283
1.518909089869478
0.4956942257550949
1.45683192423391
0.08503618899724685
0.04400376007133744
0.31766719590825687
0.4962601160020146
0.2780581444551746
0.44663410440181295
0.5215927514288587
0.1861760727762647
0.39972728034517324
0.30490810038902794
0.010698623655322592
1.0
1.0183364417387963
0.008917151597450435
0.533841591620801
0.43684381009529716
0.07275997504674336
0.04300230620221024
0.3353194495969243
1.3322676295501878e-15
1.5680208874367452
0.20694889011894446
0.8929577972401042
0.45748191172787145
0.06864465803277753
0.07213219409038985
0.07137010365503116
0.3801898983578127
0.45412996910451753
0.48805108356359916
2.2234063062417118
0.32926374227175437
0.2733474279845929
0.16471741700022413
0.24601268518613395
0.07294789252249956
1.0451249997882313
0.46744983667875495
0.06978420816228947
0.0722340205416816
0.30178750463723203
1.2212453270876722e-15
0.4695220145732826
0.5834123965419593
1.474928843112238
0.5334667559487798
1.311148731810519
0.057781964315847034
0.10225208312530754
0.21792868405923116
0.09202687481277749
0.38758390543248566
0.45752208055042587
0.21690534458306843
0.4627981983845011
0.24440135672750607
0.2287062059197691
2.3180324442858318
0.205835585327792
0.03885939670857397
0.9873574834772834
0.4276832738271086
0.07002918940022873
0.09518936895123709
0.2716087541735084
1.1102230246251565e-15
0.3108818978668815
0.4856296250357346
0.3275754587547297
0.2755497808310601
0.829628414298206
1.0
0.41859818635836277
0.0747716080701224
0.03257587209045454
0.12158257787474724
0.3945777229442804
0.4334604069536905
0.2414946299632117
0.44095851421880283
0.1765070419299981
0.18136608712415558
0.13370920538544517
0.931390062512266
0.3919178653844204
0.0725452073553301
0.11283130747346437
0.24444787875615726
9.992007221626409e-16
0.23123074557662093
0.5200295039619824
0.8076534521133851
1.234989034956012
0.7795677381728083
0.01716002709393294
0.14888209238169736
0.39846599134522265
0.41426382925464367
0.029651290983148115
0.3728374463291786
0.261441018388771
0.41451336698992236
0.14071972902458185
0.25343830710812476
0.1266477561221233
0.1498585578731948
0.21347729109812796
0.8774428427994811
0.35998059958151174
0.07657381736714264
0.1259929646017337
0.22000309088054149
8.881784197001252e-16
0.1742443035649508
0.28220822193746997
0.03316511005142786
0.7420093675532513
0.6998949616461339
0.0005558151463702643
0.17384048227804882
0.43732951976908474
2.010597582748085
0.2767482532488863
2.1328926835768645
0.09899712472259203
0.11352497297606234
0.27987384626826106
0.8256966184776848
0.02226509775000629
0.7431269566299168
0.3316399213600745
0.08151573209060192
0.13539397722961422
2.313546113410344
7.771561172376096e-16
0.18504069540220058
0.4754854250721223
0.16653662586197981
0.2506708887385827
0.02990418056092281
1.9700497882323091
0.207011539274486
1.7960249099883754
0.22391874132805967
0.21388879341930078
0.18486515732154274
0.19249991407737
0.20018938602715508
0.1925368095173674
0.590432387134836
0.03578415956631176
0.6229877596355458
0.07774491495272606
0.07418509105163018
0.4087688191521952
0.7019782531029319
0.30662750243312775
0.08690355660450333
2.1856452699637923
0.4293573931335215
6.661338147750939e-16
0.3487123241459642
1.5887167800212865
0.20022150767582403
0.1608879964455845
0.19326886127234744
0.1994241283761795
0.2323263672791107
0.5349675643779843
0.0945045195732348
0.5684634751672633
0.0625519143522908
0.025889700031248353
0.4380897625472713
0.662443178035951
0.2846551078502655
0.14035132605232636
0.15200023447534994
0.386421653820169
5.551115123125783e-16
0.3538438809193529
1.0974421282473443
0.3184594928274187
0.3931803477814313
0.40548243235882
0.28661354354467505
0.16411055726368318
0.12547231067379272
0.193884387982731
0.20271435226647228
0.08226982625160062
0.1824429170398254
0.2625904869889979
0.4909212598975099
0.1419004151326373
0.5178723190857664
0.0537077529139367
2.2919322103729396
0.04833697762254374
0.020508246226603077
0.46052510409613845
0.6246643710173823
0.24215446446000666
2.637892860948556
0.17544237640983162
0.3477794884381522
4.440892098500626e-16
0.27436324491657516
0.13515227046993417
0.09353664080813928
0.2130116761150873
0.190457674034743
0.2854235642798493
0.4560191754210212
0.1794976055279509
2.090535770608037
0.0455541044829495
0.06450993201355715
0.4769390307882624
0.5864133803616447
0.04585026808084969
0.17021735373628033
0.19267608761266342
0.01909261281719843
0.3911253102273289
0.17246322712391837
0.17340847885139699
0.3130015395943371
4.440892098500626e-16
0.2604421474719132
0.11228337934212718
0.06288180911581875
0.21075627590705537
0.1999542630592508
0.3024831253939677
2.0167718631564124
0.04750573208564823
0.6898985477399364
2.508641751951524
0.10575284189102874
0.4878864657455999
0.5231870155173954
0.006997183186744138
0.17255775229666526
2.0345241994206176
0.28170138563490354
4.440892098500626e-16
0.24562627065893494
0.09476686049633187
0.03551800061353205
1.9339634699460682
0.21020714929272089
0.07055762653893183
0.6252936315387903
0.12237596000534978
0.5627642683849121
0.02623469589691041
0.37004451777078984
0.308889146620265
0.2886664914183985
0.278000231958238
2.0916056384774855
0.2502002087624149
0.14396620427648443
0.49141652072277964
0.47016859564698077
0.010958310361597334
0.04815044287506254
0.41899034343124253
0.2535312470714133
4.440892098500626e-16
0.23054032964267535
0.08173837438534548
0.22536254754678708
0.4240931365461549
0.1962421970173409
0.18230765387740888
0.5091113111361132
2.2843999120655365
0.4167490247278014
0.23957680831382255
1.8824450746297376
0.21561912748244083
0.1787112359211136
0.3088558772126664
0.16084011232900153
0.4892917282152016
0.42424756711844314
0.005047435037931258
0.0014363642444328306
0.40244443379525974
0.22817812236427182
4.440892098500626e-16
0.2156601341169413
0.05102828219213151
0.16041697913749076
0.40130804259327135
0.19484874270334984
0.21498801960327896
0.2297601888159484
2.0559599208589834
0.4205937158346469
0.22801234955920968
0.7783457861948904
0.2052111146032889
0.19368527391762136
0.4827873121055255
0.3823275539103914
0.004399055109694849
0.038951715559536915
0.3850178026521611
0.2053603101278445
4.440892098500626e-16
0.19919694892446316
1.3030816206340745
0.10424447696441419
0.3806621126042806
0.19686267039334027
0.21646523652454697
0.001188177848455041
0.020144030613726827
0.0010693600636102474
0.5783859354329941
0.4218566906674326
0.20405853053472178
0.2225954777364123
0.47274133628601156
0.3445347040303215
0.5262705695621319
2.4736435126059186
0.007854321154678878
2.385451367990659
0.36705205339972924
0.18482427911506027
4.440892098500626e-16
0.048969091968608325
0.14976747042613425
0.05575381800754542
0.36228216838318517
0.19882292700646076
0.19504446666329933
0.05880101760054934
0.5627330109564372
0.400076874654161
0.20591222525489172
0.24761006359137205
0.21255632179985007
0.5582310170033491
2.4320678996802414
0.34880866640783825
0.1817870978323768
0.31392779976705487
0.3488292759712621
0.16634185120355438
4.440892098500626e-16
0.059048929814359497
0.17181624889736824
0.053144036832922126
0.1292153415827677
0.013950219368474848
0.3459362442455145
0.1984450809721423
2.1186385058805826
0.09322534470747712
0.3932839723450847
0.10919421693613884
0.5464673973262091
0.38066040971423476
0.19147017165813374
0.3425943687428106
0.21008200908853958
0.24410468941221986
2.61166802145439
0.2196942204709984
0.24712379132020068
2.282102263045661
0.07800418882565907
0.31741794738747586
0.3305805334944911
0.14970766608319908
4.440892098500626e-16
0.06075116730790597
0.14324510359354647
0.054676050577114665
0.1148987854876431
0.022038426992924798
0.3311871279181773
0.006065119521377227
0.3648749968041898
0.15292153497514605
0.5641461354392927
0.3293431327773835
0.23545369916800674
0.22243717755591952
0.005798814116387163
0.49521177052212195
0.10194556468184146
0.3187342059981768
0.31249324675336165
2.3768119957279517
4.440892098500626e-16
0.060698324068169995
1.212161618320323
0.05295329708545182
0.29867492707849763
0.041946107249657416
0.3436796506212847
2.1534250510490764
0.3093116855591571
0.2725547254011502
0.2783805170032405
0.1940439950215609
0.5406658351731028
0.3199541894164444
0.23415204700679837
0.1996135783886892
0.044302244347463215
0.45588514993809337
0.12362442881347491
0.31811011007369583
0.2904273943717799
0.28629909906632633
2.0876125484283072
0.3724180990476742
4.440892098500626e-16
0.00980912321723082
0.3627227706532885
0.6155939249633455
0.5362595421369782
0.5540345324670106
0.27300204509561254
0.1308886818430608
0.26994686480507113
0.22870617903671508
2.129603760205889
0.3113739751754796
0.30264972110353305
0.28023657765793075
0.2306982001449871
0.1840824449845666
0.08546053490652739
0.4226590778256316
0.19126763656968038
0.3803931700430683
0.2101801899170166
0.34235385303876154
0.17170290684612954
2.2900145648412344
0.2895657872528288
0.33517628914290665
4.440892098500626e-16
0.03968698532132464
1.0
0.1223327666235221
1.0
0.04113178942870377
0.20948764784492369
0.5259312837298715
2.0222817033979332
0.14479450013926254
0.26582279622823535
0.007124814887545128
0.7907161019013689
2.3004084067589723
2.853067990155523
0.17422025397676322
0.7460254208731936
0.15679822857908654
0.19145509150662043
0.32528875841949834
2.2363888186289262
0.012749936766034864
0.14917004154028568
0.3068659695262701
0.09169970530973792
2.082529734778764
0.29412683744183665
0.06277944394505663
0.12572323869911273
0.5138450297957036
0.26471415369765294
0.301658660228616
4.440892098500626e-16
0.05752488037395054
0.2321242411787452
0.0974025057454746
0.4754983291240755
0.1568973297481584
0.23852803511665854
0.07265927679134698
0.48160365103533387
0.22001678156698112
0.5444452719000825
0.160263914871841
0.20483845819790858
0.08403800486868462
2.02639194724346
0.4889319421858973
0.0128732176310411
0.44003874796730713
0.2684086043507494
0.27149279420575434
0.26720538041765174
0.24434351478517913
4.440892098500626e-16
0.0285599682186799
0.19917156648632073
0.0401124222585203
1.8676033659705453
0.16506040028500735
0.22194115928412828
2.099156704106104
0.45544496408849966
2.092369244239773
2.6222057183299796
0.16472136920444846
2.263387781449625
0.037049003304662875
0.41909719100994636
0.1270049903425292
1.8237527525191144
0.35862252273279704
0.48598270283215594
0.4228757336056512
0.2931513748147676
2.2649191938544044
4.440892098500626e-16
0.0057868147481805465
0.17524316761183556
0.16330478574866092
1.6588386836664561
1.4556230877899416
0.3842155285295412
0.40071804721460325
0.6469046058120398
0.2544665100453045
0.5822141452308358
0.17074847618491873
0.010168627054897073
1.8892410336954928
0.20066354325567204
1.883132319815795
0.7847198449507005
0.03617982675996423
0.36448697287469933
0.2480814962769724
0.47967200590950565
0.4099032977265624
0.037344317947850314
0.4464010826921019
4.440892098500626e-16
0.012316183487818932
0.14138837227578804
0.08361916295056915
0.5410675783262455
0.15265676586093946
0.19807586771895558
1.9653380184842852
0.1782682809470586
0.578004338730322
0.007716043051475552
0.10871460590823823
0.0069444387463271084
0.46626119966792245
0.7026298777796338
0.0038868532035021275
0.3032301259595318
0.1753061460583245
0.47269513509121097
0.37264739974869165
0.07824999442227565
2.0830673827381743
4.440892098500626e-16
0.02522340236661691
0.11888761875314913
0.021150488822886615
0.5022264970797146
0.0997566744082441
0.1026410189793232
0.5187378566775092
2.097148701442782
0.4898980674790945
0.6327555753220206
0.033821180479105095
0.2553764987577445
0.11050601794337034
0.46269036155695886
0.34320765921604934
2.0376853449727776
0.6100677126967091
4.440892098500626e-16
0.034589824005269776
0.1048838079955452
0.031187209767374213
0.4619795148125654
0.020271085495839003
0.4157815633313078
0.0795169050694895
0.21761861455648912
0.07156521456253984
0.04050313141364015
0.25714920086548076
0.2990808019872855
0.5041838182633871
0.5728621358377293
0.055976712306968324
0.2187882470876339
2.19824036749589
0.45074209132286835
0.08758204078824683
0.40566788219058125
0.10511835879716713
0.1268935624731795
0.549060941427038
0.00932649012326836
0.49415484728433423
4.440892098500626e-16
0.04161922240429661
0.09751414817272774
0.11584459660502588
0.3893116189613792
0.060358379964924325
0.010737898185727346
0.26134236097766106
0.3195911036148953
0.5110516500208213
0.5211735934846544
0.07225786578503346
0.022914614370717956
0.252278654107597
0.37561292985123984
0.10729587916476824
0.21852578509699905
0.13154125476748213
0.19667320658729892
0.44473936255590063
4.440892098500626e-16
0.06683626004280896
0.047208714981138655
0.09934719301595862
0.14319129884065873
0.35641629506173444
0.0532487521498588
0.21437398776857108
0.09790697078918598
0.374637006303594
0.5214896631940249
0.3260995407705458
0.04792387693487399
0.016470127730610074
0.2671672352413843
0.3387371582554888
0.5120638443672032
0.4762820207146934
2.732577508552879
0.004604712477114248
0.18761101635379163
0.004144241229402823
0.26461208168196126
0.3487812247825923
0.138086190416721
0.22147982218415896
0.4002654263003107
4.440892098500626e-16
0.05242256278462065
0.10373160359842615
0.19712375253982373
0.29828197438697757
0.04477850201444866
2.5169025222962986
0.2743242275427953
0.35606982686665845
0.5084856620019522
0.1553960677879367
0.33687326399539863
0.030191025274657335
0.2730289959920249
0.327711721346005
0.1464255535934642
0.23935838259577435
0.36023888367027945
4.440892098500626e-16
0.057553466866004044
0.11307081849256306
0.20723957472453947
0.27293162714972397
0.21138960041662358
0.18106786684498388
0.19025064037496264
0.32066251346559405
0.2824987874751823
0.3713114103801871
1.9940135120142521
2.7445670580847175
0.3062050401233236
0.5236275881094645
0.27558453611099054
0.05447482234639445
0.2784972685274223
0.3095831045707511
0.0979118495646949
0.2786247941136759
0.1557188364936959
0.25144643270322486
0.3242149953032514
0.19396751040046611
0.29179349577292646
4.440892098500626e-16
0.06310520202865888
0.12248769411576177
0.7582695203420187
0.11023892470418417
0.2138087799670565
0.20547444035559437
2.0962000838105226
0.1849269963200335
0.13915932499090644
0.31684614086655216
0.2913800497656833
0.13477891814074283
0.39812134797350396
0.5061794508405892
0.25347356473453075
0.07687706696449581
0.3094683315431226
0.2663341983516778
0.16529159611464905
0.2879026385405199
0.26261414619563395
4.440892098500626e-16
1.9100040226543307
0.12059591023047034
2.081619769781163
2.4265077399896064
0.09355877840516058
0.1206642057833811
2.108597785205042
0.3142995317564665
0.27571993660319016
0.16111316112401752
0.4089271582602123
0.48090886222998463
0.2358139149575269
0.10013619342235991
2.1162048639315136
0.2562299381279747
0.17755270035723658
2.0012989189703636
0.2363527315760705
4.440892098500626e-16
0.28312733699626946
0.09962565777069088
0.19697924861706895
0.1749534818268792
0.1580868311315058
0.3104415722411389
0.26425925905527414
0.185894560837637
1.8753170114361986
0.4563993675027387
0.22224614280401056
0.12149791231302842
0.1832824584108419
0.10934812108172487
0.5423983984299277
0.24836221435090078
0.04033246157552384
0.509138954360675
0.21271745841846323
4.440892098500626e-16
0.24485203751957485
0.06996516713191525
0.19477667193805104
0.1732668167573408
0.1733223052424684
0.30582334092255437
0.25642278923350936
2.1040915254191965
0.6492969665510824
0.4329840450328657
0.1769369251841333
0.044173469130559084
0.5129947800220256
0.2194927467582577
0.014614680018096848
0.47949680476645407
0.1914457125766167
4.440892098500626e-16
0.21337031705442655
0.0434909832249204
0.19262568641998
0.1732723656058539
0.186572408810477
0.30088328575365075
0.02037135776823895
0.25511225280728134
0.6276656743992604
0.40737933304799334
0.6984954581416609
0.36664139974319454
2.587670337677638
2.149602053548527
0.48364457669564853
0.19900494008424197
0.06110289249293199
0.29036881054581
0.05499260324363853
0.2668311898155933
0.23492554778689811
0.19071399564947544
0.04949334291927432
0.24509740512596156
0.044544008627346976
0.45069169554747024
0.17230114131895524
4.440892098500626e-16
0.18768418702649114
0.019879316260428936
0.6826551972531476
0.017891384634385332
0.1906903543385674
0.1746023699263155
1.9495361612029818
0.27283209295511135
0.043845447272142124
0.2923675949664801
0.05156964234534733
1.953587321889188
0.6423011802384533
0.07121022600111004
0.1986327141655746
0.2748680188091175
0.4742520125994556
0.18104633123919012
0.08515877731935895
0.4228526401246189
2.3112932279462868
0.08016390515165783
0.3862003499816882
4.440892098500626e-16
0.16513869823435812
0.002966789262913494
0.18908155589733866
0.037811483186612094
0.4202403219206019
0.20339342272525585
1.816945919547269
0.24993342838681443
0.1266610701473425
0.5227196856825955
0.5851920848147198
0.08395247481755597
0.20625624462992853
0.29480641818815023
0.44493144446342914
2.2486090256970757
0.11892816359988423
0.18805808831569726
0.3475803149835195
4.440892098500626e-16
0.14892150733721365
1.3841178629350175
0.1663922519889418
0.1737008946306169
0.5849042245219493
0.2122739785333998
0.06172299456434871
0.5289669255958085
0.5350681238150035
0.09618285179879216
0.2151112619857507
0.30981892081567786
0.17557739744737866
0.408211294776903
0.1258411560714663
0.20401031098247957
0.02659387648306666
0.18360927988423148
0.3128222834851675
4.440892098500626e-16
1.8433130288057278
0.17662927741875478
0.13238293732698736
0.2850243393538321
0.4039196464038639
0.09784038271536133
0.22253119334902394
0.2161299407780639
0.3537436434919421
0.08805634444382449
1.6937417500447367
0.1848742812236246
0.5440992866771559
0.16638685310126178
0.0026540025483328122
0.529577045417728
0.4911795966133816
2.6904446075635615
2.390903325987999
0.29639476847884794
0.19884078718033127
0.3799742809063593
2.258034875175171
0.19653058024432468
0.2815400551366509
4.440892098500626e-16
0.19761180093243524
0.17220464340957875
0.1005549708783704
0.20938015481932482
1.0
0.7521414883600599
0.14948276753630196
0.05056910224827327
0.5257373005372923
0.03107131457638701
0.47316357048356394
0.17301717619568713
0.05815739055533875
0.15571545857611824
0.06791319735741652
0.14014391271850712
0.13802982097504568
0.49331183731542794
0.2866393703489951
0.21695413655293372
0.11617336529820665
0.3974755450929406
0.20503152773355726
0.25338604962298605
4.440892098500626e-16
0.1950710851801496
0.1650396761564572
0.06956145830860194
0.15247272068597795
0.6918756162776845
2.5212763200731967
0.2691486880658758
0.33123071449596253
1.701892356953632
0.3917190330148195
0.1454022791255305
0.0599325464581586
0.13086205121297745
0.47273486818423827
0.13993250354416098
0.17355802260908426
0.47264459061878483
0.27967084696939004
0.20687605942746146
0.14430358327767934
0.37823114335700225
0.10980205650264807
2.0988218508523833
0.20986697992249992
2.2303004199574925
4.440892098500626e-16
0.1920679442777775
0.15549185437167168
0.0473580404091436
0.23822712268497526
0.13146443975071165
0.21440441041647773
0.5799215616394413
0.3801735627471867
0.1650493329101046
0.43945463172022947
0.14329505545065402
0.20346667941005414
0.4533472162538459
0.2723913682151977
0.20061881181248342
0.0421858457996267
0.5712769120987904
0.03414976006549919
0.45107748665643665
4.440892098500626e-16
0.18841033528716622
0.14467847297542136
0.0026409169419174816
0.13497181321088547
0.559946761750215
0.3586611397634787
0.1924898627911169
0.40983867409327246
0.1493122178465942
0.22845473309443243
0.43525163144998125
0.26521411257492566
0.1763383460512724
0.019160429990215277
0.5107342448823609
0.01437296460669435
0.40596973799079317
4.440892098500626e-16
0.18403714905599244
0.12994653398368783
2.0713494467343523
2.083380373412904
0.5398181995515401
0.3420440120662427
0.3894935940184574
0.3078396108596202
2.102779416503761
0.3837860284686041
0.18993359417624234
0.10749852514661562
0.46288128841857024
0.34540742562174387
0.15722646937137874
0.24913442292998766
0.41824787956247533
0.2563265359225593
0.16062055444516687
0.06831781147942984
0.46109811685479496
0.05353264194510432
2.0929751004264663
4.440892098500626e-16
0.1786280875487627
0.09018306408811583
1.8642145020609178
0.19683990158166864
0.5508247418889702
0.11306583696513783
0.4511339021388885
0.32658932999670753
0.1664172647272384
0.26604576859323714
0.4020557451984832
0.24675593777482163
0.15139028014859335
0.10759584201696626
0.42034156936382594
0.16111813229205296
0.5746702742343603
0.05885538219274444
1.9470301560265302
4.440892098500626e-16
0.15174697238507306
0.2597296410012824
1.0
0.6948861480358701
0.24161324378526672
0.18902834112758882
0.23223838561239774
1.7547542477412854
0.1468726434825136
0.4073220437473388
0.13218537913426331
0.43867944492467004
0.31057212346976115
0.17638011511383844
0.2796467662537623
0.38652576445611686
0.23721937201219667
0.147010836335431
0.31382921969951383
0.13230975270188772
0.13887041475165152
0.3621955991982384
0.2157468462621015
0.06912741240643605
2.0622146711657923
0.6454108014336142
4.440892098500626e-16
0.08643798666791369
0.1985490852939833
0.19334934557607042
0.033539122277030486
0.7104300784323918
0.3496781691896018
0.6393870705891516
0.16283478571330257
0.42586871277917915
0.2971529226341687
2.168392631498911
0.2903346660739974
2.457951459874712
0.24142949371471012
0.13296581890686365
0.16120293319630985
0.09817988753562545
0.13132229876050783
0.08836189878206291
0.07659038562404952
1.2229965664841345
4.440892098500626e-16
0.057939279471721505
0.15935924220697473
0.17736832324616358
0.16516692495148533
0.5917318421015665
2.396091855857364
0.4129971337646783
0.05059836722086075
0.43257950998512307
0.01550605347912537
0.6415332205706683
0.23058312623392396
0.1357895303358081
2.1739105341167777
0.08718474746626192
0.05336830958676897
0.7031693779386661
4.440892098500626e-16
0.03620942730385224
0.12568648566166019
1.73376765284981
0.20782341666649273
0.2929494723056756
0.47004707738209106
0.37675725711029706
2.303972251652942
0.39087216433452276
0.07810877018827966
0.6004382111369946
0.2211037666441129
0.09518047610945057
0.38984634666675166
0.07312944176095915
0.0222854591657744
0.6328524401447995
4.440892098500626e-16
0.022022223089393833
0.008030459378460364
0.08984076028421839
0.15015850632264005
0.08085668425579584
0.21633602223041137
0.3106592328133182
0.13123759048966832
0.279593309531986
0.4607180953549097
0.10868430623397352
0.358280923096034
0.3595958249198983
0.13034171428315133
0.5625047666877059
2.3059640538639385
0.04667779383183035
0.35817465617617295
0.06804504350144036
0.08334215726367677
1.2342990916440675
0.5107081943991418
0.7825348377400663
0.04239115827521611
0.019016954842609124
0.19009834947055992
0.017115259358348567
0.009842331013388161
0.0944046180532574
0.253727674241901
0.2977057881142784
2.24955918754533
0.13364396792018063
0.35841241327842077
0.336670413856222
0.1735580195236075
0.644018690548581
2.5796168214937225
0.27565788463254215
0.415403968371967
2.3083669809298906
0.3291616949086995
0.06957475487766462
0.048421967627097384
0.6929971052947264
4.440892098500626e-16
1.8306230114123316
0.01829855971737615
0.11033692367212211
0.1065828330922578
0.09930323130490848
0.08599422665254153
0.08937290817441834
0.2581254856291366
0.04297929054832039
2.0246032687907984
2.184315928697089
2.145244360125094
0.06928007588741458
0.5707626493487084
2.103525159658597
0.44172968818387304
0.28963249300648464
0.1430268734417801
0.25756031875282837
0.3032030009055964
0.05777508262718811
1.8640359765331764
0.6236973947652538
0.05141702256232872
1.4082203523968988
1.0
0.022011016846777975
0.7845671299227274
1.1105979257440055
0.038152042447694545
0.20128012363682402
0.046370010060783784
0.10624816591989017
0.23661086612105464
0.16377896538559256
0.6478637659987356
0.2171042342480778
1.9947241966361968
0.31692297705783723
0.07513505860148051
0.28523067935205404
0.42651996866613473
0.2749719310500147
0.1544802179728837
0.26212458696810526
2.0945580505708215
0.13440602328884932
0.27449327679492797
0.5613276552887285
4.440892098500626e-16
0.18578911227922035
0.05235782564669478
1.9421673034221456
1.8743135429416817
1.9792979389508503
0.05536299301602554
0.31350116628222224
0.1965718829703924
0.08261469224716222
0.6047878128236697
0.004078608840348608
1.7952517769725773
0.29935960828346175
0.009162523977780168
0.26942364745511505
0.411365164904522
0.2629227597423025
0.16524465487240647
0.02645632321421232
1.885102245513739
0.0935160932804715
0.3031767146443083
0.5051948897598555
4.440892098500626e-16
0.1724459836159653
0.11574457063196775
0.3018082379510396
0.1686532254486366
0.01387444174007868
0.5439011706572678
0.18319592565357112
0.7994251570237019
0.28361779920005503
0.3965209243882999
0.2531549492553129
0.1513658217065874
0.1646995336585828
0.65383402702928
0.05384681248799339
0.3233785321558629
0.45467540078387003
4.440892098500626e-16
0.1436269281911713
0.07398928977366737
1.9969128677974233
0.15040045872976648
0.041903119499654196
0.47119146102618537
0.0489173629623032
0.42407231492356523
0.08493381738584382
0.7478444212413375
0.294908111718879
0.3821843268750005
0.5274871466461342
0.3439658941874999
0.24297603650044053
2.1783198021141086
0.08284617758979707
0.5830659430775533
2.134420272880284
0.33650821901866346
0.4092078607054832
4.440892098500626e-16
0.24926257193045487
0.1269524786471834
0.2694298270918658
0.11425723078246364
0.2024305804720079
1.0
1.0
0.5183498519054552
0.13955072480675668
0.12723918514466348
0.3731717016926268
0.0016559935231263978
0.7025507902890915
0.3380323226532411
2.5091350214002706
0.0008464526389850846
0.32930664862250225
0.01625496552306238
0.31131732148176994
1.9209782455922557
0.27111957896697003
0.4230663957255123
0.34377818318734565
0.3682870746349347
4.440892098500626e-16
1.0
0.09774433545172201
0.26628164757604367
0.5171791418341947
0.13831957084054736
0.15183243679945946
0.3356889321710508
1.960208324711898
0.6660989435255065
0.053315588247890844
0.5848650558227195
0.03369247223733751
0.29475048720794383
0.016502263177421206
0.1303944043469185
0.41513757447169564
0.3462290723321044
1.528620442299093
4.440892098500626e-16
0.07281401611184535
0.21441655914273028
0.49430189627964083
0.13967085743643892
0.14839978802602616
0.12570377169279467
0.14613018639270337
0.11313339452351556
0.17021808633661806
0.10609920648275661
0.33139541168183584
0.6048206079977447
0.10647053500537318
0.5297477974641822
0.05979827373439761
0.26692566480489255
0.02789147729437147
0.15886872135939534
0.40824672425773656
0.1587441208689846
0.4843204114013506
4.440892098500626e-16
0.05406033553776268
0.20859925259430057
1.8122606726651291
0.33628476100759386
1.0
0.22988036925050181
0.18793556863501948
0.517143987100102
0.11884186370482652
1.9670064802195135
0.12862882700266454
0.358737931313426
0.5549856006985081
0.14879826125125284
0.48275284509120375
0.08051101284144835
0.24302224605384026
2.1102037121004518
0.18380652164922928
0.3832964639188621
0.19130174992222093
0.43588837026121574
4.440892098500626e-16
1.687651118424423
0.14354471360049104
0.4946066953874322
0.08974297068760961
0.14574039650750592
0.08076867361884865
0.373369729073449
0.1516397374337437
1.833200826540235
0.5143668667537824
0.0747358380282872
2.067262254225458
0.182193719635249
0.44252866186622875
0.09676213616268647
2.073888326571616
0.27039022507584143
0.20375551587619256
0.36409699251919836
0.21576041195612028
0.39229953323509426
4.440892098500626e-16
0.24016994999381325
0.08455472717740875
0.4602626103299272
0.03535483334961853
0.3511967299094785
0.04684431896365382
0.40639324215879036
1.8605360288029118
0.20822721385834697
0.1802524483225394
0.18740449247251156
0.40795200929587416
2.579696573906972
0.24212750540315753
0.26372675415587654
0.21978966354049234
0.3492633344628908
0.23341432408401808
0.04968916062368578
1.9552797554386832
0.3530695799115846
4.440892098500626e-16
0.20769748227668927
0.0300729934266748
0.4107008659619744
0.0033003229762904596
0.31139262502216525
0.0015205628514110003
1.6905200681020904
0.9134925509778533
0.2094592441548464
2.503006156214264
0.1618794978202711
0.24428743027842792
0.25933304509433786
0.2327370306327321
0.14215045788113567
0.4409078252106431
0.1961574375841213
0.39681704268957896
0.3177626219204259
4.440892098500626e-16
0.18656994752790723
0.503342076231803
1.0
1.0
1.0602669982290038
0.5253374633270873
0.16526343995356285
0.01400439251218799
1.9877502415403008
0.21102478261373037
0.5687358358174386
0.03410955318087616
1.8739017405980682
0.17042051337647734
0.4401015769706156
0.8430892202955516
0.06178729588206444
0.3756757163790443
0.17012029106608573
0.24579199176001865
1.9785283433230125
0.2236783733575729
0.2117078988830441
0.3889116006126634
0.2859863597283834
4.440892098500626e-16
0.15013753520942785
0.12929748731131951
0.5152732075537827
0.15669157619701934
0.4504494289569685
0.1093683043417677
0.4804003413031097
0.7526015686777896
0.07459924008225904
0.6773414118100103
0.018040994655953213
0.3551201738477481
0.17768746113547884
0.023359958251717217
0.0579438175162128
0.02102396242654514
0.4768941153162354
1.986716773197478
0.22942826905600544
0.37861907652423543
0.06010692184306077
0.048631790047333645
0.2443473498028288
0.34075716887181207
0.25738772375554486
4.440892098500626e-16
0.2259517303455958
0.12219403295735276
0.42904421618234423
1.6138602054358913
0.06484041782480787
0.4480767291787018
0.09597747568162163
1.7315565094339576
0.05039143977728244
0.5753546052215786
0.6078031711634146
0.01927512219441674
0.337376902576521
2.372695641518458
0.1354260773666116
0.4016266712416048
0.06661097771551283
0.2305330264648644
0.46853056511575186
0.2539883317097269
0.3324202243601855
0.2316489513799902
4.440892098500626e-16
1.0
0.26487660842272476
0.013548703124456551
0.39367130869267086
0.2527044860044043
2.8453236025833597
1.558400858490561
0.45517304735762565
1.0
1.0
0.7184242484418206
0.012183164722603834
0.578599461815763
2.0613751422233086
0.05108530023262681
0.10653231529118301
0.36812510188899594
0.08300318259044737
0.2543327803299533
0.44707634177514954
0.2618315209747717
